Gender,City,Product_Category,Payment_Method,Device_Type,Age,Unit_Price,Quantity,Total sales,Discount sales,Discount_Percentage,Session_Duration_Minutes,Pages_Viewed,Order_Month,Order_DayOfWeek,Is_Returning_Customer
Female,Izmir,Toys,Bank Transfer,Mobile,37,146.1,1,146.1,0.0,0.0,7,8,2,6,1
Female,Eskisehir,Food,Digital Wallet,Desktop,18,140.67,1,140.67,0.0,0.0,20,5,9,1,0
Female,Bursa,Toys,Credit Card,Mobile,27,425.87,2,851.74,0.0,0.0,39,9,8,4,1
Male,Ankara,Sports,Credit Card,Mobile,36,510.92,5,2403.18,151.42,0.06,30,5,7,6,1
Female,Istanbul,Food,Debit Card,Mobile,18,93.12,2,186.24,0.0,0.0,14,9,7,6,0
Female,Bursa,Home & Garden,Credit Card,Desktop,24,524.52,1,524.52,0.0,0.0,6,11,12,0,1
Male,Istanbul,Sports,Bank Transfer,Mobile,44,1072.15,2,1880.11,264.19,0.12,4,15,11,3,1
Female,Antalya,Sports,Debit Card,Mobile,36,221.41,1,164.48,56.93,0.26,12,8,11,6,1
Male,Antalya,Beauty,Cash on Delivery,Mobile,47,139.34,1,139.34,0.0,0.0,4,7,1,4,1
Female,Gaziantep,Fashion,Credit Card,Mobile,21,652.72,1,652.72,0.0,0.0,27,8,7,1,1
Male,Ankara,Sports,Bank Transfer,Desktop,18,694.28,1,694.28,0.0,0.0,9,5,2,0,0
Male,Istanbul,Electronics,Digital Wallet,Desktop,35,2512.78,1,2512.78,0.0,0.0,31,8,8,1,1
Male,Antalya,Food,Credit Card,Tablet,32,20.18,1,20.18,0.0,0.0,22,9,9,1,0
Female,Eskisehir,Food,Debit Card,Mobile,20,115.77,5,578.85,0.0,0.0,19,10,3,0,1
Female,Istanbul,Electronics,Credit Card,Tablet,18,982.15,1,802.96,179.19,0.18,10,15,6,4,0
Male,Istanbul,Food,Debit Card,Desktop,18,65.77,1,58.0,7.77,0.12,21,6,4,0,0
Male,Ankara,Sports,Credit Card,Desktop,27,836.48,2,1672.96,0.0,0.0,32,12,8,6,0
Male,Ankara,Toys,Debit Card,Tablet,48,122.25,5,611.25,0.0,0.0,4,4,6,1,0
Male,Istanbul,Books,Digital Wallet,Mobile,53,52.51,1,49.52,2.99,0.06,9,10,4,5,1
Male,Antalya,Books,Debit Card,Mobile,24,40.43,1,40.43,0.0,0.0,16,7,2,4,1
Female,Izmir,Beauty,Digital Wallet,Mobile,33,71.4,2,121.87,20.93,0.15,9,5,3,0,0
Other,Istanbul,Books,Digital Wallet,Mobile,34,33.65,2,64.33,2.97,0.04,9,11,9,4,1
Male,Istanbul,Home & Garden,Credit Card,Mobile,18,868.08,1,868.08,0.0,0.0,29,6,5,4,1
Male,Ankara,Books,Cash on Delivery,Tablet,33,71.42,3,214.26,0.0,0.0,8,11,1,6,1
Female,Istanbul,Fashion,Cash on Delivery,Tablet,26,626.04,1,626.04,0.0,0.0,12,7,9,1,1
Male,Eskisehir,Toys,Credit Card,Desktop,42,81.15,1,81.15,0.0,0.0,22,16,6,2,1
Female,Kayseri,Books,Credit Card,Mobile,44,38.98,4,155.92,0.0,0.0,4,12,1,1,0
Male,Kayseri,Home & Garden,Digital Wallet,Desktop,18,1300.42,1,1127.97,172.45,0.13,10,7,3,4,1
Male,Bursa,Fashion,Digital Wallet,Tablet,43,191.21,3,573.63,0.0,0.0,11,10,12,3,1
Female,Istanbul,Books,Credit Card,Mobile,39,24.58,2,49.16,0.0,0.0,19,9,3,6,1
Male,Adana,Beauty,Credit Card,Mobile,45,154.16,1,154.16,0.0,0.0,10,3,5,1,1
Male,Eskisehir,Toys,Credit Card,Tablet,31,185.7,5,928.5,0.0,0.0,8,14,8,0,1
Male,Bursa,Toys,Debit Card,Desktop,45,322.85,3,968.55,0.0,0.0,12,6,12,6,0
Other,Istanbul,Beauty,Debit Card,Mobile,34,48.76,2,97.52,0.0,0.0,18,11,4,0,1
Female,Ankara,Sports,Digital Wallet,Desktop,32,285.43,4,1064.08,77.64,0.07,32,14,9,2,1
Female,Bursa,Sports,Credit Card,Mobile,44,442.2,5,2211.0,0.0,0.0,8,6,10,5,1
Female,Kayseri,Electronics,Credit Card,Mobile,36,2456.54,1,2456.54,0.0,0.0,16,6,2,5,0
Male,Eskisehir,Beauty,Credit Card,Desktop,33,122.34,1,122.34,0.0,0.0,16,8,4,3,1
Male,Konya,Food,Digital Wallet,Mobile,35,78.19,1,78.19,0.0,0.0,12,12,1,1,1
Male,Istanbul,Books,Digital Wallet,Mobile,40,81.9,1,81.9,0.0,0.0,11,6,6,2,0
Male,Izmir,Home & Garden,Bank Transfer,Desktop,46,1627.62,4,6510.48,0.0,0.0,9,8,6,1,1
Female,Bursa,Books,Debit Card,Desktop,36,53.02,3,159.06,0.0,0.0,21,3,4,6,1
Male,Istanbul,Books,Digital Wallet,Tablet,37,51.37,1,51.37,0.0,0.0,18,8,1,4,0
Male,Kayseri,Home & Garden,Credit Card,Mobile,46,401.5,2,803.0,0.0,0.0,17,8,8,1,1
Male,Ankara,Beauty,Digital Wallet,Desktop,18,113.03,3,339.09,0.0,0.0,6,10,1,2,0
Female,Izmir,Toys,Credit Card,Mobile,18,127.19,1,116.21,10.98,0.09,27,3,5,2,1
Female,Izmir,Fashion,Credit Card,Mobile,38,324.73,1,247.56,77.17,0.24,5,8,2,4,0
Female,Konya,Toys,Debit Card,Desktop,33,155.52,1,155.52,0.0,0.0,5,5,3,1,1
Male,Ankara,Fashion,Credit Card,Mobile,39,76.2,1,71.67,4.53,0.06,7,5,6,4,1
Male,Kayseri,Beauty,Digital Wallet,Desktop,30,36.21,1,27.89,8.32,0.23,15,7,6,4,1
Female,Izmir,Home & Garden,Digital Wallet,Desktop,40,2138.55,1,1817.03,321.52,0.15,15,2,7,0,1
Male,Kayseri,Books,Credit Card,Desktop,23,72.66,2,145.32,0.0,0.0,7,10,2,4,0
Female,Adana,Electronics,Bank Transfer,Mobile,32,1258.2,5,6291.0,0.0,0.0,17,12,1,4,1
Female,Istanbul,Home & Garden,Credit Card,Desktop,27,228.43,1,160.32,68.11,0.3,26,9,5,2,1
Female,Eskisehir,Books,Debit Card,Mobile,40,29.66,1,29.66,0.0,0.0,20,8,3,6,0
Female,Antalya,Home & Garden,Credit Card,Mobile,50,330.96,4,1323.84,0.0,0.0,14,4,2,1,0
Male,Ankara,Home & Garden,Credit Card,Mobile,36,635.86,1,570.61,65.25,0.1,12,9,10,2,0
Male,Ankara,Food,Credit Card,Mobile,45,36.56,2,65.29,7.83,0.11,27,5,1,6,0
Female,Istanbul,Toys,Debit Card,Mobile,28,196.38,2,392.76,0.0,0.0,9,10,8,4,0
Male,Ankara,Beauty,Credit Card,Tablet,38,51.32,1,51.32,0.0,0.0,7,9,1,4,1
Female,Kayseri,Fashion,Digital Wallet,Mobile,46,245.38,1,180.96,64.42,0.26,10,10,12,0,1
Female,Bursa,Food,Credit Card,Mobile,39,49.84,2,86.01,13.67,0.14,24,10,3,0,1
Female,Istanbul,Fashion,Credit Card,Desktop,38,66.84,4,267.36,0.0,0.0,27,7,1,1,0
Male,Bursa,Beauty,Debit Card,Mobile,35,266.75,1,266.75,0.0,0.0,36,8,2,1,1
Female,Izmir,Beauty,Credit Card,Mobile,37,91.95,5,459.75,0.0,0.0,19,15,2,4,1
Male,Gaziantep,Food,Digital Wallet,Mobile,73,20.29,1,20.29,0.0,0.0,18,14,4,4,1
Male,Adana,Fashion,Credit Card,Tablet,19,260.48,2,520.96,0.0,0.0,20,9,7,0,1
Male,Antalya,Food,Credit Card,Mobile,22,64.1,1,64.1,0.0,0.0,27,10,2,0,0
Male,Eskisehir,Books,Bank Transfer,Mobile,43,78.01,1,65.52,12.49,0.16,20,10,5,2,1
Female,Istanbul,Food,Debit Card,Desktop,32,133.03,1,133.03,0.0,0.0,8,8,1,6,0
Male,Gaziantep,Sports,Digital Wallet,Mobile,18,661.33,1,463.6,197.73,0.3,6,6,8,5,1
Female,Antalya,Books,Digital Wallet,Mobile,18,79.77,5,398.85,0.0,0.0,10,9,10,6,1
Male,Antalya,Sports,Digital Wallet,Mobile,54,52.34,4,209.36,0.0,0.0,12,9,9,5,0
Female,Istanbul,Fashion,Digital Wallet,Desktop,33,53.49,3,160.47,0.0,0.0,2,12,12,4,0
Male,Konya,Books,Digital Wallet,Mobile,22,59.11,2,105.09,13.13,0.11,9,9,12,2,0
Female,Izmir,Books,Bank Transfer,Mobile,42,31.74,4,126.96,0.0,0.0,1,7,12,5,1
Female,Bursa,Fashion,Digital Wallet,Mobile,18,301.67,3,905.01,0.0,0.0,17,4,11,1,0
Male,Istanbul,Books,Digital Wallet,Tablet,24,32.12,4,128.48,0.0,0.0,20,7,3,5,1
Female,Ankara,Toys,Credit Card,Mobile,24,279.51,1,279.51,0.0,0.0,10,5,1,5,1
Male,Istanbul,Sports,Debit Card,Mobile,35,284.05,1,265.1,18.95,0.07,18,8,2,6,0
Female,Antalya,Home & Garden,Bank Transfer,Mobile,31,1235.6,1,1235.6,0.0,0.0,14,9,5,4,1
Female,Istanbul,Fashion,Credit Card,Desktop,40,326.9,2,653.8,0.0,0.0,20,6,2,0,1
Female,Kayseri,Electronics,Bank Transfer,Desktop,42,1518.06,1,1139.43,378.63,0.25,7,10,7,2,1
Female,Bursa,Food,Debit Card,Mobile,38,77.65,1,77.65,0.0,0.0,16,6,11,1,0
Female,Izmir,Toys,Credit Card,Mobile,55,313.64,1,224.5,89.14,0.28,14,10,2,0,1
Female,Eskisehir,Electronics,Bank Transfer,Mobile,24,513.83,5,2569.15,0.0,0.0,14,6,7,1,0
Male,Adana,Fashion,Credit Card,Mobile,25,456.2,2,885.96,26.44,0.03,12,10,5,3,1
Male,Antalya,Sports,Credit Card,Tablet,31,507.45,2,914.12,100.78,0.1,5,7,10,0,0
Male,Ankara,Fashion,Digital Wallet,Mobile,49,220.66,1,220.66,0.0,0.0,17,13,5,6,0
Female,Gaziantep,Home & Garden,Credit Card,Mobile,28,525.16,2,1050.32,0.0,0.0,3,11,11,5,0
Female,Izmir,Sports,Credit Card,Mobile,30,742.16,1,664.8,77.36,0.1,25,4,11,2,1
Male,Adana,Toys,Digital Wallet,Mobile,44,33.31,3,99.93,0.0,0.0,7,14,10,0,1
Female,Gaziantep,Electronics,Credit Card,Mobile,50,1479.04,1,1173.93,305.11,0.21,19,7,3,6,1
Male,Gaziantep,Books,Digital Wallet,Mobile,18,25.07,1,25.07,0.0,0.0,6,7,2,1,1
Male,Izmir,Books,Credit Card,Desktop,48,44.01,1,34.59,9.42,0.21,22,9,8,2,1
Male,Istanbul,Fashion,Bank Transfer,Tablet,40,163.41,4,653.64,0.0,0.0,17,10,9,4,1
Male,Bursa,Food,Digital Wallet,Mobile,47,55.42,1,48.31,7.11,0.13,14,4,11,3,1
Female,Konya,Toys,Debit Card,Desktop,37,377.29,1,288.76,88.53,0.23,9,11,1,1,1
Male,Kayseri,Home & Garden,Debit Card,Desktop,36,1077.56,1,1077.56,0.0,0.0,12,16,8,0,0
Male,Ankara,Food,Credit Card,Desktop,40,118.32,1,118.32,0.0,0.0,16,5,3,5,0
Male,Izmir,Fashion,Bank Transfer,Desktop,32,355.19,1,329.09,26.1,0.07,7,7,6,0,1
Male,Adana,Home & Garden,Digital Wallet,Desktop,28,733.16,1,733.16,0.0,0.0,34,5,6,0,1
Male,Antalya,Food,Credit Card,Mobile,41,99.82,1,99.82,0.0,0.0,22,8,2,3,0
Female,Ankara,Sports,Credit Card,Mobile,33,782.92,1,669.41,113.51,0.14,8,10,5,1,0
Male,Ankara,Home & Garden,Bank Transfer,Mobile,36,569.83,2,1057.55,82.11,0.07,1,10,12,1,1
Male,Bursa,Food,Bank Transfer,Desktop,18,105.26,1,87.97,17.29,0.16,12,6,2,0,0
Female,Istanbul,Books,Debit Card,Mobile,27,127.46,2,235.66,19.26,0.08,9,6,12,4,0
Male,Istanbul,Beauty,Credit Card,Desktop,39,41.11,1,41.11,0.0,0.0,15,12,1,2,1
Female,Ankara,Home & Garden,Debit Card,Mobile,47,520.4,3,1561.2,0.0,0.0,22,10,6,1,1
Female,Antalya,Books,Debit Card,Desktop,49,126.0,1,89.54,36.46,0.29,16,9,2,4,1
Female,Istanbul,Books,Credit Card,Mobile,23,86.96,1,86.96,0.0,0.0,11,7,12,2,1
Male,Istanbul,Home & Garden,Debit Card,Desktop,40,613.96,2,1066.74,161.18,0.13,23,16,6,5,0
Male,Istanbul,Electronics,Debit Card,Desktop,43,3200.17,5,16000.85,0.0,0.0,23,12,12,5,0
Male,Konya,Sports,Debit Card,Mobile,18,889.53,5,4357.11,90.54,0.02,12,12,8,0,0
Male,Adana,Electronics,Bank Transfer,Desktop,37,2004.96,1,2004.96,0.0,0.0,14,9,2,4,0
Female,Antalya,Sports,Credit Card,Desktop,18,118.11,1,118.11,0.0,0.0,45,7,1,3,1
Male,Izmir,Fashion,Digital Wallet,Mobile,42,394.05,2,689.09,99.01,0.13,32,6,9,1,1
Male,Istanbul,Home & Garden,Digital Wallet,Desktop,45,1680.4,1,1680.4,0.0,0.0,11,11,12,6,1
Male,Eskisehir,Home & Garden,Digital Wallet,Desktop,24,897.02,5,4485.1,0.0,0.0,17,7,1,0,1
Male,Ankara,Books,Cash on Delivery,Mobile,41,54.62,3,157.08,6.78,0.04,6,7,9,3,0
Female,Ankara,Toys,Digital Wallet,Desktop,41,78.41,5,392.05,0.0,0.0,8,9,11,5,0
Female,Bursa,Fashion,Cash on Delivery,Mobile,44,331.18,2,662.36,0.0,0.0,7,8,1,4,1
Male,Ankara,Electronics,Cash on Delivery,Mobile,48,475.66,1,475.66,0.0,0.0,4,3,1,1,1
Male,Istanbul,Home & Garden,Credit Card,Mobile,34,614.24,1,614.24,0.0,0.0,10,14,10,0,1
Female,Izmir,Food,Bank Transfer,Mobile,40,55.72,3,151.0,16.16,0.1,11,4,3,6,1
Female,Izmir,Food,Debit Card,Desktop,27,64.27,2,128.54,0.0,0.0,12,12,1,2,1
Male,Istanbul,Fashion,Credit Card,Mobile,33,257.05,2,514.1,0.0,0.0,21,8,10,0,1
Female,Izmir,Food,Debit Card,Desktop,18,43.65,1,43.65,0.0,0.0,24,8,3,6,0
Male,Ankara,Fashion,Debit Card,Mobile,41,112.21,1,112.21,0.0,0.0,24,8,8,0,1
Female,Konya,Books,Credit Card,Desktop,29,120.73,1,88.06,32.67,0.27,15,12,9,2,0
Male,Ankara,Fashion,Digital Wallet,Desktop,54,101.23,5,506.15,0.0,0.0,30,9,2,1,0
Female,Istanbul,Food,Debit Card,Desktop,49,56.65,1,56.65,0.0,0.0,10,9,3,3,0
Male,Antalya,Home & Garden,Credit Card,Mobile,32,1059.3,1,1059.3,0.0,0.0,12,10,12,1,1
Male,Adana,Fashion,Credit Card,Desktop,25,154.06,1,154.06,0.0,0.0,3,13,6,5,1
Male,Istanbul,Beauty,Credit Card,Desktop,25,72.13,3,216.39,0.0,0.0,20,10,1,2,0
Male,Konya,Books,Cash on Delivery,Mobile,51,13.38,1,11.02,2.36,0.18,11,9,1,6,1
Male,Izmir,Sports,Credit Card,Desktop,37,817.46,1,762.23,55.23,0.07,8,5,3,1,1
Female,Ankara,Fashion,Debit Card,Mobile,23,80.77,2,161.54,0.0,0.0,10,16,3,4,1
Male,Eskisehir,Fashion,Credit Card,Desktop,20,229.26,2,458.52,0.0,0.0,8,6,12,4,1
Female,Bursa,Sports,Credit Card,Desktop,37,625.67,2,1251.34,0.0,0.0,12,7,3,5,0
Male,Gaziantep,Books,Credit Card,Mobile,29,62.04,2,114.01,10.07,0.08,9,11,2,6,1
Male,Adana,Fashion,Credit Card,Mobile,31,306.73,3,920.19,0.0,0.0,22,10,12,6,0
Male,Antalya,Toys,Credit Card,Mobile,18,459.97,2,919.94,0.0,0.0,6,15,1,3,1
Female,Istanbul,Beauty,Cash on Delivery,Desktop,26,35.49,2,70.98,0.0,0.0,17,7,6,6,0
Female,Istanbul,Toys,Credit Card,Desktop,27,191.94,4,724.77,42.99,0.06,4,7,8,4,1
Male,Ankara,Toys,Digital Wallet,Desktop,50,130.9,2,261.8,0.0,0.0,10,7,10,4,0
Male,Istanbul,Fashion,Bank Transfer,Tablet,38,196.67,1,196.67,0.0,0.0,11,7,2,3,1
Female,Izmir,Home & Garden,Credit Card,Mobile,37,993.24,1,853.89,139.35,0.14,9,9,2,5,0
Female,Istanbul,Sports,Debit Card,Mobile,34,331.75,2,593.61,69.89,0.11,3,9,5,0,0
Male,Izmir,Sports,Bank Transfer,Mobile,53,326.33,1,326.33,0.0,0.0,20,7,1,4,0
Female,Konya,Home & Garden,Bank Transfer,Mobile,28,174.49,4,697.96,0.0,0.0,11,5,6,5,1
Female,Eskisehir,Sports,Digital Wallet,Desktop,24,150.93,2,301.86,0.0,0.0,10,12,3,4,1
Female,Istanbul,Home & Garden,Credit Card,Mobile,25,204.07,5,1020.35,0.0,0.0,35,9,10,3,1
Female,Konya,Beauty,Credit Card,Mobile,18,52.51,3,157.53,0.0,0.0,37,12,1,6,0
Male,Bursa,Books,Digital Wallet,Mobile,51,115.89,1,115.89,0.0,0.0,35,14,7,1,1
Male,Bursa,Home & Garden,Debit Card,Desktop,33,417.21,1,417.21,0.0,0.0,5,7,2,1,0
Female,Istanbul,Books,Credit Card,Mobile,40,54.93,2,93.44,16.42,0.15,15,10,3,2,0
Male,Izmir,Beauty,Debit Card,Mobile,45,80.24,3,235.93,4.79,0.02,26,6,6,2,1
Male,Ankara,Sports,Digital Wallet,Mobile,33,252.02,2,457.92,46.12,0.09,15,7,1,6,0
Male,Konya,Sports,Credit Card,Mobile,70,282.21,2,564.42,0.0,0.0,23,8,2,2,0
Male,Ankara,Electronics,Credit Card,Tablet,40,654.04,4,2616.16,0.0,0.0,24,15,3,0,1
Female,Izmir,Fashion,Credit Card,Tablet,55,576.24,2,1045.36,107.12,0.09,14,10,2,5,1
Female,Eskisehir,Beauty,Debit Card,Mobile,51,109.42,3,328.26,0.0,0.0,13,10,3,0,0
Female,Ankara,Fashion,Debit Card,Mobile,53,204.22,1,166.56,37.66,0.18,28,10,5,5,1
Male,Adana,Toys,Digital Wallet,Mobile,35,219.57,1,219.57,0.0,0.0,13,8,2,1,1
Female,Istanbul,Beauty,Cash on Delivery,Tablet,50,219.09,1,219.09,0.0,0.0,12,13,5,6,0
Female,Ankara,Toys,Debit Card,Mobile,32,88.12,4,352.48,0.0,0.0,8,5,2,6,0
Male,Gaziantep,Toys,Debit Card,Desktop,23,64.55,3,193.65,0.0,0.0,10,6,1,5,1
Female,Istanbul,Beauty,Debit Card,Mobile,39,85.72,5,428.6,0.0,0.0,16,5,7,4,1
Male,Istanbul,Sports,Debit Card,Mobile,42,1787.15,2,3574.3,0.0,0.0,8,6,11,6,1
Male,Konya,Toys,Credit Card,Mobile,45,140.99,1,119.47,21.52,0.15,16,9,11,0,1
Male,Istanbul,Food,Digital Wallet,Mobile,39,102.74,3,308.22,0.0,0.0,16,15,2,3,0
Female,Bursa,Fashion,Debit Card,Mobile,27,118.65,3,355.95,0.0,0.0,4,7,1,6,0
Male,Istanbul,Toys,Credit Card,Mobile,35,116.06,1,116.06,0.0,0.0,13,6,1,0,1
Female,Bursa,Sports,Credit Card,Desktop,40,476.23,3,1428.69,0.0,0.0,33,10,1,0,0
Female,Istanbul,Electronics,Bank Transfer,Tablet,32,1701.39,1,1701.39,0.0,0.0,45,8,6,4,1
Male,Izmir,Fashion,Bank Transfer,Desktop,41,365.78,1,365.78,0.0,0.0,5,6,2,3,1
Male,Gaziantep,Toys,Digital Wallet,Desktop,52,215.1,4,809.37,51.03,0.06,4,8,9,5,0
Male,Gaziantep,Electronics,Bank Transfer,Mobile,40,1712.74,1,1454.26,258.48,0.15,27,9,7,1,0
Other,Istanbul,Electronics,Credit Card,Desktop,45,1290.72,1,1290.72,0.0,0.0,2,9,8,3,0
Male,Bursa,Home & Garden,Cash on Delivery,Mobile,49,1542.45,3,4627.35,0.0,0.0,8,10,1,0,1
Female,Konya,Electronics,Bank Transfer,Mobile,44,2671.07,4,10492.06,192.22,0.02,34,12,2,3,0
Female,Antalya,Sports,Credit Card,Mobile,26,608.32,5,3041.6,0.0,0.0,7,10,12,5,1
Male,Antalya,Food,Credit Card,Mobile,50,83.59,1,83.59,0.0,0.0,34,12,1,3,1
Female,Adana,Sports,Debit Card,Desktop,43,1255.68,3,3767.04,0.0,0.0,22,9,3,3,0
Female,Izmir,Toys,Cash on Delivery,Mobile,38,226.86,1,226.86,0.0,0.0,23,7,5,5,1
Female,Ankara,Beauty,Credit Card,Mobile,30,221.35,5,1106.75,0.0,0.0,20,6,9,5,0
Female,Istanbul,Fashion,Credit Card,Mobile,35,318.0,1,318.0,0.0,0.0,32,11,5,3,0
Female,Ankara,Fashion,Credit Card,Mobile,18,528.51,1,528.51,0.0,0.0,9,12,8,4,1
Female,Izmir,Beauty,Credit Card,Desktop,18,25.17,5,125.85,0.0,0.0,9,10,7,0,0
Male,Ankara,Toys,Digital Wallet,Mobile,38,202.4,1,202.4,0.0,0.0,15,13,9,5,0
Male,Istanbul,Sports,Credit Card,Desktop,23,440.72,2,881.44,0.0,0.0,12,8,3,4,0
Female,Gaziantep,Fashion,Debit Card,Mobile,19,121.65,4,486.6,0.0,0.0,9,10,4,1,1
Female,Istanbul,Fashion,Credit Card,Mobile,30,36.61,3,109.83,0.0,0.0,17,5,5,2,0
Male,Bursa,Toys,Digital Wallet,Desktop,38,156.28,5,781.4,0.0,0.0,6,7,7,4,1
Male,Gaziantep,Electronics,Debit Card,Tablet,41,1346.88,2,2693.76,0.0,0.0,9,16,1,3,1
Male,Antalya,Home & Garden,Credit Card,Desktop,29,1311.43,1,1225.77,85.66,0.07,25,8,7,6,1
Female,Adana,Electronics,Credit Card,Mobile,29,397.32,3,1136.45,55.51,0.05,5,5,7,5,0
Female,Istanbul,Home & Garden,Credit Card,Mobile,33,752.46,1,752.46,0.0,0.0,6,11,4,1,0
Male,Ankara,Fashion,Cash on Delivery,Desktop,21,461.3,2,922.6,0.0,0.0,13,8,10,0,1
Male,Izmir,Electronics,Digital Wallet,Mobile,42,407.41,3,1222.23,0.0,0.0,4,13,3,0,1
Male,Izmir,Electronics,Digital Wallet,Mobile,36,994.07,1,901.35,92.72,0.09,15,7,3,6,1
Female,Istanbul,Fashion,Credit Card,Mobile,56,79.19,2,148.78,9.6,0.06,22,10,8,4,0
Male,Izmir,Sports,Credit Card,Mobile,22,914.24,1,914.24,0.0,0.0,15,14,4,1,0
Male,Konya,Beauty,Credit Card,Desktop,33,57.96,3,173.88,0.0,0.0,16,7,2,5,0
Female,Istanbul,Electronics,Credit Card,Mobile,18,242.53,2,485.06,0.0,0.0,10,16,7,5,1
Female,Eskisehir,Food,Credit Card,Tablet,35,61.71,2,123.42,0.0,0.0,8,7,1,0,0
Male,Gaziantep,Books,Digital Wallet,Tablet,28,50.77,2,101.54,0.0,0.0,10,14,11,6,1
Male,Adana,Sports,Credit Card,Desktop,35,343.78,3,1031.34,0.0,0.0,37,7,7,1,1
Male,Bursa,Books,Debit Card,Desktop,28,136.05,2,272.1,0.0,0.0,6,16,2,6,1
Female,Adana,Sports,Credit Card,Mobile,47,611.83,5,2968.07,91.08,0.03,4,6,6,3,1
Male,Istanbul,Sports,Credit Card,Desktop,26,323.22,1,323.22,0.0,0.0,3,11,12,6,1
Female,Izmir,Food,Bank Transfer,Mobile,30,54.44,2,104.0,4.88,0.04,7,8,2,4,0
Male,Istanbul,Food,Credit Card,Desktop,24,21.55,1,21.55,0.0,0.0,18,7,6,2,1
Female,Istanbul,Toys,Credit Card,Mobile,41,238.51,1,238.51,0.0,0.0,11,16,1,0,1
Female,Istanbul,Food,Digital Wallet,Mobile,30,94.31,2,188.62,0.0,0.0,11,10,3,3,1
Male,Antalya,Sports,Credit Card,Mobile,39,656.63,1,656.63,0.0,0.0,7,7,1,1,0
Male,Istanbul,Food,Debit Card,Mobile,52,29.21,2,58.42,0.0,0.0,10,10,4,2,1
Female,Kayseri,Electronics,Cash on Delivery,Mobile,60,1252.54,3,3757.62,0.0,0.0,18,11,3,4,1
Female,Istanbul,Toys,Digital Wallet,Desktop,18,138.4,3,415.2,0.0,0.0,15,9,9,4,1
Female,Istanbul,Beauty,Credit Card,Mobile,38,207.5,1,207.5,0.0,0.0,10,6,1,1,1
Male,Antalya,Beauty,Credit Card,Mobile,35,137.06,3,383.14,28.04,0.07,14,13,4,2,1
Female,Istanbul,Sports,Digital Wallet,Mobile,33,637.66,3,1824.72,88.26,0.05,4,6,6,0,0
Female,Izmir,Electronics,Digital Wallet,Mobile,34,1777.91,1,1777.91,0.0,0.0,12,12,9,2,1
Male,Ankara,Books,Cash on Delivery,Mobile,21,37.64,1,37.64,0.0,0.0,21,6,5,6,1
Female,Antalya,Books,Credit Card,Mobile,54,77.03,1,77.03,0.0,0.0,12,13,11,4,1
Female,Istanbul,Fashion,Bank Transfer,Tablet,32,76.15,4,304.6,0.0,0.0,27,6,12,0,1
Female,Izmir,Home & Garden,Credit Card,Mobile,27,287.64,1,217.56,70.08,0.24,8,7,3,2,0
Female,Istanbul,Fashion,Bank Transfer,Desktop,41,628.34,1,628.34,0.0,0.0,8,11,2,2,1
Male,Adana,Toys,Credit Card,Mobile,40,18.87,2,33.41,4.33,0.11,11,10,10,3,0
Male,Izmir,Home & Garden,Bank Transfer,Desktop,20,419.96,5,2099.8,0.0,0.0,30,14,2,2,0
Female,Bursa,Beauty,Credit Card,Mobile,50,85.69,1,85.69,0.0,0.0,14,7,4,2,1
Female,Istanbul,Toys,Credit Card,Tablet,62,318.66,5,1527.36,65.94,0.04,18,9,3,5,1
Male,Antalya,Sports,Credit Card,Mobile,32,174.85,1,174.85,0.0,0.0,29,13,2,3,1
Female,Antalya,Home & Garden,Debit Card,Desktop,47,339.84,4,1281.54,77.82,0.06,17,5,4,4,1
Female,Istanbul,Toys,Cash on Delivery,Desktop,34,63.95,1,49.28,14.67,0.23,7,9,7,3,0
Female,Bursa,Home & Garden,Credit Card,Mobile,40,413.29,2,826.58,0.0,0.0,10,9,7,1,0
Female,Antalya,Toys,Debit Card,Mobile,38,48.93,1,48.93,0.0,0.0,7,9,5,3,1
Female,Gaziantep,Food,Credit Card,Mobile,47,45.81,1,45.81,0.0,0.0,19,8,1,5,0
Female,Bursa,Electronics,Digital Wallet,Mobile,47,4283.78,1,3145.16,1138.62,0.27,14,9,7,5,1
Male,Bursa,Beauty,Credit Card,Desktop,39,201.2,3,603.6,0.0,0.0,9,8,1,3,1
Male,Ankara,Fashion,Credit Card,Desktop,53,90.94,2,166.77,15.11,0.08,6,9,6,3,0
Male,Konya,Toys,Debit Card,Desktop,27,48.28,5,236.76,4.64,0.02,30,6,8,0,0
Male,Gaziantep,Beauty,Credit Card,Mobile,28,329.12,2,613.5,44.74,0.07,11,10,3,1,0
Female,Adana,Electronics,Digital Wallet,Desktop,18,2247.4,2,4494.8,0.0,0.0,28,5,3,4,1
Male,Istanbul,Sports,Credit Card,Desktop,36,440.2,1,440.2,0.0,0.0,7,7,5,0,1
Female,Gaziantep,Home & Garden,Credit Card,Mobile,38,491.41,1,491.41,0.0,0.0,9,9,11,1,0
Female,Bursa,Books,Digital Wallet,Mobile,31,54.59,1,54.59,0.0,0.0,20,9,12,2,1
Female,Bursa,Toys,Credit Card,Mobile,44,113.9,1,113.9,0.0,0.0,17,8,2,2,0
Female,Istanbul,Sports,Debit Card,Tablet,18,117.22,2,234.44,0.0,0.0,17,8,2,4,0
Female,Istanbul,Food,Credit Card,Mobile,58,36.1,3,108.3,0.0,0.0,14,7,6,2,1
Male,Istanbul,Food,Digital Wallet,Mobile,34,70.89,2,141.78,0.0,0.0,16,5,11,1,1
Female,Ankara,Electronics,Credit Card,Mobile,20,2936.17,1,2936.17,0.0,0.0,16,14,11,3,1
Male,Bursa,Toys,Credit Card,Mobile,38,222.64,1,222.64,0.0,0.0,6,12,1,6,0
Female,Istanbul,Electronics,Bank Transfer,Mobile,54,2946.39,5,14731.95,0.0,0.0,17,9,2,3,1
Male,Izmir,Fashion,Digital Wallet,Mobile,38,409.15,2,818.3,0.0,0.0,9,8,3,2,0
Male,Ankara,Electronics,Credit Card,Mobile,30,308.59,1,241.01,67.58,0.22,6,8,11,0,1
Male,Ankara,Beauty,Credit Card,Mobile,46,206.16,5,1030.8,0.0,0.0,9,9,2,5,0
Female,Eskisehir,Home & Garden,Credit Card,Mobile,29,345.33,5,1645.25,81.4,0.05,18,9,5,4,1
Male,Istanbul,Home & Garden,Debit Card,Desktop,18,1266.37,1,1266.37,0.0,0.0,13,12,12,3,1
Female,Adana,Electronics,Credit Card,Mobile,31,3135.28,1,2848.29,286.99,0.09,28,13,5,1,0
Female,Ankara,Beauty,Credit Card,Mobile,43,64.63,2,129.26,0.0,0.0,16,4,3,0,1
Male,Antalya,Books,Debit Card,Mobile,32,55.75,3,167.25,0.0,0.0,3,7,9,0,0
Female,Istanbul,Toys,Bank Transfer,Mobile,46,177.96,4,711.84,0.0,0.0,8,9,6,3,0
Female,Gaziantep,Food,Cash on Delivery,Tablet,34,113.5,2,227.0,0.0,0.0,22,11,4,5,0
Female,Bursa,Toys,Credit Card,Desktop,47,101.84,2,203.68,0.0,0.0,16,11,1,3,1
Male,Eskisehir,Beauty,Cash on Delivery,Mobile,31,134.85,2,236.46,33.24,0.12,10,8,9,5,0
Male,Kayseri,Toys,Credit Card,Desktop,28,105.54,1,105.54,0.0,0.0,5,11,11,1,1
Female,Istanbul,Food,Credit Card,Desktop,32,131.96,1,131.96,0.0,0.0,17,9,5,5,1
Female,Istanbul,Home & Garden,Debit Card,Mobile,18,1373.6,2,2747.2,0.0,0.0,12,7,3,1,1
Female,Gaziantep,Fashion,Credit Card,Mobile,45,224.13,1,176.38,47.75,0.21,12,7,6,5,1
Female,Istanbul,Fashion,Digital Wallet,Mobile,51,197.87,1,197.87,0.0,0.0,30,12,11,5,1
Female,Istanbul,Fashion,Credit Card,Desktop,18,78.94,1,78.94,0.0,0.0,18,8,8,1,1
Female,Istanbul,Home & Garden,Credit Card,Mobile,22,1211.56,1,967.69,243.87,0.2,12,7,7,6,0
Male,Gaziantep,Food,Credit Card,Mobile,48,70.49,2,140.98,0.0,0.0,15,11,9,5,0
Male,Antalya,Home & Garden,Debit Card,Desktop,32,1661.55,4,6365.41,280.79,0.04,15,5,5,5,1
Female,Izmir,Food,Credit Card,Desktop,44,64.95,4,255.07,4.73,0.02,18,7,11,6,1
Female,Ankara,Food,Debit Card,Mobile,25,67.35,1,67.35,0.0,0.0,9,8,1,5,0
Male,Adana,Beauty,Credit Card,Desktop,22,73.85,4,295.4,0.0,0.0,2,8,7,4,0
Male,Istanbul,Home & Garden,Credit Card,Mobile,18,267.28,4,1069.12,0.0,0.0,17,8,2,1,1
Female,Gaziantep,Beauty,Bank Transfer,Tablet,47,36.28,1,36.28,0.0,0.0,32,11,10,0,1
Female,Ankara,Books,Digital Wallet,Mobile,30,63.75,2,127.5,0.0,0.0,33,8,10,1,1
Female,Istanbul,Books,Debit Card,Desktop,46,46.09,4,184.36,0.0,0.0,14,11,1,3,1
Male,Izmir,Electronics,Credit Card,Mobile,56,3155.43,4,12621.72,0.0,0.0,18,15,2,0,0
Male,Konya,Sports,Credit Card,Mobile,24,535.46,2,1011.54,59.38,0.06,21,6,10,4,0
Female,Gaziantep,Home & Garden,Digital Wallet,Mobile,47,1108.71,3,3326.13,0.0,0.0,29,13,12,0,0
Male,Antalya,Toys,Digital Wallet,Mobile,48,129.39,1,129.39,0.0,0.0,17,11,11,0,1
Female,Antalya,Fashion,Credit Card,Mobile,56,380.4,1,329.47,50.93,0.13,1,10,8,5,1
Male,Gaziantep,Fashion,Credit Card,Tablet,18,327.24,1,327.24,0.0,0.0,30,7,3,6,0
Female,Ankara,Toys,Credit Card,Mobile,28,41.2,1,37.5,3.7,0.09,8,13,1,3,1
Male,Adana,Electronics,Debit Card,Mobile,37,4715.42,1,4715.42,0.0,0.0,16,8,1,2,1
Female,Istanbul,Toys,Credit Card,Mobile,32,277.03,3,815.44,15.65,0.02,11,10,3,5,1
Male,Konya,Food,Digital Wallet,Desktop,40,69.81,2,139.62,0.0,0.0,23,6,3,0,1
Male,Istanbul,Toys,Digital Wallet,Mobile,28,198.69,3,596.07,0.0,0.0,8,5,1,1,0
Male,Istanbul,Sports,Credit Card,Mobile,25,239.25,3,717.75,0.0,0.0,17,8,8,5,1
Female,Antalya,Home & Garden,Credit Card,Desktop,34,1003.22,1,1003.22,0.0,0.0,21,7,10,5,0
Female,Istanbul,Toys,Credit Card,Mobile,28,89.35,3,268.05,0.0,0.0,15,7,2,1,1
Female,Ankara,Fashion,Debit Card,Desktop,34,142.21,5,711.05,0.0,0.0,28,7,7,2,1
Female,Istanbul,Home & Garden,Credit Card,Tablet,42,491.29,2,982.58,0.0,0.0,3,7,12,3,1
Male,Ankara,Toys,Credit Card,Desktop,57,236.55,3,709.65,0.0,0.0,11,10,3,3,0
Female,Izmir,Books,Cash on Delivery,Desktop,34,77.07,1,65.6,11.47,0.15,9,6,5,5,1
Female,Bursa,Beauty,Credit Card,Mobile,49,58.54,1,58.54,0.0,0.0,6,10,2,1,1
Male,Istanbul,Beauty,Bank Transfer,Mobile,50,190.05,1,190.05,0.0,0.0,11,11,12,6,1
Female,Ankara,Electronics,Digital Wallet,Desktop,28,1023.9,1,816.84,207.06,0.2,7,11,11,4,1
Female,Ankara,Sports,Digital Wallet,Desktop,29,318.48,3,955.44,0.0,0.0,20,9,11,2,1
Female,Kayseri,Food,Digital Wallet,Desktop,39,183.06,1,183.06,0.0,0.0,49,12,3,4,0
Male,Istanbul,Home & Garden,Debit Card,Mobile,58,1253.13,1,1253.13,0.0,0.0,8,10,9,3,1
Male,Bursa,Beauty,Cash on Delivery,Desktop,28,197.25,1,197.25,0.0,0.0,5,13,3,0,1
Male,Istanbul,Fashion,Credit Card,Desktop,41,202.83,5,965.37,48.78,0.05,22,9,3,5,1
Male,Istanbul,Toys,Debit Card,Desktop,53,147.29,2,294.58,0.0,0.0,10,9,10,4,1
Male,Adana,Toys,Credit Card,Mobile,27,149.08,3,422.96,24.28,0.05,8,8,5,1,0
Male,Ankara,Electronics,Cash on Delivery,Tablet,38,584.53,2,1169.06,0.0,0.0,6,10,1,3,0
Male,Ankara,Food,Debit Card,Desktop,26,103.69,2,207.38,0.0,0.0,30,13,5,0,1
Female,Bursa,Electronics,Digital Wallet,Mobile,52,387.29,1,387.29,0.0,0.0,4,7,1,6,1
Female,Konya,Beauty,Digital Wallet,Desktop,42,88.79,3,266.37,0.0,0.0,10,7,1,4,1
Male,Istanbul,Fashion,Bank Transfer,Mobile,37,114.14,2,228.28,0.0,0.0,5,10,2,3,1
Male,Izmir,Beauty,Debit Card,Desktop,27,131.13,1,131.13,0.0,0.0,34,8,8,3,0
Male,Ankara,Electronics,Bank Transfer,Desktop,33,987.82,1,987.82,0.0,0.0,13,10,9,4,1
Male,Istanbul,Home & Garden,Digital Wallet,Mobile,43,1657.63,3,4972.89,0.0,0.0,26,7,6,2,0
Male,Eskisehir,Sports,Debit Card,Desktop,49,150.73,1,130.49,20.24,0.13,9,12,2,0,1
Female,Istanbul,Sports,Credit Card,Mobile,31,370.07,3,1041.34,68.87,0.06,4,10,8,1,0
Female,Antalya,Toys,Bank Transfer,Mobile,37,125.69,3,377.07,0.0,0.0,9,5,1,5,1
Male,Izmir,Books,Digital Wallet,Mobile,42,13.46,2,26.92,0.0,0.0,16,6,5,3,0
Male,Ankara,Sports,Digital Wallet,Tablet,20,367.58,3,1044.2,58.54,0.05,13,12,12,6,0
Female,Eskisehir,Home & Garden,Cash on Delivery,Mobile,22,1266.51,2,2533.02,0.0,0.0,10,7,4,4,1
Female,Adana,Sports,Debit Card,Desktop,40,511.73,2,1023.46,0.0,0.0,23,11,1,5,1
Female,Ankara,Home & Garden,Credit Card,Mobile,46,1342.71,2,2685.42,0.0,0.0,5,9,10,4,1
Female,Ankara,Books,Debit Card,Desktop,18,139.33,2,240.38,38.28,0.14,17,9,3,0,1
Male,Adana,Electronics,Credit Card,Mobile,45,1950.1,1,1682.53,267.57,0.14,23,4,3,4,1
Female,Istanbul,Toys,Digital Wallet,Mobile,23,46.98,5,234.9,0.0,0.0,15,6,4,3,0
Female,Kayseri,Fashion,Debit Card,Desktop,48,99.34,5,496.7,0.0,0.0,9,5,11,4,1
Male,Istanbul,Electronics,Debit Card,Mobile,26,1472.89,5,7364.45,0.0,0.0,9,10,12,0,0
Male,Izmir,Food,Cash on Delivery,Mobile,21,61.89,1,51.92,9.97,0.16,10,11,10,6,1
Male,Kayseri,Beauty,Cash on Delivery,Tablet,58,39.42,3,118.26,0.0,0.0,11,7,1,6,1
Male,Antalya,Home & Garden,Credit Card,Mobile,46,1347.08,2,2694.16,0.0,0.0,6,11,4,0,1
Female,Adana,Home & Garden,Bank Transfer,Tablet,24,122.66,1,101.35,21.31,0.17,39,8,5,0,1
Male,Eskisehir,Electronics,Bank Transfer,Mobile,58,1263.25,1,1263.25,0.0,0.0,34,8,1,6,0
Female,Ankara,Fashion,Credit Card,Mobile,18,327.26,5,1636.3,0.0,0.0,15,13,11,5,1
Female,Izmir,Toys,Debit Card,Mobile,28,182.68,4,730.72,0.0,0.0,28,11,2,4,1
Female,Eskisehir,Home & Garden,Credit Card,Desktop,25,662.8,2,1325.6,0.0,0.0,6,9,4,2,1
Male,Istanbul,Fashion,Credit Card,Desktop,33,426.48,3,1160.74,118.7,0.09,47,8,4,4,1
Male,Ankara,Sports,Debit Card,Mobile,34,545.66,3,1636.98,0.0,0.0,9,7,10,0,0
Female,Eskisehir,Sports,Digital Wallet,Mobile,38,417.71,1,417.71,0.0,0.0,12,7,6,5,1
Female,Bursa,Fashion,Credit Card,Mobile,25,207.85,5,1039.25,0.0,0.0,8,12,3,1,0
Other,Adana,Food,Debit Card,Mobile,38,36.38,5,181.9,0.0,0.0,6,8,3,5,1
Male,Istanbul,Books,Digital Wallet,Mobile,45,39.28,1,39.28,0.0,0.0,16,8,12,2,1
Male,Ankara,Toys,Cash on Delivery,Desktop,18,117.54,1,117.54,0.0,0.0,19,13,3,4,0
Female,Bursa,Toys,Credit Card,Mobile,52,417.88,4,1617.37,54.15,0.03,7,8,4,3,1
Male,Gaziantep,Sports,Debit Card,Mobile,28,1318.23,2,2636.46,0.0,0.0,7,13,12,2,1
Male,Bursa,Home & Garden,Credit Card,Mobile,42,1199.06,1,1199.06,0.0,0.0,5,10,10,2,1
Male,Konya,Electronics,Cash on Delivery,Tablet,49,1103.33,1,778.52,324.81,0.29,17,4,11,1,0
Male,Ankara,Electronics,Digital Wallet,Mobile,25,626.2,1,579.82,46.38,0.07,13,8,10,6,1
Male,Istanbul,Electronics,Debit Card,Desktop,35,715.93,1,715.93,0.0,0.0,7,9,5,3,1
Other,Izmir,Sports,Debit Card,Mobile,29,245.13,2,490.26,0.0,0.0,9,5,3,5,0
Male,Antalya,Toys,Digital Wallet,Mobile,40,162.97,4,651.88,0.0,0.0,11,10,1,6,1
Female,Eskisehir,Beauty,Credit Card,Mobile,54,92.6,1,92.6,0.0,0.0,16,9,2,1,1
Male,Gaziantep,Sports,Debit Card,Desktop,45,332.83,1,332.83,0.0,0.0,15,9,3,0,1
Male,Istanbul,Food,Credit Card,Mobile,51,21.36,1,21.36,0.0,0.0,4,8,2,5,1
Male,Izmir,Toys,Digital Wallet,Tablet,75,279.46,1,279.46,0.0,0.0,18,10,6,4,1
Female,Bursa,Toys,Credit Card,Desktop,37,305.32,1,305.32,0.0,0.0,3,10,2,0,1
Male,Adana,Toys,Debit Card,Tablet,43,83.79,1,83.79,0.0,0.0,10,6,5,1,0
Female,Kayseri,Food,Debit Card,Desktop,21,141.87,1,141.87,0.0,0.0,8,7,5,0,0
Female,Adana,Electronics,Debit Card,Mobile,21,4879.14,1,4879.14,0.0,0.0,8,15,1,1,1
Female,Kayseri,Books,Digital Wallet,Desktop,35,51.94,1,37.56,14.38,0.28,1,8,1,1,0
Male,Izmir,Books,Debit Card,Desktop,36,28.64,1,28.64,0.0,0.0,15,14,7,2,0
Male,Istanbul,Sports,Bank Transfer,Mobile,20,503.69,5,2424.48,93.97,0.04,2,8,2,0,1
Female,Ankara,Toys,Debit Card,Mobile,26,179.43,1,127.83,51.6,0.29,20,10,11,0,0
Female,Bursa,Food,Debit Card,Mobile,20,38.88,4,152.22,3.3,0.02,22,6,8,3,1
Female,Gaziantep,Books,Credit Card,Tablet,19,93.46,4,373.84,0.0,0.0,8,5,2,1,0
Male,Bursa,Beauty,Bank Transfer,Desktop,45,99.66,1,99.66,0.0,0.0,16,10,9,5,0
Female,Ankara,Beauty,Credit Card,Mobile,27,110.62,1,96.73,13.89,0.13,6,5,2,1,0
Male,Ankara,Fashion,Bank Transfer,Mobile,34,118.91,4,475.64,0.0,0.0,6,12,5,1,1
Male,Istanbul,Fashion,Debit Card,Desktop,37,459.85,2,880.76,38.94,0.04,14,11,9,6,1
Male,Istanbul,Electronics,Cash on Delivery,Mobile,34,1902.71,2,3805.42,0.0,0.0,10,9,6,0,1
Male,Konya,Books,Bank Transfer,Mobile,40,30.04,2,60.08,0.0,0.0,9,8,12,0,0
Female,Istanbul,Toys,Credit Card,Mobile,37,120.44,1,120.44,0.0,0.0,6,9,11,1,1
Male,Izmir,Books,Credit Card,Desktop,23,42.64,5,213.2,0.0,0.0,13,4,1,0,0
Female,Gaziantep,Beauty,Debit Card,Desktop,41,77.78,2,155.56,0.0,0.0,9,11,9,2,1
Female,Konya,Home & Garden,Credit Card,Mobile,29,1040.26,2,2080.52,0.0,0.0,5,8,7,3,1
Male,Kayseri,Books,Credit Card,Mobile,36,30.1,3,90.3,0.0,0.0,15,4,8,1,1
Female,Konya,Books,Credit Card,Tablet,66,20.32,2,40.64,0.0,0.0,24,11,8,1,1
Male,Istanbul,Books,Credit Card,Tablet,43,62.34,2,124.68,0.0,0.0,17,7,3,3,1
Female,Gaziantep,Books,Credit Card,Mobile,41,51.45,2,102.9,0.0,0.0,8,8,1,6,1
Female,Istanbul,Beauty,Digital Wallet,Mobile,44,156.42,1,111.54,44.88,0.29,4,8,1,3,1
Male,Eskisehir,Books,Credit Card,Desktop,24,240.56,3,721.68,0.0,0.0,10,7,1,4,1
Female,Antalya,Sports,Credit Card,Desktop,18,522.92,3,1568.76,0.0,0.0,7,9,9,2,0
Female,Bursa,Sports,Credit Card,Mobile,20,197.88,3,593.64,0.0,0.0,9,9,1,0,1
Male,Istanbul,Fashion,Credit Card,Mobile,20,230.53,2,461.06,0.0,0.0,6,12,7,4,0
Male,Kayseri,Electronics,Debit Card,Desktop,42,4183.24,2,8366.48,0.0,0.0,9,11,6,3,1
Female,Konya,Books,Cash on Delivery,Mobile,22,77.6,1,66.91,10.69,0.14,9,10,1,3,1
Female,Bursa,Toys,Debit Card,Desktop,59,309.32,5,1546.6,0.0,0.0,10,17,4,3,1
Male,Adana,Food,Credit Card,Desktop,27,29.51,2,59.02,0.0,0.0,9,7,4,0,1
Female,Ankara,Books,Bank Transfer,Desktop,18,49.59,1,49.59,0.0,0.0,23,9,7,6,0
Female,Istanbul,Books,Digital Wallet,Mobile,32,84.6,1,84.6,0.0,0.0,17,8,6,4,1
Male,Istanbul,Toys,Debit Card,Desktop,47,117.66,5,567.2,21.1,0.04,15,14,3,5,1
Male,Istanbul,Fashion,Digital Wallet,Mobile,55,224.49,2,434.34,14.64,0.03,18,8,8,3,1
Male,Bursa,Electronics,Cash on Delivery,Desktop,41,2323.79,1,2323.79,0.0,0.0,20,7,10,4,0
Male,Istanbul,Food,Debit Card,Mobile,33,38.58,3,115.74,0.0,0.0,13,15,12,5,0
Male,Konya,Electronics,Credit Card,Mobile,28,651.97,4,2607.88,0.0,0.0,7,11,2,4,1
Female,Izmir,Toys,Debit Card,Mobile,28,252.88,1,252.88,0.0,0.0,14,12,1,2,0
Female,Istanbul,Sports,Credit Card,Mobile,40,178.93,1,163.71,15.22,0.09,15,8,1,1,1
Female,Adana,Sports,Debit Card,Mobile,42,439.63,4,1758.52,0.0,0.0,21,12,7,1,0
Female,Ankara,Home & Garden,Debit Card,Tablet,24,388.01,5,1940.05,0.0,0.0,9,11,2,5,0
Male,Adana,Electronics,Bank Transfer,Tablet,35,1527.38,1,1301.64,225.74,0.15,29,8,12,1,0
Female,Adana,Toys,Credit Card,Mobile,47,90.49,3,271.47,0.0,0.0,8,13,9,1,0
Male,Istanbul,Sports,Credit Card,Tablet,47,304.29,1,304.29,0.0,0.0,7,15,2,0,1
Female,Ankara,Fashion,Credit Card,Desktop,31,180.45,5,902.25,0.0,0.0,13,10,1,2,1
Female,Adana,Books,Digital Wallet,Desktop,52,42.89,1,42.89,0.0,0.0,26,10,2,4,1
Female,Ankara,Beauty,Digital Wallet,Mobile,35,153.93,2,307.86,0.0,0.0,11,6,1,2,1
Female,Konya,Electronics,Credit Card,Tablet,20,440.47,1,440.47,0.0,0.0,22,13,6,2,0
Female,Konya,Fashion,Bank Transfer,Desktop,45,294.48,5,1421.64,50.76,0.03,27,13,2,2,0
Female,Ankara,Sports,Credit Card,Mobile,18,1536.25,2,3072.5,0.0,0.0,13,4,12,1,0
Male,Izmir,Toys,Debit Card,Mobile,32,124.24,1,116.49,7.75,0.06,27,12,10,0,1
Female,Istanbul,Books,Digital Wallet,Desktop,32,50.68,1,50.68,0.0,0.0,16,13,6,5,1
Female,Istanbul,Toys,Credit Card,Desktop,38,368.91,1,368.91,0.0,0.0,26,8,6,3,1
Male,Ankara,Books,Debit Card,Mobile,46,21.86,1,15.84,6.02,0.28,16,12,4,3,1
Female,Istanbul,Sports,Credit Card,Desktop,18,504.56,1,458.87,45.69,0.09,13,10,3,4,1
Female,Istanbul,Books,Credit Card,Desktop,57,37.19,4,140.0,8.76,0.06,11,8,1,0,0
Female,Istanbul,Electronics,Debit Card,Desktop,18,1084.06,1,1084.06,0.0,0.0,15,6,10,3,1
Male,Bursa,Home & Garden,Credit Card,Desktop,29,636.85,1,500.1,136.75,0.21,25,10,12,2,0
Male,Ankara,Sports,Debit Card,Tablet,47,396.84,2,793.68,0.0,0.0,4,8,3,6,0
Female,Istanbul,Electronics,Credit Card,Desktop,39,1470.49,4,5881.96,0.0,0.0,9,6,12,2,1
Female,Bursa,Food,Credit Card,Mobile,37,15.15,2,28.8,1.5,0.05,15,8,2,3,0
Male,Bursa,Food,Bank Transfer,Mobile,18,61.9,2,123.8,0.0,0.0,21,8,3,4,0
Female,Bursa,Toys,Digital Wallet,Desktop,18,38.1,3,114.3,0.0,0.0,18,13,9,0,0
Female,Bursa,Food,Credit Card,Mobile,55,59.91,1,59.91,0.0,0.0,43,13,3,0,1
Other,Antalya,Electronics,Credit Card,Mobile,43,329.84,1,291.68,38.16,0.12,18,11,2,4,1
Female,Eskisehir,Electronics,Credit Card,Desktop,32,1657.25,1,1657.25,0.0,0.0,12,8,2,4,1
Male,Kayseri,Sports,Debit Card,Mobile,44,345.82,2,691.64,0.0,0.0,15,5,12,5,1
Female,Izmir,Beauty,Digital Wallet,Mobile,34,73.66,1,54.71,18.95,0.26,11,9,7,4,1
Female,Izmir,Beauty,Credit Card,Mobile,27,184.47,1,184.47,0.0,0.0,15,9,8,3,1
Female,Bursa,Sports,Debit Card,Mobile,46,431.85,1,431.85,0.0,0.0,27,11,1,0,1
Female,Antalya,Electronics,Debit Card,Desktop,31,258.37,2,516.74,0.0,0.0,18,12,7,2,0
Female,Gaziantep,Beauty,Debit Card,Mobile,30,114.86,1,101.46,13.4,0.12,7,11,7,4,1
Male,Gaziantep,Beauty,Credit Card,Mobile,26,70.46,2,140.92,0.0,0.0,16,7,3,6,1
Male,Izmir,Toys,Digital Wallet,Mobile,32,136.75,5,683.75,0.0,0.0,13,9,9,0,0
Male,Antalya,Sports,Digital Wallet,Mobile,27,375.48,2,750.96,0.0,0.0,7,12,2,3,1
Female,Eskisehir,Food,Credit Card,Mobile,24,30.76,1,28.1,2.66,0.09,1,7,1,4,1
Male,Konya,Toys,Debit Card,Mobile,26,109.86,1,89.33,20.53,0.19,17,14,2,3,0
Female,Istanbul,Toys,Debit Card,Mobile,30,235.25,2,470.5,0.0,0.0,11,7,4,6,1
Male,Antalya,Fashion,Credit Card,Desktop,33,241.01,1,241.01,0.0,0.0,18,6,10,1,1
Male,Bursa,Home & Garden,Cash on Delivery,Mobile,31,455.14,2,859.41,50.87,0.06,28,9,10,5,0
Female,Istanbul,Books,Debit Card,Mobile,45,123.08,1,123.08,0.0,0.0,10,8,8,1,1
Female,Istanbul,Books,Credit Card,Desktop,31,40.46,5,202.3,0.0,0.0,7,11,2,4,0
Female,Adana,Toys,Credit Card,Desktop,53,42.7,1,42.7,0.0,0.0,9,9,3,3,0
Female,Adana,Toys,Credit Card,Desktop,45,133.96,2,267.92,0.0,0.0,10,7,1,4,0
Female,Adana,Toys,Digital Wallet,Mobile,40,282.26,4,1065.6,63.44,0.06,22,9,6,0,1
Male,Istanbul,Sports,Credit Card,Mobile,24,398.34,2,796.68,0.0,0.0,12,7,8,5,0
Female,Ankara,Sports,Credit Card,Mobile,42,371.64,1,371.64,0.0,0.0,23,7,1,0,1
Female,Istanbul,Books,Credit Card,Tablet,42,115.03,1,115.03,0.0,0.0,23,12,10,5,0
Male,Eskisehir,Toys,Credit Card,Mobile,35,288.33,1,250.81,37.52,0.13,14,9,1,2,1
Male,Gaziantep,Books,Debit Card,Desktop,28,60.16,1,46.78,13.38,0.22,10,3,1,4,1
Male,Kayseri,Food,Bank Transfer,Mobile,40,38.75,1,38.75,0.0,0.0,11,7,10,3,1
Female,Istanbul,Electronics,Credit Card,Mobile,22,2162.24,1,2162.24,0.0,0.0,6,7,6,0,1
Male,Izmir,Electronics,Digital Wallet,Desktop,72,699.89,2,1399.78,0.0,0.0,6,12,6,6,0
Male,Ankara,Sports,Credit Card,Desktop,43,573.79,4,2228.73,66.43,0.03,14,11,7,0,1
Female,Adana,Toys,Digital Wallet,Desktop,39,71.28,1,60.36,10.92,0.15,8,8,1,3,1
Male,Adana,Books,Credit Card,Mobile,51,80.38,2,156.53,4.23,0.03,2,10,2,2,1
Male,Izmir,Toys,Debit Card,Mobile,48,222.17,5,1050.49,60.36,0.05,23,11,10,0,1
Female,Antalya,Toys,Debit Card,Mobile,32,169.14,4,676.56,0.0,0.0,8,8,5,3,0
Male,Izmir,Books,Digital Wallet,Desktop,50,66.46,1,61.83,4.63,0.07,17,6,6,5,1
Male,Istanbul,Electronics,Debit Card,Mobile,25,2719.71,1,2297.47,422.24,0.16,7,12,5,6,0
Female,Ankara,Electronics,Credit Card,Desktop,38,2082.45,1,1818.59,263.86,0.13,4,14,2,5,1
Female,Istanbul,Electronics,Cash on Delivery,Desktop,36,2248.65,3,6430.64,315.31,0.05,13,10,5,4,0
Male,Bursa,Books,Cash on Delivery,Tablet,33,96.13,5,480.65,0.0,0.0,17,11,8,5,1
Female,Istanbul,Home & Garden,Credit Card,Tablet,33,1210.73,1,1210.73,0.0,0.0,13,15,11,0,0
Male,Bursa,Fashion,Cash on Delivery,Tablet,30,504.39,1,504.39,0.0,0.0,23,11,5,0,1
Male,Ankara,Beauty,Digital Wallet,Mobile,50,54.26,4,203.37,13.67,0.06,25,7,11,1,0
Female,Bursa,Electronics,Digital Wallet,Mobile,51,1288.47,5,6321.3,121.05,0.02,8,7,11,4,1
Male,Istanbul,Books,Credit Card,Mobile,30,47.44,2,83.45,11.43,0.12,28,9,6,2,1
Female,Eskisehir,Home & Garden,Digital Wallet,Mobile,37,278.52,1,278.52,0.0,0.0,3,6,6,4,0
Female,Istanbul,Beauty,Digital Wallet,Mobile,18,43.04,2,86.08,0.0,0.0,17,15,4,0,1
Male,Ankara,Food,Credit Card,Mobile,41,124.77,1,103.67,21.1,0.17,22,7,2,2,1
Female,Izmir,Toys,Debit Card,Mobile,41,108.97,5,538.93,5.92,0.01,22,11,1,6,1
Male,Ankara,Books,Debit Card,Mobile,40,52.96,3,158.88,0.0,0.0,23,9,6,1,0
Female,Gaziantep,Electronics,Debit Card,Desktop,41,1578.39,3,4735.17,0.0,0.0,14,9,2,0,1
Male,Adana,Home & Garden,Debit Card,Mobile,75,810.54,1,810.54,0.0,0.0,12,6,6,0,0
Female,Ankara,Fashion,Credit Card,Desktop,26,149.0,1,149.0,0.0,0.0,18,13,2,1,0
Female,Adana,Beauty,Debit Card,Desktop,44,45.62,2,91.24,0.0,0.0,28,10,9,2,0
Male,Istanbul,Beauty,Debit Card,Mobile,27,260.89,2,521.78,0.0,0.0,13,3,12,0,1
Male,Izmir,Sports,Debit Card,Tablet,36,523.4,2,918.69,128.11,0.12,30,7,12,2,0
Male,Ankara,Food,Cash on Delivery,Desktop,43,137.24,1,120.01,17.23,0.13,7,13,7,6,1
Female,Ankara,Sports,Credit Card,Desktop,23,332.47,3,978.92,18.49,0.02,10,9,6,3,1
Male,Istanbul,Beauty,Debit Card,Mobile,24,50.22,1,47.0,3.22,0.06,14,8,6,1,1
Female,Kayseri,Sports,Credit Card,Tablet,48,524.46,1,524.46,0.0,0.0,16,14,10,0,1
Female,Izmir,Food,Credit Card,Mobile,22,92.67,4,354.13,16.55,0.04,6,9,11,5,1
Male,Istanbul,Home & Garden,Credit Card,Tablet,18,1028.79,1,1028.79,0.0,0.0,10,6,9,0,1
Male,Konya,Books,Digital Wallet,Desktop,18,148.6,1,118.9,29.7,0.2,13,8,3,2,1
Female,Ankara,Toys,Digital Wallet,Mobile,50,233.21,3,699.63,0.0,0.0,18,9,1,6,1
Male,Istanbul,Toys,Digital Wallet,Mobile,31,120.42,5,602.1,0.0,0.0,12,12,6,2,1
Male,Ankara,Toys,Digital Wallet,Tablet,54,58.84,4,225.45,9.91,0.04,28,9,3,2,0
Male,Istanbul,Home & Garden,Digital Wallet,Desktop,52,580.26,1,580.26,0.0,0.0,11,7,6,1,0
Male,Ankara,Home & Garden,Credit Card,Mobile,34,1043.27,1,1043.27,0.0,0.0,7,10,2,5,0
Male,Antalya,Books,Debit Card,Mobile,18,85.22,5,426.1,0.0,0.0,22,11,1,4,1
Male,Istanbul,Electronics,Digital Wallet,Desktop,52,476.38,1,407.41,68.97,0.14,6,11,1,0,0
Female,Ankara,Home & Garden,Credit Card,Tablet,42,898.9,4,3595.6,0.0,0.0,17,13,8,5,1
Male,Kayseri,Electronics,Credit Card,Mobile,32,326.83,1,239.49,87.34,0.27,11,12,7,5,0
Female,Konya,Fashion,Credit Card,Mobile,38,718.22,2,1436.44,0.0,0.0,23,17,5,1,0
Male,Izmir,Food,Digital Wallet,Tablet,25,45.21,1,45.21,0.0,0.0,19,2,8,1,1
Female,Kayseri,Electronics,Credit Card,Desktop,55,3242.84,5,16214.2,0.0,0.0,2,10,1,0,1
Male,Gaziantep,Sports,Cash on Delivery,Mobile,28,1142.57,1,909.72,232.85,0.2,7,11,2,1,0
Male,Ankara,Fashion,Debit Card,Mobile,27,136.42,3,394.37,14.89,0.04,7,6,11,4,1
Female,Adana,Books,Debit Card,Desktop,44,28.64,2,57.28,0.0,0.0,28,5,10,0,1
Male,Eskisehir,Home & Garden,Debit Card,Desktop,45,947.58,1,947.58,0.0,0.0,11,10,11,5,1
Male,Izmir,Electronics,Debit Card,Desktop,40,2228.81,3,6686.43,0.0,0.0,8,7,9,5,0
Male,Istanbul,Beauty,Debit Card,Mobile,47,112.98,5,564.9,0.0,0.0,12,3,1,0,0
Female,Ankara,Home & Garden,Digital Wallet,Desktop,46,256.44,5,1282.2,0.0,0.0,25,13,2,6,1
Male,Istanbul,Beauty,Credit Card,Tablet,43,95.35,3,286.05,0.0,0.0,11,9,12,2,0
Male,Bursa,Electronics,Credit Card,Desktop,23,1837.61,2,3518.89,156.33,0.04,22,9,1,1,1
Female,Gaziantep,Food,Digital Wallet,Mobile,26,64.13,3,192.39,0.0,0.0,31,10,7,3,1
Female,Adana,Books,Bank Transfer,Mobile,58,88.5,2,177.0,0.0,0.0,16,5,3,3,1
Male,Ankara,Electronics,Debit Card,Mobile,45,1537.89,2,3075.78,0.0,0.0,12,17,7,3,1
Female,Istanbul,Sports,Credit Card,Mobile,34,1376.74,3,3858.79,271.43,0.07,42,8,10,6,0
Male,Kayseri,Fashion,Debit Card,Mobile,42,136.28,2,272.56,0.0,0.0,19,10,11,2,1
Female,Bursa,Beauty,Debit Card,Mobile,44,24.55,1,22.1,2.45,0.1,7,7,11,3,0
Male,Istanbul,Fashion,Credit Card,Mobile,22,485.83,1,485.83,0.0,0.0,24,12,1,1,1
Female,Ankara,Food,Credit Card,Mobile,45,140.83,2,252.57,29.09,0.1,1,9,10,2,0
Female,Bursa,Sports,Debit Card,Mobile,27,588.7,1,536.6,52.1,0.09,22,8,8,0,1
Female,Istanbul,Books,Debit Card,Desktop,28,22.66,1,22.66,0.0,0.0,17,5,2,0,0
Female,Konya,Toys,Credit Card,Mobile,45,348.13,3,1044.39,0.0,0.0,10,6,4,1,1
Male,Eskisehir,Fashion,Debit Card,Mobile,42,707.16,4,2711.08,117.56,0.04,21,9,6,5,1
Female,Istanbul,Beauty,Credit Card,Mobile,40,42.2,2,76.37,8.03,0.1,14,13,10,0,1
Female,Istanbul,Sports,Credit Card,Desktop,48,1266.08,1,1266.08,0.0,0.0,14,11,8,3,1
Male,Istanbul,Fashion,Credit Card,Mobile,25,186.51,4,692.02,54.02,0.07,4,7,1,2,0
Male,Antalya,Home & Garden,Debit Card,Mobile,32,1218.98,1,1218.98,0.0,0.0,3,11,8,3,1
Male,Istanbul,Electronics,Digital Wallet,Desktop,53,2209.23,1,2209.23,0.0,0.0,13,5,5,0,1
Male,Antalya,Beauty,Debit Card,Mobile,18,73.65,2,125.97,21.33,0.14,13,9,5,3,1
Male,Adana,Electronics,Debit Card,Mobile,59,3075.95,1,3075.95,0.0,0.0,10,12,8,3,0
Female,Antalya,Toys,Debit Card,Mobile,55,114.58,1,114.58,0.0,0.0,26,4,7,0,1
Male,Istanbul,Food,Digital Wallet,Desktop,33,44.54,1,44.54,0.0,0.0,16,9,2,4,1
Male,Izmir,Electronics,Credit Card,Desktop,20,2019.87,1,1762.3,257.57,0.13,5,9,3,6,1
Male,Istanbul,Sports,Debit Card,Desktop,32,650.52,2,1301.04,0.0,0.0,30,8,12,6,1
Male,Ankara,Sports,Credit Card,Tablet,39,220.68,1,220.68,0.0,0.0,18,7,4,4,1
Female,Izmir,Books,Digital Wallet,Mobile,28,96.67,2,173.76,19.58,0.1,13,13,1,1,0
Male,Bursa,Food,Debit Card,Mobile,23,61.2,2,122.4,0.0,0.0,8,11,2,2,1
Male,Istanbul,Sports,Credit Card,Mobile,47,272.9,1,272.9,0.0,0.0,2,6,5,2,1
Male,Adana,Fashion,Credit Card,Desktop,19,351.96,2,703.92,0.0,0.0,18,6,3,3,1
Female,Adana,Sports,Bank Transfer,Desktop,44,286.61,1,286.61,0.0,0.0,3,8,9,0,1
Female,Izmir,Beauty,Credit Card,Mobile,29,140.69,1,140.69,0.0,0.0,22,12,1,1,0
Male,Antalya,Books,Digital Wallet,Mobile,49,27.95,1,27.95,0.0,0.0,53,4,9,1,0
Male,Ankara,Beauty,Credit Card,Mobile,41,122.22,4,488.88,0.0,0.0,18,6,6,6,0
Male,Istanbul,Electronics,Credit Card,Tablet,18,725.66,2,1451.32,0.0,0.0,25,10,9,5,0
Male,Istanbul,Fashion,Debit Card,Mobile,37,135.56,2,261.05,10.07,0.04,26,9,9,6,1
Female,Konya,Sports,Digital Wallet,Mobile,31,432.95,2,865.9,0.0,0.0,19,15,9,4,1
Female,Gaziantep,Fashion,Debit Card,Mobile,42,394.76,1,394.76,0.0,0.0,21,13,2,2,1
Female,Istanbul,Books,Cash on Delivery,Desktop,18,72.7,5,363.5,0.0,0.0,22,10,4,6,1
Male,Izmir,Beauty,Credit Card,Mobile,36,232.93,2,465.86,0.0,0.0,11,6,12,1,1
Female,Istanbul,Fashion,Bank Transfer,Mobile,33,235.52,4,942.08,0.0,0.0,9,5,8,3,1
Male,Istanbul,Books,Debit Card,Desktop,36,44.5,1,31.71,12.79,0.29,15,10,1,1,0
Female,Adana,Sports,Credit Card,Mobile,37,237.46,2,474.92,0.0,0.0,15,11,10,3,0
Female,Bursa,Toys,Credit Card,Mobile,35,288.72,2,518.07,59.37,0.1,12,11,10,2,1
Male,Antalya,Electronics,Debit Card,Mobile,38,2594.07,3,7437.33,344.88,0.04,14,3,1,1,0
Male,Gaziantep,Books,Digital Wallet,Mobile,30,34.31,1,29.36,4.95,0.14,16,6,10,5,0
Female,Istanbul,Food,Debit Card,Mobile,18,73.45,1,73.45,0.0,0.0,7,7,1,4,0
Male,Konya,Fashion,Debit Card,Mobile,24,136.07,5,680.35,0.0,0.0,10,9,4,0,0
Female,Izmir,Fashion,Digital Wallet,Mobile,24,201.3,1,201.3,0.0,0.0,13,9,10,5,1
Female,Adana,Fashion,Bank Transfer,Mobile,31,153.02,1,153.02,0.0,0.0,24,5,3,1,1
Female,Istanbul,Books,Credit Card,Desktop,35,31.43,2,58.36,4.5,0.07,3,9,11,5,1
Male,Kayseri,Fashion,Digital Wallet,Mobile,34,181.48,1,181.48,0.0,0.0,27,5,1,1,0
Male,Istanbul,Toys,Debit Card,Mobile,18,153.62,1,131.55,22.07,0.14,8,12,2,3,0
Female,Ankara,Electronics,Credit Card,Mobile,44,595.91,3,1787.73,0.0,0.0,2,6,3,5,0
Female,Adana,Beauty,Credit Card,Mobile,26,154.63,1,112.8,41.83,0.27,32,8,12,3,0
Female,Ankara,Toys,Digital Wallet,Mobile,28,316.02,1,265.55,50.47,0.16,18,7,5,2,0
Other,Bursa,Sports,Digital Wallet,Tablet,34,1046.76,2,2093.52,0.0,0.0,5,7,2,3,1
Female,Gaziantep,Toys,Debit Card,Mobile,18,99.41,5,497.05,0.0,0.0,12,8,7,4,1
Male,Istanbul,Sports,Digital Wallet,Desktop,23,292.8,1,251.11,41.69,0.14,19,9,1,6,0
Male,Adana,Books,Debit Card,Mobile,45,24.48,2,42.27,6.69,0.14,13,6,1,1,1
Female,Istanbul,Beauty,Credit Card,Mobile,45,130.44,1,105.42,25.02,0.19,13,12,1,5,1
Male,Ankara,Electronics,Bank Transfer,Mobile,34,863.87,1,863.87,0.0,0.0,12,10,3,0,0
Male,Bursa,Books,Credit Card,Mobile,46,48.73,2,97.46,0.0,0.0,8,8,2,0,1
Male,Bursa,Toys,Debit Card,Mobile,38,45.12,1,45.12,0.0,0.0,18,8,3,2,1
Male,Gaziantep,Fashion,Credit Card,Mobile,40,351.6,4,1406.4,0.0,0.0,3,8,3,6,0
Female,Bursa,Food,Debit Card,Tablet,23,141.88,1,141.88,0.0,0.0,8,10,2,6,0
Female,Izmir,Fashion,Debit Card,Desktop,37,159.53,1,159.53,0.0,0.0,6,7,10,3,1
Female,Antalya,Toys,Credit Card,Desktop,38,37.37,1,34.91,2.46,0.07,13,8,5,3,1
Male,Antalya,Beauty,Credit Card,Mobile,36,69.42,1,54.25,15.17,0.22,29,8,12,0,1
Female,Izmir,Electronics,Digital Wallet,Desktop,29,2008.25,4,8033.0,0.0,0.0,4,9,8,5,1
Female,Ankara,Toys,Digital Wallet,Desktop,34,68.53,2,137.06,0.0,0.0,14,12,11,3,0
Female,Izmir,Books,Debit Card,Desktop,55,68.09,5,340.45,0.0,0.0,20,18,3,1,1
Female,Gaziantep,Home & Garden,Credit Card,Mobile,47,159.22,2,287.13,31.31,0.1,12,7,8,2,0
Male,Konya,Books,Digital Wallet,Desktop,18,30.08,2,60.16,0.0,0.0,37,7,3,1,1
Female,Izmir,Home & Garden,Cash on Delivery,Mobile,26,529.51,3,1474.25,114.28,0.07,15,9,1,1,0
Female,Antalya,Electronics,Debit Card,Tablet,37,373.58,4,1494.32,0.0,0.0,26,4,3,3,1
Female,Istanbul,Food,Debit Card,Mobile,34,23.39,3,68.06,2.11,0.03,8,9,2,5,0
Male,Gaziantep,Food,Credit Card,Mobile,36,101.16,3,276.54,26.94,0.09,36,10,1,2,0
Female,Bursa,Beauty,Digital Wallet,Desktop,32,129.71,1,129.71,0.0,0.0,23,9,8,6,0
Female,Istanbul,Fashion,Digital Wallet,Mobile,43,727.06,4,2908.24,0.0,0.0,17,11,12,3,1
Male,Ankara,Beauty,Digital Wallet,Desktop,39,67.37,2,120.41,14.33,0.11,9,8,4,2,1
Female,Antalya,Sports,Debit Card,Tablet,52,164.28,1,164.28,0.0,0.0,7,8,9,2,0
Female,Konya,Toys,Digital Wallet,Mobile,29,226.62,1,226.62,0.0,0.0,4,7,7,1,1
Female,Ankara,Electronics,Debit Card,Mobile,44,984.42,4,3937.68,0.0,0.0,5,11,5,6,1
Female,Bursa,Fashion,Credit Card,Desktop,43,337.77,4,1351.08,0.0,0.0,23,9,9,3,1
Female,Bursa,Food,Bank Transfer,Mobile,62,102.15,5,510.75,0.0,0.0,13,11,10,0,1
Male,Istanbul,Toys,Debit Card,Tablet,35,154.14,2,308.28,0.0,0.0,12,12,1,6,0
Female,Istanbul,Home & Garden,Credit Card,Mobile,30,776.94,1,776.94,0.0,0.0,10,11,6,1,1
Female,Izmir,Toys,Credit Card,Desktop,52,120.8,2,214.04,27.56,0.11,15,7,11,3,0
Male,Gaziantep,Home & Garden,Digital Wallet,Mobile,20,873.05,2,1746.1,0.0,0.0,23,7,8,4,1
Female,Ankara,Home & Garden,Debit Card,Mobile,18,988.27,1,812.72,175.55,0.18,19,15,2,1,0
Male,Istanbul,Electronics,Credit Card,Mobile,37,3399.56,2,6799.12,0.0,0.0,5,10,7,4,1
Male,Istanbul,Beauty,Credit Card,Mobile,28,164.8,3,464.11,30.29,0.06,10,9,5,3,0
Male,Bursa,Home & Garden,Credit Card,Desktop,31,502.3,2,968.02,36.58,0.04,5,11,2,6,1
Female,Izmir,Electronics,Cash on Delivery,Mobile,19,3119.2,1,3119.2,0.0,0.0,4,16,8,3,0
Female,Istanbul,Electronics,Credit Card,Mobile,38,410.32,1,410.32,0.0,0.0,15,9,12,4,1
Female,Bursa,Home & Garden,Debit Card,Mobile,33,341.56,1,275.37,66.19,0.19,21,11,2,5,1
Female,Istanbul,Beauty,Credit Card,Mobile,21,77.71,1,66.4,11.31,0.15,7,10,2,5,1
Female,Bursa,Beauty,Bank Transfer,Desktop,45,49.17,1,49.17,0.0,0.0,30,16,2,1,1
Female,Kayseri,Sports,Debit Card,Mobile,24,385.52,1,385.52,0.0,0.0,10,6,6,4,1
Male,Bursa,Sports,Credit Card,Desktop,28,771.29,4,2955.99,129.17,0.04,16,11,5,2,1
Female,Izmir,Fashion,Credit Card,Tablet,40,697.11,1,697.11,0.0,0.0,11,6,8,0,1
Female,Ankara,Sports,Credit Card,Desktop,18,454.93,1,454.93,0.0,0.0,15,10,2,4,1
Female,Istanbul,Books,Credit Card,Desktop,54,82.82,2,165.64,0.0,0.0,19,10,1,1,1
Male,Izmir,Electronics,Debit Card,Mobile,36,3283.54,1,3283.54,0.0,0.0,17,6,2,2,1
Male,Bursa,Electronics,Digital Wallet,Mobile,30,203.1,1,203.1,0.0,0.0,17,6,7,5,0
Female,Istanbul,Sports,Digital Wallet,Mobile,40,460.57,1,460.57,0.0,0.0,26,6,6,1,1
Female,Istanbul,Home & Garden,Debit Card,Mobile,18,542.21,4,2168.84,0.0,0.0,9,8,8,0,1
Other,Konya,Electronics,Credit Card,Desktop,18,635.69,2,1271.38,0.0,0.0,17,6,12,6,1
Female,Gaziantep,Food,Credit Card,Mobile,48,40.96,2,72.68,9.24,0.11,11,10,2,5,0
Female,Istanbul,Electronics,Debit Card,Desktop,22,2079.67,1,1889.26,190.41,0.09,9,13,12,0,1
Female,Istanbul,Home & Garden,Debit Card,Desktop,37,835.18,5,4132.45,43.45,0.01,18,8,1,6,1
Male,Bursa,Electronics,Debit Card,Desktop,21,382.47,4,1529.88,0.0,0.0,10,12,11,3,1
Female,Izmir,Food,Bank Transfer,Tablet,45,43.76,1,43.76,0.0,0.0,6,6,1,1,1
Male,Ankara,Fashion,Credit Card,Tablet,57,531.79,1,531.79,0.0,0.0,19,7,1,0,0
Male,Istanbul,Toys,Digital Wallet,Mobile,39,121.68,1,121.68,0.0,0.0,39,8,7,2,0
Male,Izmir,Sports,Debit Card,Mobile,48,720.91,1,720.91,0.0,0.0,6,9,6,4,0
Female,Ankara,Sports,Debit Card,Tablet,37,1162.52,4,4650.08,0.0,0.0,4,6,12,0,1
Female,Izmir,Toys,Digital Wallet,Desktop,41,79.53,5,397.65,0.0,0.0,21,16,11,3,1
Female,Antalya,Home & Garden,Digital Wallet,Desktop,46,344.01,3,955.72,76.31,0.07,9,9,3,5,1
Female,Ankara,Books,Credit Card,Desktop,24,63.71,1,63.71,0.0,0.0,5,7,7,1,0
Male,Istanbul,Sports,Credit Card,Mobile,35,407.91,1,407.91,0.0,0.0,18,11,8,0,0
Male,Istanbul,Home & Garden,Credit Card,Mobile,28,247.06,2,494.12,0.0,0.0,15,8,1,1,1
Female,Ankara,Sports,Credit Card,Mobile,42,157.04,1,157.04,0.0,0.0,34,5,3,2,0
Female,Bursa,Home & Garden,Debit Card,Mobile,39,1297.64,1,1297.64,0.0,0.0,13,7,6,5,1
Male,Istanbul,Food,Digital Wallet,Mobile,37,26.53,2,45.18,7.88,0.15,17,6,2,5,1
Male,Istanbul,Beauty,Credit Card,Mobile,23,44.25,2,88.5,0.0,0.0,24,14,3,5,1
Male,Bursa,Fashion,Credit Card,Mobile,20,194.71,2,378.73,10.69,0.03,11,14,9,5,0
Female,Antalya,Food,Digital Wallet,Mobile,45,135.06,1,123.49,11.57,0.09,12,8,11,0,1
Male,Bursa,Beauty,Debit Card,Mobile,26,202.19,5,1010.95,0.0,0.0,9,7,3,2,0
Female,Eskisehir,Beauty,Digital Wallet,Mobile,40,46.83,2,93.66,0.0,0.0,19,9,9,4,1
Female,Bursa,Toys,Credit Card,Desktop,29,107.13,5,520.27,15.38,0.03,25,6,11,5,1
Female,Izmir,Fashion,Credit Card,Tablet,47,336.37,3,1009.11,0.0,0.0,7,11,5,4,0
Female,Istanbul,Beauty,Digital Wallet,Mobile,44,65.95,5,329.75,0.0,0.0,13,8,1,0,0
Male,Ankara,Sports,Digital Wallet,Mobile,41,107.21,5,536.05,0.0,0.0,15,11,3,1,1
Female,Izmir,Sports,Credit Card,Tablet,41,629.32,1,629.32,0.0,0.0,16,5,3,2,0
Female,Istanbul,Toys,Debit Card,Mobile,34,157.37,2,314.74,0.0,0.0,15,7,10,0,1
Male,Istanbul,Electronics,Credit Card,Desktop,34,2258.91,3,6776.73,0.0,0.0,10,14,1,5,1
Female,Antalya,Beauty,Digital Wallet,Desktop,26,118.2,1,118.2,0.0,0.0,6,9,4,4,0
Female,Ankara,Food,Credit Card,Mobile,45,80.8,1,66.16,14.64,0.18,22,6,2,2,1
Male,Eskisehir,Fashion,Credit Card,Desktop,51,290.03,1,237.29,52.74,0.18,25,9,2,4,1
Female,Konya,Home & Garden,Debit Card,Desktop,54,1332.53,1,1332.53,0.0,0.0,9,6,5,2,1
Female,Antalya,Sports,Digital Wallet,Mobile,45,335.16,2,637.38,32.94,0.05,5,11,11,2,0
Female,Istanbul,Fashion,Credit Card,Mobile,18,835.35,3,2506.05,0.0,0.0,6,7,8,1,0
Male,Bursa,Food,Credit Card,Mobile,29,45.42,1,45.42,0.0,0.0,16,9,12,0,1
Male,Ankara,Sports,Credit Card,Mobile,18,1284.41,4,4875.35,262.29,0.05,11,12,2,1,0
Female,Bursa,Electronics,Bank Transfer,Mobile,35,426.58,1,351.63,74.95,0.18,16,6,4,2,1
Female,Istanbul,Fashion,Cash on Delivery,Desktop,61,211.34,1,211.34,0.0,0.0,6,14,8,0,1
Female,Ankara,Toys,Debit Card,Tablet,25,70.12,2,140.24,0.0,0.0,13,7,2,4,1
Female,Ankara,Food,Credit Card,Mobile,18,37.14,1,37.14,0.0,0.0,9,5,12,5,1
Male,Gaziantep,Toys,Digital Wallet,Desktop,37,479.82,1,402.01,77.81,0.16,15,8,1,6,1
Female,Istanbul,Electronics,Debit Card,Desktop,57,3629.09,1,3629.09,0.0,0.0,7,15,3,4,0
Female,Istanbul,Beauty,Credit Card,Mobile,25,92.86,2,185.72,0.0,0.0,24,11,3,4,1
Female,Antalya,Food,Credit Card,Tablet,28,15.82,1,13.74,2.08,0.13,11,8,8,6,0
Male,Ankara,Sports,Credit Card,Desktop,28,491.27,1,491.27,0.0,0.0,10,7,1,4,1
Female,Bursa,Electronics,Credit Card,Mobile,59,2673.83,1,2673.83,0.0,0.0,1,5,9,1,1
Female,Ankara,Sports,Bank Transfer,Mobile,37,297.98,1,219.75,78.23,0.26,4,7,5,4,1
Female,Izmir,Books,Digital Wallet,Desktop,28,37.55,1,37.55,0.0,0.0,8,5,2,5,0
Male,Antalya,Beauty,Credit Card,Mobile,40,209.64,1,165.65,43.99,0.21,8,8,2,4,1
Female,Adana,Sports,Credit Card,Mobile,22,622.08,2,1244.16,0.0,0.0,2,8,4,2,1
Female,Kayseri,Electronics,Credit Card,Desktop,39,1499.53,1,1332.14,167.39,0.11,19,5,12,2,1
Male,Istanbul,Food,Digital Wallet,Mobile,38,35.28,1,35.28,0.0,0.0,7,9,7,1,1
Female,Izmir,Fashion,Debit Card,Mobile,42,92.33,2,163.54,21.12,0.11,33,5,1,1,1
Other,Adana,Home & Garden,Digital Wallet,Desktop,22,532.57,5,2662.85,0.0,0.0,30,10,12,4,1
Male,Izmir,Sports,Digital Wallet,Mobile,47,243.07,2,469.17,16.97,0.03,16,12,10,6,0
Male,Bursa,Electronics,Debit Card,Mobile,25,1838.61,3,5515.83,0.0,0.0,12,7,7,5,0
Female,Istanbul,Fashion,Credit Card,Mobile,27,127.21,1,113.47,13.74,0.11,21,10,7,0,1
Male,Antalya,Food,Bank Transfer,Mobile,31,128.05,1,128.05,0.0,0.0,28,10,3,2,0
Male,Istanbul,Electronics,Credit Card,Desktop,41,545.49,3,1528.16,108.31,0.07,5,11,4,1,1
Male,Izmir,Fashion,Debit Card,Mobile,29,244.0,2,488.0,0.0,0.0,14,7,10,0,1
Female,Istanbul,Sports,Debit Card,Mobile,18,140.81,2,281.62,0.0,0.0,22,11,9,4,0
Female,Istanbul,Sports,Digital Wallet,Mobile,40,697.04,1,583.87,113.17,0.16,13,10,12,4,1
Female,Adana,Books,Debit Card,Desktop,29,144.73,5,723.65,0.0,0.0,25,8,2,2,0
Female,Istanbul,Books,Digital Wallet,Mobile,40,19.37,1,19.37,0.0,0.0,16,12,2,5,1
Male,Adana,Beauty,Credit Card,Mobile,34,116.74,1,116.74,0.0,0.0,3,9,12,1,1
Female,Bursa,Food,Debit Card,Mobile,48,97.62,3,292.86,0.0,0.0,26,8,12,3,0
Female,Izmir,Sports,Credit Card,Tablet,18,180.67,1,137.89,42.78,0.24,17,8,7,6,1
Female,Adana,Food,Cash on Delivery,Mobile,37,76.02,1,60.01,16.01,0.21,19,7,6,3,0
Female,Antalya,Toys,Digital Wallet,Desktop,23,83.63,2,167.26,0.0,0.0,13,6,2,2,1
Female,Eskisehir,Electronics,Credit Card,Mobile,18,1711.78,1,1711.78,0.0,0.0,8,7,6,1,1
Male,Istanbul,Home & Garden,Credit Card,Mobile,23,511.01,1,511.01,0.0,0.0,11,8,2,1,1
Female,Istanbul,Fashion,Credit Card,Desktop,56,170.79,2,341.58,0.0,0.0,9,13,10,6,1
Female,Izmir,Sports,Credit Card,Mobile,28,1399.51,1,1159.39,240.12,0.17,6,8,11,4,0
Female,Istanbul,Books,Bank Transfer,Mobile,53,50.61,1,50.61,0.0,0.0,13,7,8,6,1
Male,Istanbul,Electronics,Bank Transfer,Mobile,41,2182.74,1,2182.74,0.0,0.0,24,14,5,5,0
Female,Istanbul,Home & Garden,Credit Card,Desktop,34,1613.69,4,6454.76,0.0,0.0,9,8,2,3,0
Female,Bursa,Sports,Cash on Delivery,Desktop,32,182.8,2,365.6,0.0,0.0,10,7,8,0,0
Male,Ankara,Sports,Debit Card,Mobile,43,530.97,1,400.67,130.3,0.25,8,13,8,1,1
Male,Adana,Books,Cash on Delivery,Desktop,50,69.61,1,64.15,5.46,0.08,24,4,8,2,0
Male,Ankara,Books,Debit Card,Tablet,23,97.02,4,379.52,8.56,0.02,36,16,8,0,1
Male,Kayseri,Toys,Bank Transfer,Mobile,41,346.87,2,693.74,0.0,0.0,11,12,9,0,1
Female,Antalya,Toys,Credit Card,Desktop,61,179.0,2,358.0,0.0,0.0,7,5,7,6,1
Female,Eskisehir,Beauty,Credit Card,Mobile,35,64.94,1,64.94,0.0,0.0,10,9,3,0,1
Male,Gaziantep,Beauty,Digital Wallet,Mobile,55,162.56,5,812.8,0.0,0.0,15,14,1,1,1
Male,Istanbul,Toys,Digital Wallet,Mobile,32,78.56,4,314.24,0.0,0.0,33,8,6,5,1
Female,Ankara,Home & Garden,Cash on Delivery,Mobile,22,234.69,1,234.69,0.0,0.0,15,7,1,1,0
Other,Istanbul,Toys,Debit Card,Mobile,24,90.5,1,73.89,16.61,0.18,15,12,9,4,1
Female,Adana,Beauty,Debit Card,Mobile,29,144.24,1,144.24,0.0,0.0,18,9,8,5,1
Male,Antalya,Food,Debit Card,Mobile,41,91.78,3,275.34,0.0,0.0,3,11,12,0,1
Female,Ankara,Sports,Digital Wallet,Mobile,52,357.87,1,318.46,39.41,0.11,9,9,9,3,1
Female,Izmir,Fashion,Cash on Delivery,Desktop,33,453.89,1,453.89,0.0,0.0,23,8,1,3,1
Female,Istanbul,Home & Garden,Credit Card,Tablet,31,1028.81,1,1028.81,0.0,0.0,8,11,11,0,1
Female,Gaziantep,Home & Garden,Cash on Delivery,Mobile,41,525.48,1,430.77,94.71,0.18,16,7,5,6,1
Female,Eskisehir,Sports,Digital Wallet,Mobile,23,493.93,4,1975.72,0.0,0.0,2,10,9,4,1
Female,Istanbul,Beauty,Debit Card,Mobile,29,64.76,4,259.04,0.0,0.0,8,3,7,4,0
Male,Antalya,Fashion,Debit Card,Desktop,44,168.62,1,123.31,45.31,0.27,16,13,2,0,0
Female,Istanbul,Electronics,Bank Transfer,Desktop,35,447.31,3,1301.56,40.37,0.03,6,14,8,2,0
Male,Kayseri,Books,Digital Wallet,Mobile,48,56.64,3,169.92,0.0,0.0,6,12,3,0,0
Female,Ankara,Toys,Digital Wallet,Tablet,27,300.29,5,1439.69,61.76,0.04,38,6,3,4,0
Female,Bursa,Electronics,Cash on Delivery,Desktop,47,1362.48,1,1362.48,0.0,0.0,31,10,11,6,1
Female,Konya,Home & Garden,Debit Card,Mobile,31,433.06,1,433.06,0.0,0.0,20,8,3,4,1
Female,Kayseri,Fashion,Digital Wallet,Mobile,54,180.94,2,352.81,9.07,0.03,28,13,7,6,1
Female,Ankara,Home & Garden,Debit Card,Mobile,25,674.15,5,3370.75,0.0,0.0,12,8,8,3,1
Male,Izmir,Home & Garden,Debit Card,Desktop,40,120.93,4,483.72,0.0,0.0,9,10,9,1,0
Male,Istanbul,Books,Bank Transfer,Tablet,31,20.52,3,59.94,1.62,0.03,3,10,5,5,0
Male,Izmir,Home & Garden,Credit Card,Desktop,35,205.05,2,410.1,0.0,0.0,22,6,2,6,1
Female,Konya,Beauty,Digital Wallet,Tablet,55,84.42,1,74.75,9.67,0.11,23,7,5,0,0
Male,Ankara,Books,Bank Transfer,Desktop,26,114.28,1,114.28,0.0,0.0,17,6,7,2,1
Female,Izmir,Toys,Credit Card,Tablet,38,79.3,2,158.6,0.0,0.0,31,7,2,5,0
Male,Istanbul,Food,Credit Card,Desktop,47,61.42,1,44.28,17.14,0.28,19,9,2,1,0
Female,Ankara,Sports,Digital Wallet,Mobile,59,1202.59,1,1078.97,123.62,0.1,21,9,12,0,0
Female,Eskisehir,Fashion,Cash on Delivery,Desktop,50,427.23,2,784.55,69.91,0.08,15,5,8,2,1
Female,Antalya,Beauty,Credit Card,Mobile,41,72.53,1,72.53,0.0,0.0,15,9,10,1,0
Male,Kayseri,Electronics,Digital Wallet,Mobile,19,1138.68,4,4309.57,245.15,0.05,14,7,4,3,1
Male,Eskisehir,Sports,Bank Transfer,Mobile,27,581.31,3,1585.74,158.19,0.09,21,7,1,4,1
Male,Konya,Home & Garden,Credit Card,Mobile,25,1605.01,1,1179.21,425.8,0.27,10,10,11,0,1
Male,Ankara,Sports,Debit Card,Tablet,30,184.6,1,146.62,37.98,0.21,18,9,10,4,1
Female,Bursa,Home & Garden,Digital Wallet,Mobile,37,517.98,1,488.86,29.12,0.06,17,10,10,0,1
Female,Istanbul,Electronics,Credit Card,Mobile,47,4864.0,1,4864.0,0.0,0.0,17,6,11,5,1
Female,Ankara,Electronics,Credit Card,Desktop,20,1624.97,1,1624.97,0.0,0.0,12,7,1,3,0
Female,Istanbul,Fashion,Bank Transfer,Desktop,34,194.24,4,776.96,0.0,0.0,12,10,3,4,1
Male,Istanbul,Sports,Digital Wallet,Tablet,21,636.0,1,636.0,0.0,0.0,18,9,7,0,1
Male,Ankara,Electronics,Bank Transfer,Desktop,27,1837.14,2,3299.51,374.77,0.1,43,9,9,2,1
Female,Antalya,Beauty,Digital Wallet,Desktop,18,94.28,3,282.84,0.0,0.0,21,7,11,3,0
Male,Ankara,Food,Digital Wallet,Desktop,47,112.71,1,112.71,0.0,0.0,19,9,2,3,1
Female,Adana,Food,Credit Card,Tablet,18,133.08,1,112.16,20.92,0.16,13,6,5,1,1
Female,Istanbul,Beauty,Credit Card,Tablet,48,98.5,1,79.71,18.79,0.19,8,11,8,6,1
Female,Ankara,Sports,Credit Card,Mobile,60,785.55,1,785.55,0.0,0.0,1,11,1,0,1
Male,Istanbul,Beauty,Credit Card,Desktop,55,69.69,4,278.76,0.0,0.0,9,11,3,2,1
Male,Ankara,Fashion,Bank Transfer,Desktop,28,331.93,1,274.03,57.9,0.17,15,17,3,1,0
Male,Istanbul,Electronics,Cash on Delivery,Desktop,19,3361.82,1,3361.82,0.0,0.0,15,10,7,6,1
Female,Ankara,Fashion,Digital Wallet,Desktop,21,92.74,2,185.48,0.0,0.0,6,9,2,1,1
Male,Izmir,Food,Debit Card,Desktop,33,86.32,1,86.32,0.0,0.0,10,7,1,4,1
Female,Adana,Beauty,Credit Card,Desktop,37,26.89,4,107.56,0.0,0.0,12,10,5,3,1
Male,Eskisehir,Home & Garden,Credit Card,Desktop,25,432.55,1,432.55,0.0,0.0,13,15,4,5,1
Male,Gaziantep,Fashion,Credit Card,Tablet,25,784.81,2,1569.62,0.0,0.0,31,10,9,4,1
Female,Gaziantep,Sports,Credit Card,Tablet,36,739.71,5,3698.55,0.0,0.0,7,8,11,0,0
Male,Istanbul,Electronics,Credit Card,Desktop,23,350.14,5,1750.7,0.0,0.0,5,3,10,4,1
Female,Gaziantep,Toys,Debit Card,Tablet,38,116.84,1,116.84,0.0,0.0,32,6,2,2,1
Female,Izmir,Home & Garden,Credit Card,Mobile,48,719.66,2,1367.56,71.76,0.05,8,7,3,1,1
Female,Istanbul,Toys,Credit Card,Tablet,43,55.84,4,210.28,13.08,0.06,22,3,10,5,1
Male,Istanbul,Beauty,Credit Card,Desktop,43,121.44,2,214.3,28.58,0.12,13,11,5,3,1
Male,Antalya,Sports,Debit Card,Desktop,39,791.79,4,3167.16,0.0,0.0,7,7,10,5,1
Male,Izmir,Beauty,Credit Card,Desktop,28,213.77,4,855.08,0.0,0.0,22,5,5,1,0
Female,Istanbul,Home & Garden,Digital Wallet,Desktop,30,722.14,1,722.14,0.0,0.0,13,5,5,4,1
Male,Ankara,Home & Garden,Digital Wallet,Mobile,29,1030.86,1,734.19,296.67,0.29,8,9,3,1,0
Male,Konya,Sports,Credit Card,Mobile,39,90.77,1,90.77,0.0,0.0,9,13,3,2,1
Female,Adana,Sports,Credit Card,Desktop,40,780.35,5,3901.75,0.0,0.0,27,9,11,4,0
Male,Istanbul,Beauty,Cash on Delivery,Mobile,54,234.38,1,173.8,60.58,0.26,12,9,3,3,1
Female,Konya,Toys,Debit Card,Desktop,45,595.58,1,595.58,0.0,0.0,6,4,12,1,1
Male,Istanbul,Beauty,Debit Card,Desktop,34,124.45,4,497.8,0.0,0.0,14,3,3,5,0
Male,Kayseri,Toys,Credit Card,Desktop,26,153.17,1,153.17,0.0,0.0,9,10,2,2,1
Female,Istanbul,Beauty,Credit Card,Mobile,66,69.78,3,193.01,16.33,0.08,6,10,2,5,1
Male,Kayseri,Beauty,Debit Card,Mobile,65,58.27,1,58.27,0.0,0.0,5,10,12,6,0
Female,Izmir,Toys,Credit Card,Tablet,18,59.58,4,238.32,0.0,0.0,30,7,2,1,1
Female,Adana,Fashion,Bank Transfer,Mobile,22,181.66,1,134.37,47.29,0.26,18,11,3,0,1
Male,Istanbul,Fashion,Credit Card,Desktop,51,434.45,1,434.45,0.0,0.0,15,7,12,3,1
Female,Istanbul,Sports,Bank Transfer,Mobile,29,523.16,5,2615.8,0.0,0.0,11,6,8,4,1
Male,Ankara,Electronics,Digital Wallet,Mobile,28,764.24,2,1528.48,0.0,0.0,11,2,6,1,1
Male,Kayseri,Food,Credit Card,Mobile,34,112.63,3,337.89,0.0,0.0,16,8,9,3,0
Male,Ankara,Sports,Credit Card,Desktop,24,532.67,4,2130.68,0.0,0.0,5,10,1,4,0
Female,Bursa,Beauty,Debit Card,Mobile,45,84.13,1,84.13,0.0,0.0,23,8,8,3,1
Male,Izmir,Toys,Credit Card,Mobile,26,125.48,1,91.25,34.23,0.27,12,6,8,3,1
Female,Ankara,Home & Garden,Debit Card,Mobile,31,1069.82,1,1069.82,0.0,0.0,13,11,1,0,0
Male,Istanbul,Beauty,Bank Transfer,Tablet,43,87.59,1,81.83,5.76,0.07,16,4,8,3,0
Female,Izmir,Toys,Credit Card,Mobile,47,26.95,4,107.8,0.0,0.0,8,13,10,4,1
Female,Adana,Sports,Credit Card,Mobile,50,97.71,1,97.71,0.0,0.0,18,4,2,1,1
Female,Konya,Toys,Debit Card,Tablet,26,114.39,1,114.39,0.0,0.0,5,18,6,4,1
Male,Izmir,Sports,Credit Card,Mobile,35,345.7,2,636.36,55.04,0.08,23,6,2,2,1
Female,Adana,Electronics,Credit Card,Mobile,24,1611.84,1,1611.84,0.0,0.0,11,10,2,5,0
Male,Antalya,Home & Garden,Credit Card,Mobile,32,805.21,5,3937.75,88.3,0.02,4,12,7,1,1
Female,Eskisehir,Food,Digital Wallet,Mobile,38,103.76,1,103.76,0.0,0.0,21,10,6,5,0
Male,Ankara,Food,Credit Card,Tablet,32,54.08,5,270.4,0.0,0.0,22,10,2,4,1
Other,Istanbul,Food,Bank Transfer,Mobile,44,192.26,4,769.04,0.0,0.0,7,9,2,0,1
Male,Istanbul,Home & Garden,Debit Card,Desktop,29,153.71,2,307.42,0.0,0.0,19,9,7,5,0
Female,Adana,Sports,Digital Wallet,Desktop,20,580.6,5,2824.42,78.58,0.03,21,13,3,3,1
Female,Izmir,Beauty,Debit Card,Mobile,65,95.42,2,175.53,15.31,0.08,9,11,7,4,0
Female,Adana,Beauty,Debit Card,Desktop,28,51.57,1,51.57,0.0,0.0,9,11,3,1,0
Male,Istanbul,Electronics,Credit Card,Desktop,23,2365.5,2,4731.0,0.0,0.0,16,8,2,3,1
Female,Adana,Sports,Credit Card,Desktop,34,202.62,1,202.62,0.0,0.0,13,8,5,6,0
Female,Izmir,Beauty,Debit Card,Mobile,18,46.67,1,46.67,0.0,0.0,9,7,7,6,0
Male,Istanbul,Food,Debit Card,Desktop,36,36.2,4,144.8,0.0,0.0,35,4,10,1,1
Male,Antalya,Electronics,Debit Card,Desktop,26,178.47,4,690.66,23.22,0.03,13,8,6,2,1
Female,Izmir,Toys,Credit Card,Desktop,18,114.43,1,114.43,0.0,0.0,13,7,8,2,0
Male,Konya,Fashion,Digital Wallet,Mobile,18,319.45,1,319.45,0.0,0.0,9,12,1,5,1
Male,Kayseri,Fashion,Debit Card,Mobile,35,324.1,4,1247.67,48.73,0.04,3,6,5,6,1
Male,Antalya,Toys,Digital Wallet,Mobile,50,320.42,1,320.42,0.0,0.0,11,6,7,1,1
Female,Antalya,Sports,Credit Card,Tablet,41,367.76,2,735.52,0.0,0.0,3,7,2,2,1
Female,Ankara,Toys,Cash on Delivery,Mobile,25,139.13,2,278.26,0.0,0.0,13,6,12,6,0
Male,Bursa,Beauty,Bank Transfer,Desktop,43,205.03,4,761.58,58.54,0.07,31,9,5,4,0
Female,Izmir,Electronics,Credit Card,Desktop,39,975.57,1,835.78,139.79,0.14,19,9,2,5,0
Female,Izmir,Toys,Credit Card,Desktop,35,68.33,3,204.99,0.0,0.0,13,8,2,3,1
Male,Istanbul,Fashion,Credit Card,Mobile,38,183.88,3,512.59,39.05,0.07,19,14,9,6,0
Male,Konya,Home & Garden,Debit Card,Desktop,46,513.12,1,513.12,0.0,0.0,23,13,11,5,0
Male,Antalya,Toys,Credit Card,Mobile,49,233.8,2,416.33,51.27,0.11,7,10,5,5,0
Male,Istanbul,Sports,Digital Wallet,Tablet,39,193.6,4,774.4,0.0,0.0,24,5,12,5,1
Male,Istanbul,Toys,Digital Wallet,Mobile,44,241.61,4,966.44,0.0,0.0,23,10,2,6,0
Female,Gaziantep,Fashion,Digital Wallet,Mobile,18,498.6,1,498.6,0.0,0.0,1,5,1,0,1
Male,Istanbul,Fashion,Debit Card,Mobile,46,112.19,2,199.44,24.94,0.11,14,6,6,0,1
Male,Ankara,Beauty,Cash on Delivery,Desktop,47,51.03,1,51.03,0.0,0.0,14,10,1,3,0
Female,Izmir,Sports,Credit Card,Mobile,32,861.36,2,1722.72,0.0,0.0,21,6,12,1,0
Male,Ankara,Food,Debit Card,Desktop,52,28.67,5,135.01,8.34,0.06,8,11,8,6,1
Female,Izmir,Toys,Digital Wallet,Desktop,42,198.94,5,994.7,0.0,0.0,3,12,12,4,1
Female,Adana,Books,Debit Card,Mobile,44,58.2,1,58.2,0.0,0.0,8,8,3,0,1
Female,Ankara,Beauty,Debit Card,Mobile,36,52.27,4,199.62,9.46,0.05,10,11,3,3,0
Male,Konya,Sports,Digital Wallet,Mobile,18,541.25,1,541.25,0.0,0.0,4,13,8,4,1
Female,Kayseri,Electronics,Debit Card,Mobile,35,2301.33,2,4602.66,0.0,0.0,6,10,7,4,1
Female,Kayseri,Home & Garden,Credit Card,Tablet,38,257.99,1,257.99,0.0,0.0,14,6,7,0,0
Male,Kayseri,Electronics,Credit Card,Mobile,29,770.72,1,770.72,0.0,0.0,11,8,12,2,1
Female,Istanbul,Books,Digital Wallet,Mobile,19,62.09,2,124.18,0.0,0.0,23,11,1,3,1
Female,Bursa,Sports,Digital Wallet,Tablet,26,354.73,1,354.73,0.0,0.0,14,7,12,1,1
Male,Kayseri,Electronics,Credit Card,Desktop,32,1939.72,1,1451.84,487.88,0.25,15,6,9,3,1
Female,Konya,Sports,Cash on Delivery,Mobile,18,230.63,2,461.26,0.0,0.0,18,9,6,0,0
Female,Ankara,Toys,Bank Transfer,Mobile,36,365.12,2,730.24,0.0,0.0,3,12,8,4,1
Female,Bursa,Home & Garden,Debit Card,Mobile,34,252.28,2,504.56,0.0,0.0,6,6,9,1,1
Female,Bursa,Books,Debit Card,Mobile,38,21.14,1,21.14,0.0,0.0,19,13,12,1,0
Male,Adana,Food,Bank Transfer,Mobile,29,94.37,1,87.38,6.99,0.07,24,10,8,5,0
Male,Istanbul,Books,Bank Transfer,Tablet,18,44.73,1,44.73,0.0,0.0,16,10,12,2,1
Male,Adana,Electronics,Credit Card,Mobile,44,3012.98,4,11748.89,303.03,0.03,16,8,6,3,0
Female,Istanbul,Electronics,Debit Card,Mobile,22,1703.52,1,1330.14,373.38,0.22,13,9,3,6,1
Male,Eskisehir,Books,Bank Transfer,Desktop,26,20.28,5,101.4,0.0,0.0,12,10,5,1,1
Male,Gaziantep,Sports,Debit Card,Desktop,37,327.0,2,654.0,0.0,0.0,4,4,8,5,1
Male,Adana,Home & Garden,Credit Card,Desktop,37,472.32,3,1284.16,132.8,0.09,17,7,8,5,0
Female,Eskisehir,Home & Garden,Digital Wallet,Mobile,18,1369.38,2,2484.39,254.37,0.09,11,8,11,3,1
Female,Istanbul,Home & Garden,Credit Card,Mobile,47,417.68,1,417.68,0.0,0.0,24,10,3,6,1
Male,Konya,Fashion,Debit Card,Mobile,18,515.05,2,1030.1,0.0,0.0,26,10,2,3,0
Male,Ankara,Home & Garden,Credit Card,Mobile,52,316.01,1,316.01,0.0,0.0,23,11,2,3,1
Male,Izmir,Sports,Credit Card,Mobile,24,284.52,3,853.56,0.0,0.0,14,19,3,0,1
Female,Ankara,Sports,Cash on Delivery,Tablet,18,145.31,1,145.31,0.0,0.0,17,5,11,2,0
Male,Izmir,Food,Bank Transfer,Mobile,36,86.37,4,345.48,0.0,0.0,8,6,10,0,1
Male,Ankara,Toys,Credit Card,Mobile,34,225.15,1,225.15,0.0,0.0,5,13,8,2,0
Female,Izmir,Toys,Debit Card,Mobile,55,140.45,3,389.36,31.99,0.08,17,7,5,6,1
Male,Bursa,Home & Garden,Credit Card,Tablet,35,263.2,5,1270.43,45.57,0.03,14,10,7,6,1
Female,Bursa,Food,Debit Card,Desktop,36,11.45,5,55.37,1.88,0.03,29,9,8,1,1
Female,Ankara,Food,Credit Card,Desktop,29,120.51,1,120.51,0.0,0.0,11,13,3,1,0
Female,Eskisehir,Sports,Debit Card,Mobile,49,154.52,1,154.52,0.0,0.0,15,9,3,5,0
Male,Istanbul,Home & Garden,Debit Card,Desktop,30,627.63,5,3138.15,0.0,0.0,10,9,4,6,0
Female,Antalya,Toys,Credit Card,Mobile,24,351.94,3,1055.82,0.0,0.0,6,11,5,0,1
Female,Bursa,Sports,Bank Transfer,Desktop,18,1125.06,3,3375.18,0.0,0.0,5,7,2,6,1
Male,Ankara,Fashion,Credit Card,Desktop,29,355.54,4,1422.16,0.0,0.0,23,8,5,5,0
Female,Istanbul,Beauty,Digital Wallet,Mobile,32,80.28,1,80.28,0.0,0.0,26,9,12,4,1
Female,Istanbul,Books,Digital Wallet,Mobile,18,39.89,1,33.34,6.55,0.16,4,16,9,6,0
Female,Ankara,Fashion,Bank Transfer,Tablet,38,49.62,5,234.03,14.07,0.06,7,9,3,0,1
Female,Istanbul,Electronics,Credit Card,Mobile,26,1916.92,1,1916.92,0.0,0.0,4,17,3,6,1
Female,Antalya,Beauty,Digital Wallet,Mobile,18,76.95,2,153.9,0.0,0.0,5,13,11,2,0
Female,Adana,Toys,Debit Card,Desktop,40,53.66,3,150.24,10.74,0.07,25,8,10,3,0
Male,Antalya,Sports,Cash on Delivery,Mobile,46,604.33,1,604.33,0.0,0.0,11,9,10,6,1
Female,Konya,Sports,Debit Card,Tablet,29,1197.72,1,1197.72,0.0,0.0,12,6,5,0,1
Male,Izmir,Home & Garden,Credit Card,Mobile,42,617.18,1,617.18,0.0,0.0,12,5,4,5,0
Male,Kayseri,Home & Garden,Debit Card,Mobile,18,145.82,2,291.64,0.0,0.0,22,10,6,4,0
Female,Ankara,Electronics,Digital Wallet,Mobile,29,4962.14,2,9924.28,0.0,0.0,26,8,3,0,0
Female,Istanbul,Sports,Credit Card,Desktop,18,1125.88,1,965.67,160.21,0.14,23,3,12,2,1
Female,Adana,Home & Garden,Digital Wallet,Mobile,32,349.92,1,349.92,0.0,0.0,12,7,2,5,1
Female,Izmir,Fashion,Credit Card,Mobile,25,434.35,5,2171.75,0.0,0.0,9,9,10,2,1
Male,Kayseri,Toys,Credit Card,Tablet,54,72.26,1,72.26,0.0,0.0,11,9,7,0,0
Female,Istanbul,Fashion,Bank Transfer,Desktop,42,547.31,3,1641.93,0.0,0.0,20,12,10,2,0
Male,Istanbul,Fashion,Debit Card,Tablet,52,80.21,1,80.21,0.0,0.0,18,10,2,6,1
Female,Istanbul,Electronics,Debit Card,Mobile,45,2059.12,5,10295.6,0.0,0.0,3,9,2,0,0
Female,Bursa,Beauty,Credit Card,Mobile,23,29.91,1,29.91,0.0,0.0,6,10,3,4,0
Female,Konya,Electronics,Digital Wallet,Tablet,40,1321.46,4,5285.84,0.0,0.0,13,7,5,2,1
Male,Izmir,Electronics,Credit Card,Mobile,42,318.15,2,636.3,0.0,0.0,12,10,4,2,0
Female,Ankara,Books,Cash on Delivery,Tablet,33,56.98,1,56.98,0.0,0.0,13,8,2,5,0
Male,Bursa,Books,Bank Transfer,Mobile,40,53.34,4,213.36,0.0,0.0,32,8,10,2,1
Male,Istanbul,Home & Garden,Digital Wallet,Desktop,22,1116.22,1,1116.22,0.0,0.0,8,16,11,1,1
Female,Bursa,Electronics,Credit Card,Mobile,23,556.7,2,1113.4,0.0,0.0,8,12,6,0,1
Male,Istanbul,Books,Credit Card,Mobile,25,76.33,1,76.33,0.0,0.0,22,13,7,4,1
Female,Antalya,Electronics,Debit Card,Mobile,47,988.12,3,2964.36,0.0,0.0,7,9,6,3,1
Male,Istanbul,Home & Garden,Credit Card,Mobile,28,1168.22,1,1095.74,72.48,0.06,10,5,12,4,1
Male,Bursa,Toys,Bank Transfer,Mobile,18,62.42,3,187.26,0.0,0.0,14,10,3,3,1
Female,Gaziantep,Sports,Credit Card,Mobile,33,189.25,4,757.0,0.0,0.0,4,6,9,4,0
Female,Konya,Sports,Credit Card,Mobile,26,914.56,3,2579.98,163.7,0.06,8,11,12,1,1
Male,Istanbul,Fashion,Bank Transfer,Desktop,49,100.72,1,100.72,0.0,0.0,8,9,6,5,1
Male,Antalya,Sports,Credit Card,Mobile,33,570.69,1,403.86,166.83,0.29,25,6,12,2,1
Male,Konya,Sports,Debit Card,Mobile,59,854.83,3,2564.49,0.0,0.0,3,8,3,0,1
Male,Istanbul,Fashion,Digital Wallet,Mobile,51,241.12,1,225.54,15.58,0.06,10,15,11,1,1
Male,Gaziantep,Fashion,Credit Card,Mobile,31,156.97,1,156.97,0.0,0.0,4,13,8,3,0
Female,Istanbul,Electronics,Credit Card,Tablet,27,2070.88,1,2070.88,0.0,0.0,4,10,5,1,1
Male,Bursa,Books,Debit Card,Desktop,23,53.47,1,53.47,0.0,0.0,14,3,1,5,1
Female,Kayseri,Home & Garden,Credit Card,Mobile,26,886.97,1,886.97,0.0,0.0,15,11,3,3,1
Female,Istanbul,Sports,Cash on Delivery,Tablet,29,1094.3,4,4377.2,0.0,0.0,6,10,8,4,0
Male,Istanbul,Fashion,Credit Card,Desktop,27,239.25,1,239.25,0.0,0.0,15,10,9,6,1
Male,Istanbul,Fashion,Debit Card,Mobile,40,107.79,1,107.79,0.0,0.0,2,12,1,1,0
Female,Ankara,Toys,Credit Card,Tablet,37,28.58,4,114.32,0.0,0.0,21,6,12,3,0
Male,Istanbul,Toys,Digital Wallet,Desktop,59,116.63,1,116.63,0.0,0.0,11,10,1,3,1
Female,Izmir,Books,Debit Card,Mobile,49,22.22,1,18.5,3.72,0.17,8,16,2,3,0
Male,Istanbul,Toys,Debit Card,Mobile,54,346.05,3,1038.15,0.0,0.0,22,9,8,1,0
Female,Adana,Books,Credit Card,Mobile,49,61.41,5,307.05,0.0,0.0,2,6,4,2,1
Male,Ankara,Food,Cash on Delivery,Desktop,23,71.18,4,284.72,0.0,0.0,4,9,10,0,1
Female,Bursa,Electronics,Digital Wallet,Mobile,23,1739.1,2,3360.56,117.64,0.03,39,8,2,0,1
Female,Adana,Home & Garden,Digital Wallet,Mobile,30,549.57,1,479.22,70.35,0.13,14,10,1,4,1
Male,Istanbul,Books,Digital Wallet,Mobile,23,77.39,3,232.17,0.0,0.0,8,10,1,0,0
Male,Izmir,Fashion,Cash on Delivery,Tablet,18,276.82,1,276.82,0.0,0.0,3,14,4,3,1
Female,Istanbul,Sports,Credit Card,Mobile,36,283.94,3,851.82,0.0,0.0,13,11,10,2,0
Female,Ankara,Home & Garden,Credit Card,Desktop,47,988.13,2,1795.92,180.34,0.09,26,14,2,1,0
Female,Gaziantep,Fashion,Digital Wallet,Mobile,29,370.25,1,370.25,0.0,0.0,18,9,1,0,1
Male,Bursa,Books,Digital Wallet,Desktop,55,32.62,1,32.62,0.0,0.0,5,12,11,3,0
Male,Ankara,Electronics,Credit Card,Desktop,47,1840.13,2,3680.26,0.0,0.0,25,11,3,4,0
Female,Ankara,Food,Digital Wallet,Mobile,41,128.13,1,128.13,0.0,0.0,11,5,2,1,1
Male,Istanbul,Home & Garden,Credit Card,Tablet,38,109.5,2,219.0,0.0,0.0,8,12,1,1,1
Female,Istanbul,Beauty,Credit Card,Desktop,49,145.09,1,131.77,13.32,0.09,11,15,2,3,1
Female,Istanbul,Food,Credit Card,Tablet,45,108.89,4,435.56,0.0,0.0,19,7,1,2,1
Male,Istanbul,Home & Garden,Debit Card,Tablet,45,547.1,1,410.35,136.75,0.25,3,8,11,0,0
Female,Gaziantep,Food,Cash on Delivery,Mobile,32,57.74,3,173.22,0.0,0.0,12,9,6,4,1
Male,Istanbul,Electronics,Credit Card,Mobile,32,804.06,1,574.78,229.28,0.29,8,10,1,6,0
Male,Bursa,Food,Cash on Delivery,Desktop,31,109.15,1,109.15,0.0,0.0,1,7,8,3,1
Female,Gaziantep,Fashion,Bank Transfer,Mobile,56,157.39,3,472.17,0.0,0.0,9,13,5,6,1
Male,Izmir,Food,Debit Card,Mobile,35,30.6,1,28.4,2.2,0.07,7,6,3,4,0
Female,Eskisehir,Books,Digital Wallet,Tablet,38,38.63,2,77.26,0.0,0.0,14,10,3,3,0
Female,Istanbul,Beauty,Credit Card,Tablet,35,45.69,1,34.68,11.01,0.24,12,11,6,3,1
Male,Istanbul,Books,Credit Card,Mobile,58,98.28,2,184.72,11.84,0.06,36,7,3,5,0
Female,Ankara,Electronics,Debit Card,Desktop,37,868.93,3,2606.79,0.0,0.0,3,12,2,0,1
Male,Izmir,Books,Credit Card,Mobile,33,43.48,4,173.92,0.0,0.0,4,10,12,4,0
Male,Izmir,Electronics,Digital Wallet,Mobile,43,2240.87,3,6722.61,0.0,0.0,12,7,2,0,0
Female,Bursa,Sports,Credit Card,Desktop,46,350.06,3,952.75,97.43,0.09,18,10,11,2,1
Male,Adana,Home & Garden,Digital Wallet,Mobile,42,655.26,1,465.54,189.72,0.29,18,11,2,0,1
Female,Adana,Books,Debit Card,Desktop,33,65.18,5,325.9,0.0,0.0,9,10,1,4,0
Female,Izmir,Toys,Digital Wallet,Desktop,40,212.57,1,212.57,0.0,0.0,8,8,8,3,1
Female,Istanbul,Toys,Digital Wallet,Desktop,38,76.14,2,152.28,0.0,0.0,3,8,3,6,1
Female,Istanbul,Electronics,Credit Card,Mobile,41,327.26,1,251.07,76.19,0.23,6,13,8,2,0
Male,Gaziantep,Books,Credit Card,Mobile,40,29.36,2,58.72,0.0,0.0,30,5,6,2,0
Female,Antalya,Toys,Digital Wallet,Mobile,39,284.75,2,569.5,0.0,0.0,26,10,11,4,1
Male,Izmir,Toys,Digital Wallet,Mobile,20,227.05,1,227.05,0.0,0.0,12,8,5,2,1
Male,Konya,Fashion,Debit Card,Mobile,18,142.39,1,142.39,0.0,0.0,19,10,7,2,0
Male,Ankara,Sports,Debit Card,Mobile,40,155.57,2,311.14,0.0,0.0,3,5,9,2,1
Female,Bursa,Beauty,Cash on Delivery,Mobile,22,57.87,3,165.57,8.04,0.05,10,5,12,6,0
Male,Bursa,Home & Garden,Debit Card,Mobile,37,550.0,1,522.32,27.68,0.05,6,6,10,5,1
Female,Eskisehir,Books,Credit Card,Tablet,37,70.14,4,280.56,0.0,0.0,20,11,2,4,0
Male,Ankara,Electronics,Credit Card,Desktop,46,1211.12,5,6055.6,0.0,0.0,2,10,11,1,1
Male,Istanbul,Food,Cash on Delivery,Tablet,28,77.53,2,146.4,8.66,0.06,11,6,5,2,1
Female,Istanbul,Home & Garden,Cash on Delivery,Desktop,55,457.46,5,2287.3,0.0,0.0,16,9,10,0,1
Female,Konya,Toys,Credit Card,Mobile,49,152.12,1,152.12,0.0,0.0,20,14,5,3,1
Male,Bursa,Beauty,Bank Transfer,Mobile,26,36.39,1,36.39,0.0,0.0,12,5,2,6,0
Female,Ankara,Toys,Credit Card,Desktop,53,311.84,5,1559.2,0.0,0.0,14,7,3,5,1
Male,Konya,Food,Credit Card,Mobile,35,24.88,1,23.54,1.34,0.05,5,6,5,4,0
Female,Istanbul,Food,Digital Wallet,Mobile,52,54.75,2,109.5,0.0,0.0,17,11,8,6,1
Male,Eskisehir,Food,Credit Card,Mobile,21,28.18,3,84.54,0.0,0.0,15,11,3,1,0
Male,Ankara,Fashion,Credit Card,Desktop,26,489.62,4,1863.16,95.32,0.05,12,11,10,6,0
Male,Eskisehir,Sports,Debit Card,Mobile,38,600.21,1,600.21,0.0,0.0,13,7,5,6,1
Male,Bursa,Books,Digital Wallet,Mobile,33,43.59,2,87.18,0.0,0.0,5,8,2,2,1
Male,Bursa,Sports,Bank Transfer,Mobile,26,1063.19,1,1063.19,0.0,0.0,25,8,3,4,1
Male,Konya,Toys,Debit Card,Mobile,18,340.65,2,681.3,0.0,0.0,1,8,5,3,0
Male,Istanbul,Beauty,Debit Card,Tablet,25,63.67,3,191.01,0.0,0.0,8,10,3,0,0
Other,Istanbul,Beauty,Cash on Delivery,Tablet,26,53.01,2,106.02,0.0,0.0,5,11,8,2,1
Male,Adana,Books,Debit Card,Mobile,22,37.9,1,37.9,0.0,0.0,6,9,8,0,1
Female,Istanbul,Sports,Credit Card,Mobile,26,205.49,1,158.84,46.65,0.23,21,12,3,6,1
Female,Izmir,Food,Digital Wallet,Desktop,55,61.75,2,123.5,0.0,0.0,35,7,11,5,0
Male,Istanbul,Fashion,Debit Card,Mobile,35,334.91,1,334.91,0.0,0.0,7,10,3,4,1
Female,Istanbul,Home & Garden,Credit Card,Mobile,26,160.5,1,140.64,19.86,0.12,12,8,2,0,1
Male,Ankara,Home & Garden,Digital Wallet,Mobile,21,269.0,1,244.72,24.28,0.09,11,13,1,6,1
Female,Istanbul,Toys,Credit Card,Desktop,33,180.57,1,180.57,0.0,0.0,3,7,10,6,1
Male,Konya,Sports,Credit Card,Desktop,32,485.52,1,448.51,37.01,0.08,22,13,2,1,0
Female,Izmir,Electronics,Digital Wallet,Mobile,18,348.65,1,284.6,64.05,0.18,15,12,12,0,1
Female,Istanbul,Fashion,Credit Card,Mobile,39,137.99,5,662.8,27.15,0.04,13,15,2,0,0
Female,Kayseri,Electronics,Credit Card,Mobile,40,1709.96,4,6839.84,0.0,0.0,8,8,12,1,1
Male,Izmir,Home & Garden,Credit Card,Mobile,40,1071.4,4,4285.6,0.0,0.0,9,10,10,2,1
Male,Kayseri,Toys,Credit Card,Mobile,20,177.95,2,355.9,0.0,0.0,9,12,9,5,0
Male,Eskisehir,Sports,Credit Card,Mobile,37,136.47,2,272.94,0.0,0.0,8,9,8,5,0
Female,Istanbul,Food,Credit Card,Tablet,28,42.49,1,36.88,5.61,0.13,24,8,8,1,1
Female,Konya,Books,Credit Card,Mobile,31,94.66,5,473.3,0.0,0.0,9,7,5,4,1
Female,Ankara,Beauty,Digital Wallet,Mobile,37,66.14,3,191.06,7.36,0.04,42,6,3,2,1
Female,Istanbul,Home & Garden,Credit Card,Mobile,44,530.65,1,530.65,0.0,0.0,25,7,1,3,1
Female,Eskisehir,Toys,Debit Card,Tablet,30,230.67,1,230.67,0.0,0.0,20,7,10,6,0
Female,Bursa,Toys,Credit Card,Mobile,29,36.47,2,63.68,9.26,0.13,5,9,5,6,0
Female,Gaziantep,Food,Digital Wallet,Mobile,25,107.69,4,419.19,11.57,0.03,13,11,7,1,1
Male,Kayseri,Electronics,Credit Card,Mobile,32,1860.25,1,1740.75,119.5,0.06,22,7,1,3,0
Male,Izmir,Beauty,Debit Card,Desktop,40,37.24,1,37.24,0.0,0.0,6,6,2,3,1
Female,Bursa,Beauty,Credit Card,Mobile,30,188.86,1,188.86,0.0,0.0,18,10,7,2,1
Female,Adana,Fashion,Credit Card,Tablet,35,200.1,3,600.3,0.0,0.0,22,11,7,0,0
Male,Izmir,Books,Credit Card,Mobile,41,53.93,2,107.86,0.0,0.0,25,11,3,3,1
Female,Izmir,Sports,Debit Card,Desktop,28,103.18,1,103.18,0.0,0.0,21,8,1,0,0
Female,Bursa,Fashion,Digital Wallet,Desktop,24,232.86,1,232.86,0.0,0.0,12,8,6,3,1
Male,Izmir,Electronics,Bank Transfer,Mobile,24,1169.81,3,3338.29,171.14,0.05,21,14,7,0,0
Male,Adana,Food,Cash on Delivery,Mobile,40,100.09,1,100.09,0.0,0.0,7,10,12,0,1
Female,Konya,Sports,Credit Card,Mobile,23,402.95,3,1208.85,0.0,0.0,14,9,1,0,1
Male,Izmir,Sports,Bank Transfer,Desktop,18,132.57,1,132.57,0.0,0.0,17,12,12,2,0
Female,Istanbul,Electronics,Credit Card,Mobile,18,1290.02,2,2580.04,0.0,0.0,16,7,3,6,1
Female,Antalya,Books,Credit Card,Tablet,34,51.34,2,102.68,0.0,0.0,9,5,3,6,1
Male,Antalya,Books,Debit Card,Tablet,42,36.1,3,103.29,5.01,0.05,52,7,1,5,1
Male,Adana,Beauty,Debit Card,Desktop,30,79.59,1,79.59,0.0,0.0,9,13,2,3,1
Female,Ankara,Toys,Credit Card,Mobile,22,145.64,1,145.64,0.0,0.0,4,8,3,2,1
Male,Gaziantep,Fashion,Bank Transfer,Mobile,28,225.05,1,225.05,0.0,0.0,5,16,5,4,1
Male,Kayseri,Fashion,Debit Card,Mobile,34,563.62,1,563.62,0.0,0.0,17,9,2,0,1
Male,Izmir,Beauty,Digital Wallet,Mobile,42,100.36,2,200.72,0.0,0.0,3,6,2,4,1
Male,Adana,Books,Credit Card,Mobile,33,18.67,3,51.2,4.81,0.09,17,10,1,5,1
Male,Izmir,Books,Credit Card,Tablet,18,76.0,1,76.0,0.0,0.0,15,14,10,5,1
Male,Adana,Food,Credit Card,Mobile,42,27.31,1,27.31,0.0,0.0,1,14,4,1,1
Male,Istanbul,Toys,Credit Card,Mobile,41,25.17,4,100.68,0.0,0.0,6,11,7,0,1
Female,Gaziantep,Food,Debit Card,Desktop,52,99.44,1,99.44,0.0,0.0,7,10,5,1,0
Female,Istanbul,Home & Garden,Debit Card,Mobile,40,484.43,1,484.43,0.0,0.0,24,6,1,1,0
Male,Izmir,Food,Credit Card,Mobile,41,69.86,1,57.23,12.63,0.18,9,6,10,4,0
Female,Antalya,Food,Credit Card,Mobile,18,52.29,1,47.61,4.68,0.09,29,9,7,5,0
Female,Ankara,Toys,Credit Card,Tablet,31,133.66,1,133.66,0.0,0.0,1,10,3,6,0
Female,Kayseri,Books,Debit Card,Mobile,40,41.52,1,41.52,0.0,0.0,26,12,7,5,0
Female,Adana,Books,Credit Card,Desktop,43,84.88,5,424.4,0.0,0.0,7,5,2,2,0
Female,Istanbul,Books,Credit Card,Mobile,28,76.71,5,383.55,0.0,0.0,14,8,2,4,1
Male,Konya,Food,Credit Card,Mobile,44,213.64,2,427.28,0.0,0.0,10,16,1,6,0
Male,Istanbul,Toys,Debit Card,Desktop,18,165.08,5,825.4,0.0,0.0,7,7,11,3,1
Male,Antalya,Food,Debit Card,Desktop,52,40.56,2,75.29,5.83,0.07,3,12,3,2,1
Male,Istanbul,Beauty,Debit Card,Desktop,42,338.26,4,1253.94,99.1,0.07,11,7,5,0,0
Female,Izmir,Beauty,Cash on Delivery,Mobile,31,114.84,1,93.39,21.45,0.19,11,9,4,2,1
Female,Eskisehir,Food,Digital Wallet,Desktop,37,39.2,4,148.56,8.24,0.05,21,11,6,0,0
Female,Bursa,Beauty,Debit Card,Tablet,44,131.51,1,131.51,0.0,0.0,18,8,5,4,1
Male,Ankara,Electronics,Debit Card,Desktop,30,943.15,2,1644.48,241.82,0.13,27,16,11,1,1
Male,Adana,Home & Garden,Credit Card,Tablet,19,236.44,1,236.44,0.0,0.0,10,12,4,0,1
Female,Adana,Home & Garden,Debit Card,Tablet,25,1620.79,4,6483.16,0.0,0.0,17,11,1,5,1
Male,Istanbul,Books,Debit Card,Mobile,22,45.48,1,45.48,0.0,0.0,10,3,9,4,0
Female,Istanbul,Fashion,Digital Wallet,Mobile,27,262.95,3,788.85,0.0,0.0,22,4,4,3,0
Male,Ankara,Toys,Credit Card,Mobile,18,86.36,5,431.8,0.0,0.0,17,7,12,1,0
Female,Adana,Toys,Debit Card,Mobile,44,90.07,3,270.21,0.0,0.0,21,7,9,2,1
Male,Istanbul,Fashion,Credit Card,Desktop,32,190.2,3,570.6,0.0,0.0,12,6,8,1,1
Female,Istanbul,Electronics,Credit Card,Mobile,18,342.48,1,342.48,0.0,0.0,6,9,2,5,1
Male,Kayseri,Fashion,Credit Card,Desktop,33,308.72,4,1234.88,0.0,0.0,6,9,4,3,0
Female,Istanbul,Sports,Credit Card,Mobile,37,118.37,2,236.74,0.0,0.0,12,9,1,5,1
Female,Bursa,Sports,Credit Card,Mobile,36,165.57,1,139.41,26.16,0.16,9,10,10,3,0
Female,Izmir,Electronics,Credit Card,Mobile,23,2518.43,5,12592.15,0.0,0.0,18,16,12,0,1
Female,Izmir,Home & Garden,Bank Transfer,Desktop,37,704.6,2,1409.2,0.0,0.0,10,8,3,3,1
Male,Istanbul,Electronics,Credit Card,Mobile,52,2377.86,3,7133.58,0.0,0.0,3,7,3,0,1
Male,Ankara,Home & Garden,Credit Card,Desktop,18,599.44,1,599.44,0.0,0.0,16,9,8,5,1
Female,Istanbul,Beauty,Digital Wallet,Mobile,65,82.4,5,412.0,0.0,0.0,17,8,7,3,0
Male,Istanbul,Electronics,Debit Card,Desktop,48,3546.51,3,10639.53,0.0,0.0,15,4,5,0,0
Male,Bursa,Sports,Credit Card,Tablet,53,395.79,1,395.79,0.0,0.0,5,8,10,4,1
Male,Istanbul,Books,Debit Card,Mobile,29,20.4,2,35.15,5.65,0.14,32,9,7,6,1
Male,Kayseri,Beauty,Credit Card,Mobile,18,76.83,3,230.49,0.0,0.0,43,13,2,6,1
Male,Izmir,Food,Debit Card,Mobile,36,50.94,1,50.94,0.0,0.0,11,8,1,1,1
Female,Istanbul,Fashion,Credit Card,Mobile,45,333.67,1,291.31,42.36,0.13,2,11,1,3,0
Male,Istanbul,Electronics,Digital Wallet,Mobile,22,665.91,2,1331.82,0.0,0.0,9,8,9,6,0
Female,Izmir,Beauty,Digital Wallet,Desktop,41,92.5,4,370.0,0.0,0.0,14,9,5,0,1
Female,Istanbul,Fashion,Credit Card,Mobile,45,75.25,4,301.0,0.0,0.0,33,8,4,6,1
Female,Adana,Home & Garden,Digital Wallet,Desktop,57,423.12,2,846.24,0.0,0.0,17,12,5,1,1
Male,Gaziantep,Toys,Digital Wallet,Desktop,32,160.07,3,480.21,0.0,0.0,15,9,6,0,0
Female,Ankara,Home & Garden,Credit Card,Desktop,27,584.78,1,584.78,0.0,0.0,18,8,3,5,0
Female,Istanbul,Toys,Debit Card,Desktop,44,341.09,2,682.18,0.0,0.0,15,11,2,5,0
Female,Ankara,Beauty,Debit Card,Desktop,28,201.69,5,1008.45,0.0,0.0,9,16,12,5,1
Male,Istanbul,Toys,Digital Wallet,Mobile,50,228.3,1,228.3,0.0,0.0,16,10,3,2,1
Female,Kayseri,Beauty,Cash on Delivery,Mobile,28,227.82,5,1115.59,23.51,0.02,17,13,3,2,0
Female,Izmir,Electronics,Bank Transfer,Mobile,18,1416.96,1,1336.86,80.1,0.06,32,7,1,6,1
Male,Izmir,Fashion,Digital Wallet,Desktop,36,88.22,2,176.44,0.0,0.0,19,9,4,2,0
Female,Izmir,Beauty,Credit Card,Desktop,33,64.79,1,64.79,0.0,0.0,15,12,6,2,0
Male,Antalya,Food,Credit Card,Mobile,22,40.2,1,40.2,0.0,0.0,1,10,11,6,1
Female,Istanbul,Fashion,Credit Card,Mobile,25,153.66,3,438.57,22.41,0.05,8,6,12,2,0
Female,Ankara,Home & Garden,Digital Wallet,Mobile,32,275.41,3,826.23,0.0,0.0,13,11,12,0,1
Male,Bursa,Electronics,Credit Card,Tablet,32,836.34,1,836.34,0.0,0.0,18,8,6,3,0
Female,Konya,Food,Debit Card,Mobile,33,54.95,2,109.9,0.0,0.0,12,10,5,1,1
Female,Izmir,Toys,Credit Card,Desktop,30,341.65,5,1708.25,0.0,0.0,10,4,4,2,0
Male,Kayseri,Toys,Credit Card,Desktop,18,609.87,4,2439.48,0.0,0.0,6,10,10,2,1
Female,Istanbul,Books,Digital Wallet,Mobile,34,77.61,3,232.83,0.0,0.0,15,7,4,5,0
Female,Istanbul,Electronics,Credit Card,Tablet,18,993.08,1,993.08,0.0,0.0,33,7,1,2,0
Male,Istanbul,Books,Digital Wallet,Mobile,33,123.74,5,587.1,31.6,0.05,21,6,3,4,1
Female,Ankara,Sports,Credit Card,Mobile,40,464.8,2,929.6,0.0,0.0,10,16,5,0,0
Male,Istanbul,Beauty,Credit Card,Desktop,51,48.49,5,242.45,0.0,0.0,30,10,3,5,1
Female,Izmir,Sports,Debit Card,Mobile,31,344.71,1,344.71,0.0,0.0,44,11,2,3,1
Male,Izmir,Sports,Debit Card,Mobile,46,777.21,4,3001.24,107.6,0.03,13,8,9,4,0
Male,Kayseri,Fashion,Debit Card,Mobile,26,554.92,1,466.36,88.56,0.16,24,13,4,5,1
Female,Bursa,Sports,Credit Card,Mobile,38,494.86,2,989.72,0.0,0.0,7,8,10,4,1
Female,Konya,Food,Digital Wallet,Mobile,39,146.34,5,699.61,32.09,0.04,19,9,1,4,1
Female,Izmir,Home & Garden,Credit Card,Mobile,38,516.2,5,2581.0,0.0,0.0,9,9,7,6,1
Male,Istanbul,Electronics,Digital Wallet,Tablet,18,2995.32,4,11630.16,351.12,0.03,14,7,1,0,0
Female,Bursa,Fashion,Debit Card,Mobile,37,255.96,1,255.96,0.0,0.0,21,9,4,1,1
Female,Antalya,Sports,Credit Card,Mobile,47,322.29,3,966.87,0.0,0.0,16,6,5,1,0
Female,Antalya,Books,Credit Card,Mobile,23,65.48,1,65.48,0.0,0.0,12,15,2,5,0
Female,Bursa,Fashion,Digital Wallet,Mobile,20,200.79,5,1003.95,0.0,0.0,6,10,10,4,0
Female,Kayseri,Toys,Digital Wallet,Desktop,25,48.43,1,36.78,11.65,0.24,12,11,10,5,1
Female,Istanbul,Electronics,Debit Card,Mobile,37,1734.29,1,1388.62,345.67,0.2,36,6,8,2,0
Female,Istanbul,Toys,Credit Card,Mobile,41,198.81,5,994.05,0.0,0.0,24,4,2,1,0
Female,Izmir,Sports,Digital Wallet,Mobile,38,499.36,1,444.91,54.45,0.11,13,13,12,6,1
Male,Istanbul,Fashion,Credit Card,Desktop,48,211.54,2,423.08,0.0,0.0,18,11,1,5,0
Male,Ankara,Fashion,Bank Transfer,Desktop,37,87.27,1,78.63,8.64,0.1,9,12,8,2,0
Female,Bursa,Books,Debit Card,Mobile,32,27.62,1,27.62,0.0,0.0,20,9,8,6,0
Female,Ankara,Home & Garden,Debit Card,Tablet,33,157.74,5,788.7,0.0,0.0,29,7,11,1,0
Female,Izmir,Food,Debit Card,Desktop,23,50.95,1,42.57,8.38,0.16,23,13,10,0,0
Male,Istanbul,Books,Credit Card,Mobile,28,37.36,4,149.44,0.0,0.0,22,4,11,0,0
Male,Kayseri,Home & Garden,Debit Card,Desktop,39,651.78,5,3258.9,0.0,0.0,17,8,11,6,0
Male,Ankara,Toys,Credit Card,Mobile,18,58.38,4,233.52,0.0,0.0,12,11,2,0,0
Female,Izmir,Beauty,Bank Transfer,Mobile,35,265.39,3,796.17,0.0,0.0,25,11,6,1,0
Female,Istanbul,Beauty,Debit Card,Mobile,23,60.52,2,121.04,0.0,0.0,18,9,10,6,1
Female,Istanbul,Fashion,Debit Card,Mobile,26,316.01,1,316.01,0.0,0.0,5,11,3,6,1
Male,Istanbul,Fashion,Debit Card,Tablet,41,241.97,3,725.91,0.0,0.0,8,8,2,5,1
Female,Gaziantep,Books,Digital Wallet,Mobile,18,20.21,4,80.84,0.0,0.0,32,7,3,3,1
Female,Antalya,Beauty,Debit Card,Mobile,46,52.99,3,158.97,0.0,0.0,6,4,11,2,0
Female,Izmir,Home & Garden,Credit Card,Mobile,41,259.87,1,236.3,23.57,0.09,2,10,3,4,0
Male,Ankara,Fashion,Credit Card,Desktop,32,70.92,1,67.16,3.76,0.05,17,9,1,3,1
Male,Istanbul,Books,Credit Card,Desktop,36,47.45,1,47.45,0.0,0.0,38,5,1,5,1
Male,Izmir,Food,Credit Card,Desktop,20,80.71,4,322.84,0.0,0.0,17,8,12,3,0
Female,Istanbul,Toys,Digital Wallet,Desktop,43,111.68,3,303.01,32.03,0.1,10,16,3,0,1
Male,Ankara,Home & Garden,Credit Card,Mobile,51,949.64,4,3798.56,0.0,0.0,1,11,2,2,1
Male,Istanbul,Fashion,Credit Card,Mobile,30,366.55,5,1742.01,90.74,0.05,8,9,1,6,1
Male,Izmir,Electronics,Cash on Delivery,Mobile,33,1968.83,1,1968.83,0.0,0.0,33,4,8,0,0
Male,Istanbul,Toys,Cash on Delivery,Mobile,18,257.5,3,730.72,41.78,0.05,6,5,4,0,1
Female,Ankara,Books,Digital Wallet,Mobile,21,107.16,1,107.16,0.0,0.0,14,6,6,2,1
Female,Ankara,Electronics,Debit Card,Mobile,27,2004.55,3,5834.91,178.74,0.03,24,8,12,5,1
Female,Izmir,Beauty,Credit Card,Mobile,35,130.08,2,260.16,0.0,0.0,18,13,5,0,1
Female,Ankara,Fashion,Debit Card,Desktop,40,151.7,2,303.4,0.0,0.0,15,7,11,4,1
Male,Konya,Fashion,Debit Card,Mobile,29,273.0,4,1053.48,38.52,0.04,9,9,7,3,0
Female,Eskisehir,Books,Digital Wallet,Mobile,34,35.37,1,31.88,3.49,0.1,32,10,2,3,0
Male,Gaziantep,Home & Garden,Bank Transfer,Desktop,38,1469.76,1,1469.76,0.0,0.0,13,13,1,0,0
Female,Istanbul,Toys,Debit Card,Desktop,27,146.8,1,146.8,0.0,0.0,18,13,3,3,1
Female,Bursa,Electronics,Digital Wallet,Desktop,23,2856.11,1,2856.11,0.0,0.0,17,13,12,5,1
Female,Istanbul,Sports,Debit Card,Mobile,43,666.91,1,666.91,0.0,0.0,19,8,1,5,1
Female,Antalya,Fashion,Credit Card,Mobile,28,55.4,3,166.2,0.0,0.0,9,6,9,4,1
Male,Istanbul,Fashion,Credit Card,Desktop,49,406.49,1,406.49,0.0,0.0,14,13,4,4,1
Male,Istanbul,Books,Digital Wallet,Mobile,29,76.52,5,362.46,20.14,0.05,43,7,6,2,1
Male,Istanbul,Beauty,Digital Wallet,Mobile,18,41.08,4,164.32,0.0,0.0,50,13,7,4,1
Female,Kayseri,Books,Digital Wallet,Tablet,46,60.01,1,60.01,0.0,0.0,4,5,12,2,0
Female,Istanbul,Beauty,Digital Wallet,Mobile,41,148.29,3,444.87,0.0,0.0,6,8,4,5,0
Male,Istanbul,Electronics,Cash on Delivery,Mobile,34,1990.08,3,5970.24,0.0,0.0,19,11,5,1,0
Male,Ankara,Fashion,Cash on Delivery,Mobile,46,48.17,2,96.34,0.0,0.0,9,5,4,5,1
Female,Ankara,Beauty,Credit Card,Mobile,37,103.09,2,206.18,0.0,0.0,15,8,5,5,0
Female,Istanbul,Food,Digital Wallet,Desktop,22,54.74,4,209.5,9.46,0.04,21,6,3,0,0
Female,Konya,Beauty,Credit Card,Mobile,34,172.43,1,172.43,0.0,0.0,11,8,2,1,0
Male,Istanbul,Electronics,Digital Wallet,Mobile,42,483.81,1,483.81,0.0,0.0,15,11,7,4,1
Female,Izmir,Fashion,Bank Transfer,Mobile,26,176.37,5,881.85,0.0,0.0,13,6,5,3,0
Female,Bursa,Home & Garden,Credit Card,Mobile,31,368.22,1,368.22,0.0,0.0,25,10,9,1,1
Female,Konya,Beauty,Cash on Delivery,Mobile,36,91.53,1,91.53,0.0,0.0,13,7,1,3,1
Female,Ankara,Sports,Credit Card,Mobile,48,1721.66,2,3443.32,0.0,0.0,14,10,2,0,0
Male,Istanbul,Electronics,Bank Transfer,Mobile,23,710.94,5,3485.0,69.7,0.02,33,11,10,6,1
Male,Konya,Electronics,Digital Wallet,Mobile,27,4082.42,2,8164.84,0.0,0.0,23,3,10,2,1
Male,Izmir,Food,Credit Card,Desktop,38,161.17,1,118.36,42.81,0.27,25,7,6,1,0
Female,Gaziantep,Food,Cash on Delivery,Mobile,19,123.4,2,246.8,0.0,0.0,23,9,2,6,1
Female,Gaziantep,Electronics,Credit Card,Desktop,31,2833.09,1,2833.09,0.0,0.0,10,6,10,3,1
Female,Istanbul,Toys,Debit Card,Mobile,18,101.65,2,203.3,0.0,0.0,8,9,7,2,0
Female,Gaziantep,Electronics,Digital Wallet,Mobile,31,1337.76,5,6587.35,101.45,0.02,15,7,3,1,1
Male,Istanbul,Toys,Credit Card,Desktop,33,96.0,5,480.0,0.0,0.0,2,8,12,1,1
Female,Bursa,Fashion,Digital Wallet,Desktop,21,194.4,3,583.2,0.0,0.0,10,11,3,5,1
Female,Bursa,Fashion,Credit Card,Tablet,23,82.92,1,82.92,0.0,0.0,16,10,7,1,1
Male,Izmir,Food,Debit Card,Mobile,28,21.66,2,39.24,4.08,0.09,17,6,11,2,1
Male,Gaziantep,Sports,Debit Card,Mobile,35,716.68,3,2150.04,0.0,0.0,15,6,5,6,1
Male,Konya,Home & Garden,Credit Card,Mobile,35,766.0,1,766.0,0.0,0.0,31,5,6,4,0
Male,Ankara,Beauty,Digital Wallet,Desktop,45,138.4,1,99.94,38.46,0.28,12,6,6,1,1
Female,Bursa,Beauty,Credit Card,Mobile,20,42.62,2,85.24,0.0,0.0,38,9,1,2,0
Female,Eskisehir,Toys,Cash on Delivery,Mobile,36,163.96,1,163.96,0.0,0.0,17,7,1,3,1
Female,Bursa,Electronics,Credit Card,Mobile,41,1258.33,1,1258.33,0.0,0.0,12,8,5,2,1
Female,Gaziantep,Fashion,Credit Card,Desktop,42,167.43,1,167.43,0.0,0.0,18,7,2,3,0
Female,Izmir,Electronics,Digital Wallet,Mobile,40,4930.1,1,4930.1,0.0,0.0,28,13,6,0,1
Female,Istanbul,Toys,Credit Card,Mobile,41,148.23,4,592.92,0.0,0.0,28,9,2,1,0
Male,Istanbul,Home & Garden,Credit Card,Mobile,48,429.03,1,429.03,0.0,0.0,13,4,8,1,1
Male,Ankara,Books,Bank Transfer,Mobile,38,23.44,4,93.76,0.0,0.0,7,9,10,0,0
Female,Istanbul,Food,Debit Card,Tablet,41,84.1,1,71.43,12.67,0.15,13,14,5,3,1
Male,Gaziantep,Toys,Digital Wallet,Mobile,35,167.5,1,146.87,20.63,0.12,6,10,6,5,1
Male,Ankara,Food,Credit Card,Mobile,18,70.79,4,283.16,0.0,0.0,8,11,6,5,1
Female,Istanbul,Fashion,Credit Card,Mobile,56,211.38,2,422.76,0.0,0.0,16,10,9,5,0
Female,Adana,Home & Garden,Credit Card,Mobile,32,653.79,5,3203.38,65.57,0.02,27,9,5,4,0
Female,Izmir,Toys,Debit Card,Mobile,56,102.45,1,102.45,0.0,0.0,11,14,3,4,1
Female,Antalya,Toys,Digital Wallet,Mobile,50,92.87,4,371.48,0.0,0.0,4,11,7,4,1
Female,Istanbul,Home & Garden,Debit Card,Mobile,18,1354.15,1,1354.15,0.0,0.0,14,10,11,1,0
Female,Istanbul,Sports,Debit Card,Mobile,43,693.4,5,3309.76,157.24,0.05,22,7,3,1,1
Female,Gaziantep,Books,Bank Transfer,Mobile,59,23.26,1,23.26,0.0,0.0,45,8,10,3,0
Male,Ankara,Toys,Credit Card,Mobile,50,157.02,3,471.06,0.0,0.0,5,8,2,6,1
Female,Adana,Sports,Credit Card,Tablet,34,350.12,1,296.81,53.31,0.15,10,4,2,2,1
Female,Istanbul,Food,Credit Card,Desktop,53,176.88,1,176.88,0.0,0.0,9,5,6,6,1
Female,Istanbul,Electronics,Bank Transfer,Mobile,42,962.37,1,962.37,0.0,0.0,23,5,12,1,0
Male,Gaziantep,Home & Garden,Credit Card,Mobile,40,1328.74,1,1041.73,287.01,0.22,8,6,2,1,1
Male,Gaziantep,Electronics,Credit Card,Tablet,41,2351.48,5,11757.4,0.0,0.0,17,8,9,5,1
Female,Istanbul,Toys,Credit Card,Mobile,48,267.25,3,801.75,0.0,0.0,7,5,4,0,1
Male,Adana,Electronics,Credit Card,Mobile,54,4038.5,1,4038.5,0.0,0.0,10,8,2,2,0
Female,Kayseri,Electronics,Credit Card,Mobile,25,773.84,1,773.84,0.0,0.0,2,6,2,6,0
Female,Ankara,Home & Garden,Credit Card,Desktop,35,278.19,1,278.19,0.0,0.0,6,15,2,3,1
Female,Konya,Home & Garden,Credit Card,Mobile,40,219.57,1,219.57,0.0,0.0,8,9,4,2,0
Female,Adana,Home & Garden,Debit Card,Mobile,36,591.53,1,480.22,111.31,0.19,31,7,5,1,1
Male,Istanbul,Books,Debit Card,Desktop,34,89.46,1,89.46,0.0,0.0,7,5,4,6,1
Male,Izmir,Sports,Credit Card,Mobile,38,322.49,3,876.02,91.45,0.09,10,9,10,2,0
Male,Istanbul,Beauty,Digital Wallet,Tablet,43,25.91,3,77.73,0.0,0.0,3,13,5,6,1
Female,Istanbul,Books,Credit Card,Desktop,29,110.04,3,330.12,0.0,0.0,8,10,10,4,1
Female,Antalya,Sports,Credit Card,Mobile,30,342.36,1,342.36,0.0,0.0,5,3,10,1,0
Female,Ankara,Home & Garden,Bank Transfer,Desktop,41,914.77,1,868.44,46.33,0.05,20,9,6,3,0
Male,Bursa,Electronics,Credit Card,Desktop,49,489.75,2,979.5,0.0,0.0,5,11,7,5,0
Male,Bursa,Beauty,Debit Card,Desktop,18,137.16,1,137.16,0.0,0.0,2,7,6,2,0
Male,Izmir,Toys,Credit Card,Mobile,37,114.52,1,114.52,0.0,0.0,19,9,9,1,1
Male,Istanbul,Books,Credit Card,Mobile,53,126.71,1,101.93,24.78,0.2,17,9,11,5,0
Male,Gaziantep,Sports,Digital Wallet,Mobile,32,796.94,3,2390.82,0.0,0.0,7,10,2,5,0
Male,Antalya,Food,Credit Card,Mobile,18,162.47,4,649.88,0.0,0.0,16,8,9,4,1
Female,Adana,Home & Garden,Credit Card,Mobile,39,1143.5,1,951.34,192.16,0.17,15,7,8,2,1
Male,Eskisehir,Home & Garden,Debit Card,Mobile,48,966.2,2,1932.4,0.0,0.0,21,8,4,4,1
Male,Istanbul,Fashion,Digital Wallet,Mobile,54,431.67,2,863.34,0.0,0.0,9,17,1,5,1
Male,Gaziantep,Home & Garden,Digital Wallet,Desktop,39,601.19,3,1771.15,32.42,0.02,12,8,12,1,1
Female,Izmir,Fashion,Bank Transfer,Mobile,34,634.79,3,1904.37,0.0,0.0,7,8,5,3,0
Female,Bursa,Food,Debit Card,Mobile,39,70.26,2,140.52,0.0,0.0,7,7,9,6,1
Male,Adana,Beauty,Digital Wallet,Mobile,21,193.69,1,193.69,0.0,0.0,24,13,7,0,1
Female,Bursa,Beauty,Cash on Delivery,Mobile,22,341.82,1,341.82,0.0,0.0,33,7,3,2,1
Male,Ankara,Books,Credit Card,Tablet,38,60.8,2,121.6,0.0,0.0,15,12,1,0,0
Female,Gaziantep,Home & Garden,Credit Card,Desktop,56,1097.89,1,1097.89,0.0,0.0,23,10,3,5,0
Female,Konya,Fashion,Credit Card,Desktop,33,537.96,1,537.96,0.0,0.0,9,7,1,6,0
Male,Ankara,Food,Debit Card,Mobile,40,54.83,4,219.32,0.0,0.0,8,9,11,4,1
Female,Konya,Home & Garden,Digital Wallet,Mobile,24,757.8,4,3031.2,0.0,0.0,18,6,3,1,0
Male,Izmir,Food,Bank Transfer,Mobile,41,51.02,2,102.04,0.0,0.0,13,5,11,0,1
Female,Ankara,Books,Debit Card,Mobile,32,31.4,4,122.0,3.6,0.03,11,7,2,4,1
Male,Istanbul,Beauty,Credit Card,Mobile,42,127.91,2,255.82,0.0,0.0,2,14,7,2,0
Female,Ankara,Home & Garden,Bank Transfer,Desktop,62,666.16,1,473.54,192.62,0.29,13,7,2,3,1
Female,Izmir,Books,Debit Card,Mobile,34,97.75,1,97.75,0.0,0.0,22,8,2,3,0
Male,Istanbul,Sports,Digital Wallet,Mobile,38,371.2,5,1856.0,0.0,0.0,18,8,1,0,1
Female,Istanbul,Sports,Digital Wallet,Mobile,27,1015.66,1,1015.66,0.0,0.0,19,12,1,4,1
Male,Istanbul,Beauty,Credit Card,Mobile,23,34.14,5,170.7,0.0,0.0,36,10,1,5,1
Female,Istanbul,Home & Garden,Debit Card,Mobile,40,667.15,5,3335.75,0.0,0.0,10,7,4,6,0
Male,Ankara,Electronics,Credit Card,Mobile,42,1066.72,4,4071.89,194.99,0.05,42,9,2,3,0
Male,Antalya,Toys,Cash on Delivery,Desktop,35,128.45,1,128.45,0.0,0.0,13,7,1,3,0
Female,Ankara,Fashion,Bank Transfer,Mobile,30,250.66,1,250.66,0.0,0.0,12,11,4,2,1
Male,Kayseri,Electronics,Digital Wallet,Desktop,30,3145.83,5,15729.15,0.0,0.0,23,3,12,0,0
Female,Bursa,Food,Credit Card,Desktop,45,62.49,2,124.98,0.0,0.0,11,6,6,4,0
Female,Ankara,Food,Bank Transfer,Mobile,48,136.73,2,273.46,0.0,0.0,12,12,3,1,0
Female,Kayseri,Food,Credit Card,Desktop,43,121.93,1,100.02,21.91,0.18,4,9,6,1,1
Female,Istanbul,Beauty,Credit Card,Desktop,37,27.48,1,27.48,0.0,0.0,15,5,1,4,1
Male,Konya,Sports,Debit Card,Mobile,29,269.26,5,1346.3,0.0,0.0,13,11,3,4,0
Male,Adana,Beauty,Credit Card,Desktop,45,155.62,4,590.86,31.62,0.05,16,12,3,4,0
Other,Adana,Home & Garden,Credit Card,Desktop,28,822.13,4,3168.92,119.6,0.04,24,6,3,0,1
Female,Izmir,Books,Credit Card,Mobile,54,56.78,5,283.9,0.0,0.0,7,13,4,0,1
Female,Istanbul,Fashion,Credit Card,Mobile,30,291.6,1,291.6,0.0,0.0,4,9,2,5,0
Male,Eskisehir,Sports,Credit Card,Desktop,44,93.82,4,362.12,13.16,0.04,23,7,5,0,1
Female,Kayseri,Home & Garden,Cash on Delivery,Mobile,18,1354.59,1,982.42,372.17,0.27,15,9,2,6,1
Male,Izmir,Electronics,Credit Card,Desktop,22,270.16,1,210.38,59.78,0.22,6,8,2,4,0
Male,Konya,Home & Garden,Bank Transfer,Desktop,20,1119.96,1,1119.96,0.0,0.0,16,12,2,6,0
Male,Istanbul,Sports,Credit Card,Mobile,63,828.9,1,828.9,0.0,0.0,25,10,12,2,0
Female,Konya,Food,Credit Card,Mobile,24,68.58,4,274.32,0.0,0.0,22,14,8,0,1
Male,Konya,Electronics,Cash on Delivery,Mobile,44,4111.84,1,3268.89,842.95,0.21,10,14,11,2,1
Male,Kayseri,Books,Cash on Delivery,Mobile,29,65.57,1,65.57,0.0,0.0,40,14,3,3,1
Male,Istanbul,Electronics,Credit Card,Mobile,36,2590.17,1,2109.7,480.47,0.19,20,7,10,0,1
Male,Konya,Home & Garden,Credit Card,Mobile,24,634.98,2,1269.96,0.0,0.0,9,7,2,5,1
Male,Eskisehir,Food,Credit Card,Mobile,28,97.62,1,88.01,9.61,0.1,33,5,3,5,0
Male,Istanbul,Home & Garden,Digital Wallet,Mobile,26,2293.88,5,11469.4,0.0,0.0,8,5,1,6,0
Female,Bursa,Books,Cash on Delivery,Tablet,33,32.32,1,32.32,0.0,0.0,30,10,10,6,0
Male,Istanbul,Beauty,Credit Card,Mobile,20,197.8,1,197.8,0.0,0.0,16,8,2,5,0
Male,Gaziantep,Food,Credit Card,Desktop,56,120.98,3,362.94,0.0,0.0,21,11,8,4,0
Female,Ankara,Food,Debit Card,Desktop,24,36.71,1,33.93,2.78,0.08,8,8,7,1,1
Male,Bursa,Food,Credit Card,Mobile,22,75.63,2,151.26,0.0,0.0,7,9,11,3,1
Female,Ankara,Food,Digital Wallet,Tablet,52,158.29,1,158.29,0.0,0.0,17,11,6,5,1
Female,Adana,Sports,Credit Card,Mobile,43,886.89,3,2660.67,0.0,0.0,19,7,3,2,1
Female,Istanbul,Fashion,Debit Card,Mobile,20,68.62,1,68.62,0.0,0.0,5,12,2,2,1
Male,Izmir,Beauty,Debit Card,Desktop,20,42.82,2,82.08,3.56,0.04,9,8,12,6,1
Female,Kayseri,Beauty,Digital Wallet,Mobile,37,264.62,2,529.24,0.0,0.0,29,10,8,1,1
Female,Bursa,Sports,Credit Card,Mobile,43,183.6,2,367.2,0.0,0.0,28,9,12,3,1
Female,Istanbul,Toys,Debit Card,Mobile,36,15.7,1,15.7,0.0,0.0,27,5,3,3,1
Male,Ankara,Toys,Digital Wallet,Mobile,51,144.56,2,289.12,0.0,0.0,15,9,12,2,0
Male,Antalya,Toys,Debit Card,Mobile,26,106.38,2,212.76,0.0,0.0,15,7,1,3,1
Male,Antalya,Books,Credit Card,Mobile,44,38.08,1,38.08,0.0,0.0,17,10,9,0,1
Female,Kayseri,Home & Garden,Credit Card,Desktop,38,203.81,2,407.62,0.0,0.0,35,8,5,4,1
Male,Ankara,Home & Garden,Credit Card,Mobile,34,137.99,4,551.96,0.0,0.0,6,8,8,1,1
Female,Istanbul,Books,Credit Card,Tablet,18,18.3,1,18.3,0.0,0.0,3,16,10,6,0
Female,Istanbul,Sports,Digital Wallet,Mobile,46,598.59,1,598.59,0.0,0.0,14,9,12,1,0
Male,Istanbul,Toys,Credit Card,Mobile,36,140.33,4,561.32,0.0,0.0,19,7,3,0,0
Female,Izmir,Sports,Bank Transfer,Mobile,41,580.51,3,1741.53,0.0,0.0,17,10,11,4,1
Female,Istanbul,Beauty,Bank Transfer,Desktop,49,65.03,1,65.03,0.0,0.0,32,13,11,4,1
Male,Ankara,Fashion,Bank Transfer,Desktop,24,254.19,1,211.59,42.6,0.17,16,7,4,1,0
Female,Gaziantep,Toys,Credit Card,Mobile,46,273.02,2,497.35,48.69,0.09,18,10,1,2,1
Female,Gaziantep,Fashion,Digital Wallet,Desktop,18,70.71,2,128.8,12.62,0.09,10,9,2,0,1
Male,Konya,Fashion,Digital Wallet,Mobile,26,310.89,1,294.32,16.57,0.05,7,7,8,1,0
Male,Istanbul,Home & Garden,Debit Card,Mobile,47,843.76,4,3375.04,0.0,0.0,16,9,2,1,0
Female,Adana,Toys,Debit Card,Desktop,27,76.77,1,76.77,0.0,0.0,7,7,5,4,1
Male,Adana,Books,Bank Transfer,Mobile,33,25.82,1,23.76,2.06,0.08,4,9,1,4,1
Male,Istanbul,Fashion,Debit Card,Mobile,41,145.34,4,581.36,0.0,0.0,8,8,10,6,0
Female,Ankara,Food,Bank Transfer,Desktop,28,122.4,1,122.4,0.0,0.0,12,7,10,2,1
Male,Konya,Food,Credit Card,Desktop,18,126.06,2,252.12,0.0,0.0,28,11,4,4,1
Female,Bursa,Home & Garden,Credit Card,Mobile,40,424.64,1,309.73,114.91,0.27,9,5,10,5,0
Female,Eskisehir,Sports,Digital Wallet,Desktop,34,342.67,5,1623.31,90.04,0.05,9,9,10,4,1
Male,Ankara,Books,Debit Card,Mobile,47,61.97,3,179.31,6.6,0.04,11,7,10,6,1
Male,Ankara,Sports,Bank Transfer,Mobile,33,980.28,1,980.28,0.0,0.0,8,7,9,5,0
Male,Konya,Toys,Credit Card,Desktop,27,260.01,3,766.43,13.6,0.02,8,11,4,6,0
Male,Antalya,Sports,Credit Card,Mobile,33,327.07,1,288.99,38.08,0.12,4,11,3,6,1
Male,Antalya,Fashion,Debit Card,Mobile,27,479.68,3,1439.04,0.0,0.0,13,10,1,5,1
Female,Konya,Sports,Bank Transfer,Mobile,37,307.4,4,1229.6,0.0,0.0,11,8,1,3,0
Male,Izmir,Toys,Credit Card,Mobile,34,127.55,2,228.81,26.29,0.1,12,12,8,2,0
Female,Kayseri,Beauty,Debit Card,Desktop,45,136.68,5,683.4,0.0,0.0,7,8,12,2,0
Male,Ankara,Beauty,Credit Card,Desktop,24,49.67,2,99.34,0.0,0.0,10,10,4,6,0
Male,Antalya,Beauty,Debit Card,Mobile,26,104.65,2,189.31,19.99,0.1,17,8,7,5,0
Female,Istanbul,Home & Garden,Debit Card,Desktop,37,713.34,2,1259.08,167.6,0.12,8,7,1,3,1
Female,Antalya,Books,Digital Wallet,Desktop,39,38.78,3,110.14,6.2,0.05,5,6,3,4,1
Male,Ankara,Electronics,Bank Transfer,Mobile,32,3309.9,2,6619.8,0.0,0.0,4,4,10,1,1
Male,Ankara,Beauty,Credit Card,Desktop,18,175.65,1,175.65,0.0,0.0,12,10,7,6,0
Female,Istanbul,Fashion,Credit Card,Mobile,39,263.41,2,474.19,52.63,0.1,26,11,2,6,0
Male,Izmir,Beauty,Debit Card,Desktop,34,75.33,1,75.33,0.0,0.0,5,5,2,2,0
Male,Ankara,Toys,Credit Card,Mobile,43,129.35,3,374.47,13.58,0.03,18,9,7,6,1
Male,Kayseri,Food,Credit Card,Mobile,23,23.55,2,44.99,2.11,0.04,27,8,1,0,0
Male,Ankara,Food,Credit Card,Mobile,39,25.57,5,127.85,0.0,0.0,11,7,12,5,1
Male,Izmir,Fashion,Credit Card,Mobile,40,288.68,1,288.68,0.0,0.0,3,4,8,4,0
Female,Adana,Fashion,Credit Card,Mobile,49,162.96,1,144.29,18.67,0.11,22,8,2,6,1
Female,Izmir,Home & Garden,Credit Card,Desktop,57,666.49,5,3332.45,0.0,0.0,15,8,11,1,0
Male,Adana,Fashion,Credit Card,Mobile,20,307.64,1,307.64,0.0,0.0,1,9,7,0,1
Male,Bursa,Electronics,Credit Card,Mobile,40,1013.72,4,4054.88,0.0,0.0,22,8,10,5,1
Female,Istanbul,Electronics,Debit Card,Mobile,28,1388.1,1,1388.1,0.0,0.0,12,9,3,1,0
Male,Konya,Home & Garden,Credit Card,Mobile,31,305.41,1,242.76,62.65,0.21,46,8,3,0,1
Male,Izmir,Food,Credit Card,Desktop,38,129.11,1,129.11,0.0,0.0,12,8,6,6,1
Female,Ankara,Books,Cash on Delivery,Desktop,24,35.0,1,35.0,0.0,0.0,7,8,5,4,0
Male,Kayseri,Sports,Digital Wallet,Desktop,18,717.18,4,2868.72,0.0,0.0,23,10,11,1,1
Male,Istanbul,Sports,Debit Card,Mobile,49,229.68,1,229.68,0.0,0.0,18,14,1,5,0
Female,Istanbul,Books,Credit Card,Mobile,27,23.6,2,47.2,0.0,0.0,5,14,12,5,1
Female,Izmir,Toys,Digital Wallet,Mobile,47,97.38,3,283.34,8.8,0.03,19,5,8,2,0
Male,Ankara,Books,Credit Card,Desktop,20,160.92,4,643.68,0.0,0.0,27,8,3,3,1
Male,Bursa,Home & Garden,Bank Transfer,Tablet,18,395.55,2,791.1,0.0,0.0,9,10,2,4,0
Male,Gaziantep,Electronics,Digital Wallet,Desktop,41,734.28,2,1468.56,0.0,0.0,18,5,1,2,1
Female,Istanbul,Sports,Digital Wallet,Mobile,40,450.42,2,900.84,0.0,0.0,24,9,1,0,0
Female,Antalya,Sports,Debit Card,Mobile,56,77.87,2,142.5,13.24,0.09,15,9,3,1,1
Female,Bursa,Books,Credit Card,Mobile,22,55.9,2,111.8,0.0,0.0,12,10,3,6,1
Female,Adana,Sports,Digital Wallet,Mobile,40,615.58,1,615.58,0.0,0.0,7,9,1,2,1
Male,Ankara,Fashion,Bank Transfer,Mobile,29,234.7,3,642.42,61.68,0.09,12,11,5,1,0
Male,Gaziantep,Home & Garden,Credit Card,Desktop,43,534.05,2,1003.97,64.13,0.06,8,9,8,3,0
Male,Izmir,Sports,Credit Card,Desktop,59,197.64,5,988.2,0.0,0.0,12,9,3,1,1
Male,Ankara,Beauty,Credit Card,Mobile,24,64.77,5,323.85,0.0,0.0,27,8,2,4,0
Male,Istanbul,Books,Credit Card,Mobile,33,26.55,1,26.55,0.0,0.0,21,10,7,1,1
Male,Ankara,Sports,Debit Card,Mobile,52,240.87,2,444.76,36.98,0.08,19,13,1,2,0
Male,Kayseri,Fashion,Credit Card,Mobile,45,263.73,2,527.46,0.0,0.0,5,10,9,3,1
Male,Ankara,Beauty,Debit Card,Mobile,42,41.03,3,123.09,0.0,0.0,32,10,12,5,1
Male,Antalya,Fashion,Debit Card,Desktop,35,177.31,1,154.07,23.24,0.13,13,11,11,4,1
Female,Istanbul,Electronics,Cash on Delivery,Desktop,43,1876.97,1,1876.97,0.0,0.0,13,9,7,2,1
Male,Istanbul,Beauty,Credit Card,Mobile,23,47.54,1,47.54,0.0,0.0,12,7,3,5,1
Male,Konya,Beauty,Credit Card,Mobile,22,85.35,4,321.68,19.72,0.06,21,10,8,6,1
Female,Istanbul,Sports,Credit Card,Mobile,56,240.19,2,480.38,0.0,0.0,2,9,3,4,0
Male,Izmir,Sports,Credit Card,Desktop,27,768.14,1,768.14,0.0,0.0,9,6,5,1,1
Female,Istanbul,Electronics,Cash on Delivery,Mobile,21,1091.11,1,1091.11,0.0,0.0,9,6,1,0,1
Male,Gaziantep,Beauty,Debit Card,Mobile,29,115.6,1,115.6,0.0,0.0,7,7,1,4,1
Female,Bursa,Sports,Credit Card,Mobile,46,225.3,5,1126.5,0.0,0.0,12,12,2,6,1
Male,Izmir,Books,Bank Transfer,Mobile,36,67.75,3,203.25,0.0,0.0,28,12,2,0,0
Male,Gaziantep,Books,Credit Card,Desktop,33,16.54,3,49.62,0.0,0.0,5,8,2,5,0
Female,Ankara,Sports,Debit Card,Mobile,36,309.08,3,927.24,0.0,0.0,14,12,9,1,1
Female,Gaziantep,Electronics,Credit Card,Desktop,28,3602.91,5,18014.55,0.0,0.0,16,13,2,5,1
Female,Istanbul,Toys,Credit Card,Mobile,31,110.26,1,110.26,0.0,0.0,1,10,1,0,1
Female,Istanbul,Electronics,Bank Transfer,Desktop,34,967.62,4,3580.46,290.02,0.07,6,10,9,1,0
Female,Konya,Sports,Credit Card,Mobile,40,1093.16,1,1093.16,0.0,0.0,18,14,7,6,1
Male,Bursa,Fashion,Digital Wallet,Mobile,30,174.51,1,126.03,48.48,0.28,17,8,11,6,1
Male,Izmir,Books,Debit Card,Mobile,23,36.55,1,36.55,0.0,0.0,7,10,1,3,1
Male,Adana,Home & Garden,Debit Card,Desktop,23,700.33,2,1400.66,0.0,0.0,8,5,4,6,1
Male,Kayseri,Sports,Credit Card,Mobile,33,458.12,1,458.12,0.0,0.0,9,13,9,2,1
Female,Ankara,Toys,Debit Card,Mobile,43,68.61,1,68.61,0.0,0.0,5,6,3,3,0
Female,Adana,Electronics,Debit Card,Mobile,24,3996.69,1,3996.69,0.0,0.0,24,12,9,4,1
Female,Istanbul,Food,Digital Wallet,Desktop,18,45.47,1,45.47,0.0,0.0,15,10,3,1,0
Male,Istanbul,Sports,Credit Card,Desktop,25,541.58,3,1624.74,0.0,0.0,3,7,5,1,1
Female,Eskisehir,Food,Digital Wallet,Mobile,37,21.38,2,42.76,0.0,0.0,16,16,6,0,1
Male,Bursa,Toys,Debit Card,Desktop,31,76.07,5,380.35,0.0,0.0,18,7,10,1,1
Female,Gaziantep,Food,Digital Wallet,Desktop,36,32.88,5,164.4,0.0,0.0,5,10,3,5,0
Male,Izmir,Electronics,Credit Card,Mobile,40,6935.92,1,6935.92,0.0,0.0,5,17,2,1,1
Female,Eskisehir,Sports,Debit Card,Mobile,33,224.97,3,650.41,24.5,0.04,29,12,12,3,1
Male,Konya,Home & Garden,Digital Wallet,Desktop,33,364.45,4,1457.8,0.0,0.0,10,10,11,3,0
Female,Ankara,Sports,Debit Card,Mobile,43,1629.35,1,1629.35,0.0,0.0,6,8,10,1,0
Male,Gaziantep,Beauty,Credit Card,Mobile,37,126.2,5,631.0,0.0,0.0,13,13,3,2,0
Male,Kayseri,Electronics,Cash on Delivery,Tablet,35,1122.12,2,2244.24,0.0,0.0,29,8,2,0,0
Female,Antalya,Beauty,Debit Card,Mobile,40,135.85,5,679.25,0.0,0.0,19,11,10,6,0
Male,Adana,Toys,Digital Wallet,Tablet,21,139.85,2,245.89,33.81,0.12,15,6,1,1,0
Male,Gaziantep,Books,Credit Card,Tablet,30,74.72,1,74.72,0.0,0.0,12,4,1,6,1
Male,Bursa,Fashion,Debit Card,Desktop,34,84.09,2,168.18,0.0,0.0,2,4,2,0,1
Male,Adana,Books,Credit Card,Desktop,40,69.53,2,139.06,0.0,0.0,29,9,1,5,0
Female,Konya,Food,Digital Wallet,Desktop,54,27.64,4,110.56,0.0,0.0,8,9,2,5,1
Male,Gaziantep,Electronics,Digital Wallet,Mobile,23,908.46,4,3510.01,123.83,0.03,21,7,9,6,1
Male,Eskisehir,Books,Credit Card,Desktop,34,23.85,1,22.15,1.7,0.07,24,8,7,5,0
Male,Adana,Food,Credit Card,Desktop,43,76.5,1,69.58,6.92,0.09,16,12,1,1,0
Male,Kayseri,Sports,Debit Card,Tablet,37,154.88,3,464.64,0.0,0.0,18,13,3,0,0
Male,Konya,Food,Credit Card,Desktop,45,88.82,3,266.46,0.0,0.0,27,10,11,0,0
Female,Ankara,Food,Digital Wallet,Desktop,52,38.31,2,76.62,0.0,0.0,48,11,2,0,0
Female,Izmir,Electronics,Cash on Delivery,Mobile,30,2897.09,5,14485.45,0.0,0.0,7,5,9,2,1
Male,Ankara,Home & Garden,Digital Wallet,Tablet,48,592.09,1,592.09,0.0,0.0,16,8,9,4,0
Female,Ankara,Beauty,Cash on Delivery,Mobile,37,142.87,1,128.83,14.04,0.1,18,8,7,1,1
Male,Istanbul,Sports,Credit Card,Desktop,39,355.96,5,1779.8,0.0,0.0,24,7,10,0,0
Male,Istanbul,Home & Garden,Digital Wallet,Desktop,37,112.04,1,112.04,0.0,0.0,10,9,7,3,1
Male,Istanbul,Fashion,Credit Card,Mobile,28,399.82,2,728.98,70.66,0.09,3,12,3,4,1
Female,Istanbul,Fashion,Credit Card,Desktop,37,451.28,2,902.56,0.0,0.0,15,8,8,4,1
Female,Izmir,Sports,Debit Card,Desktop,30,303.26,1,303.26,0.0,0.0,21,10,10,6,1
Female,Ankara,Sports,Credit Card,Desktop,43,275.37,2,550.74,0.0,0.0,17,8,9,4,0
Male,Istanbul,Toys,Cash on Delivery,Desktop,39,150.32,1,150.32,0.0,0.0,34,8,3,4,0
Female,Istanbul,Books,Digital Wallet,Desktop,43,68.2,1,68.2,0.0,0.0,31,10,10,5,0
Male,Antalya,Home & Garden,Debit Card,Mobile,21,386.85,1,386.85,0.0,0.0,8,6,2,1,1
Female,Istanbul,Beauty,Bank Transfer,Mobile,47,155.29,5,762.08,14.37,0.02,16,8,5,1,1
Female,Istanbul,Food,Cash on Delivery,Tablet,46,185.36,2,359.94,10.78,0.03,5,9,8,6,1
Male,Antalya,Books,Cash on Delivery,Mobile,39,37.12,1,37.12,0.0,0.0,12,4,12,0,1
Male,Eskisehir,Beauty,Cash on Delivery,Desktop,37,113.06,4,452.24,0.0,0.0,25,8,3,4,1
Female,Ankara,Fashion,Debit Card,Mobile,38,119.0,3,344.36,12.64,0.04,26,9,11,3,0
Male,Adana,Books,Credit Card,Mobile,43,68.45,1,68.45,0.0,0.0,17,8,8,1,0
Male,Bursa,Food,Credit Card,Desktop,25,71.58,2,128.78,14.38,0.1,29,9,6,0,1
Female,Ankara,Books,Credit Card,Desktop,33,53.32,5,266.6,0.0,0.0,15,6,6,5,1
Female,Istanbul,Home & Garden,Debit Card,Mobile,34,1053.13,1,1053.13,0.0,0.0,11,4,6,5,1
Male,Antalya,Toys,Credit Card,Mobile,51,169.95,2,328.89,11.01,0.03,15,14,5,0,1
Female,Izmir,Toys,Digital Wallet,Mobile,21,386.79,1,386.79,0.0,0.0,44,5,9,1,0
Male,Izmir,Books,Credit Card,Mobile,18,72.22,1,72.22,0.0,0.0,4,13,5,3,0
Male,Adana,Toys,Credit Card,Mobile,18,33.59,4,124.84,9.52,0.07,9,9,11,6,0
Male,Istanbul,Sports,Debit Card,Mobile,46,1206.16,1,1206.16,0.0,0.0,3,5,2,1,1
Male,Istanbul,Beauty,Digital Wallet,Mobile,20,104.4,5,522.0,0.0,0.0,23,9,11,2,1
Male,Istanbul,Food,Credit Card,Mobile,32,129.12,5,628.11,17.49,0.03,12,5,7,3,1
Female,Gaziantep,Sports,Credit Card,Mobile,34,965.67,1,965.67,0.0,0.0,16,9,7,4,1
Female,Konya,Food,Debit Card,Desktop,44,24.55,2,49.1,0.0,0.0,15,8,3,0,0
Male,Gaziantep,Beauty,Digital Wallet,Mobile,26,109.85,1,109.85,0.0,0.0,15,10,7,2,1
Female,Izmir,Beauty,Credit Card,Tablet,27,112.43,1,92.39,20.04,0.18,7,7,4,5,1
Male,Istanbul,Food,Credit Card,Desktop,46,52.21,1,52.21,0.0,0.0,20,7,8,2,1
Female,Istanbul,Food,Debit Card,Mobile,19,17.81,1,16.4,1.41,0.08,17,11,1,0,1
Male,Gaziantep,Electronics,Credit Card,Mobile,39,1388.25,2,2776.5,0.0,0.0,35,9,9,1,1
Female,Bursa,Electronics,Bank Transfer,Desktop,36,1220.88,4,4883.52,0.0,0.0,6,5,7,0,1
Female,Konya,Home & Garden,Debit Card,Desktop,19,1267.09,2,2534.18,0.0,0.0,19,14,12,0,1
Female,Izmir,Sports,Debit Card,Desktop,27,228.06,1,228.06,0.0,0.0,19,12,5,6,1
Female,Istanbul,Home & Garden,Credit Card,Mobile,21,2188.26,5,10941.3,0.0,0.0,15,3,8,1,0
Male,Eskisehir,Home & Garden,Credit Card,Mobile,27,181.56,2,363.12,0.0,0.0,14,5,6,4,1
Male,Izmir,Sports,Credit Card,Mobile,28,469.83,1,469.83,0.0,0.0,13,11,4,5,1
Female,Bursa,Toys,Bank Transfer,Desktop,37,99.46,1,99.46,0.0,0.0,5,9,3,1,0
Female,Adana,Beauty,Bank Transfer,Mobile,48,42.57,1,30.59,11.98,0.28,22,7,1,1,0
Male,Eskisehir,Electronics,Credit Card,Mobile,48,1571.22,3,4713.66,0.0,0.0,9,14,5,2,0
Female,Istanbul,Home & Garden,Debit Card,Mobile,20,342.96,3,1028.88,0.0,0.0,29,10,7,5,1
Male,Kayseri,Sports,Credit Card,Desktop,42,335.82,1,335.82,0.0,0.0,13,10,4,2,0
Female,Bursa,Fashion,Credit Card,Tablet,48,127.87,3,383.61,0.0,0.0,21,4,2,0,1
Male,Kayseri,Food,Credit Card,Mobile,18,83.18,5,415.9,0.0,0.0,12,6,12,1,1
Male,Kayseri,Sports,Cash on Delivery,Mobile,45,457.57,1,402.41,55.16,0.12,20,11,3,3,0
Female,Gaziantep,Food,Digital Wallet,Desktop,44,16.71,2,33.42,0.0,0.0,21,9,2,0,0
Female,Bursa,Electronics,Credit Card,Tablet,20,2764.95,1,2503.61,261.34,0.09,6,6,4,2,1
Female,Antalya,Home & Garden,Credit Card,Desktop,34,435.64,3,1306.92,0.0,0.0,4,15,7,6,1
Male,Istanbul,Food,Debit Card,Desktop,46,119.25,3,357.75,0.0,0.0,18,8,12,4,1
Female,Istanbul,Electronics,Debit Card,Mobile,55,1972.24,5,9548.67,312.53,0.03,29,9,9,3,0
Male,Kayseri,Electronics,Credit Card,Mobile,34,2909.96,1,2128.04,781.92,0.27,21,13,10,1,1
Male,Adana,Food,Bank Transfer,Tablet,21,106.53,1,90.54,15.99,0.15,11,10,4,3,1
Male,Ankara,Books,Credit Card,Desktop,36,53.77,1,53.77,0.0,0.0,9,5,9,5,1
Male,Antalya,Food,Credit Card,Mobile,38,54.73,1,54.73,0.0,0.0,9,11,9,1,1
Female,Ankara,Food,Credit Card,Desktop,53,53.11,3,150.41,8.92,0.06,19,13,4,1,1
Female,Ankara,Books,Debit Card,Tablet,28,78.05,2,156.1,0.0,0.0,8,8,3,3,0
Female,Bursa,Electronics,Credit Card,Mobile,26,3781.69,1,3781.69,0.0,0.0,6,7,12,2,1
Male,Istanbul,Electronics,Debit Card,Mobile,31,2003.75,1,2003.75,0.0,0.0,3,8,4,2,1
Female,Istanbul,Toys,Debit Card,Mobile,41,43.88,1,43.88,0.0,0.0,18,10,9,4,1
Female,Istanbul,Food,Digital Wallet,Mobile,32,123.46,1,93.85,29.61,0.24,6,9,4,4,1
Female,Bursa,Food,Bank Transfer,Tablet,18,10.95,5,54.75,0.0,0.0,6,6,12,4,1
Male,Antalya,Electronics,Debit Card,Mobile,35,1298.46,1,1298.46,0.0,0.0,14,6,12,0,0
Male,Antalya,Electronics,Debit Card,Desktop,35,876.37,1,876.37,0.0,0.0,11,8,3,0,1
Female,Bursa,Sports,Debit Card,Desktop,43,905.87,4,3623.48,0.0,0.0,19,10,8,2,1
Female,Istanbul,Electronics,Credit Card,Mobile,35,3169.08,5,14978.5,866.9,0.05,14,5,3,4,1
Female,Kayseri,Toys,Credit Card,Desktop,46,167.3,1,167.3,0.0,0.0,5,8,1,1,1
Female,Izmir,Beauty,Credit Card,Mobile,32,270.97,1,270.97,0.0,0.0,12,11,1,2,0
Male,Antalya,Home & Garden,Debit Card,Mobile,38,839.72,4,3236.8,122.08,0.04,8,10,1,4,1
Female,Adana,Books,Bank Transfer,Mobile,41,77.75,1,77.75,0.0,0.0,24,14,12,3,0
Male,Istanbul,Toys,Credit Card,Desktop,42,152.34,3,457.02,0.0,0.0,8,7,10,0,1
Female,Ankara,Sports,Debit Card,Mobile,40,70.8,2,129.19,12.41,0.09,1,8,7,2,0
Male,Ankara,Home & Garden,Credit Card,Tablet,38,655.87,3,1967.61,0.0,0.0,28,6,11,1,1
Male,Bursa,Toys,Bank Transfer,Mobile,35,249.81,4,999.24,0.0,0.0,16,9,8,4,0
Female,Kayseri,Books,Debit Card,Mobile,22,18.57,4,74.28,0.0,0.0,14,13,3,6,1
Male,Istanbul,Electronics,Credit Card,Mobile,38,2152.6,5,10535.48,227.52,0.02,14,6,3,4,1
Female,Kayseri,Home & Garden,Debit Card,Mobile,22,541.81,4,2028.13,139.11,0.06,11,6,10,6,1
Female,Ankara,Electronics,Credit Card,Tablet,63,4839.46,2,9678.92,0.0,0.0,10,8,3,5,0
Male,Istanbul,Beauty,Credit Card,Mobile,42,115.44,5,577.2,0.0,0.0,16,12,9,4,1
Male,Adana,Electronics,Credit Card,Desktop,54,2017.8,1,2017.8,0.0,0.0,13,7,6,5,1
Male,Istanbul,Beauty,Digital Wallet,Desktop,18,19.34,1,19.34,0.0,0.0,17,12,11,4,1
Female,Istanbul,Fashion,Credit Card,Desktop,39,177.03,2,354.06,0.0,0.0,17,10,6,3,1
Female,Gaziantep,Beauty,Credit Card,Mobile,18,147.04,4,576.91,11.25,0.02,10,7,12,6,1
Male,Istanbul,Books,Debit Card,Mobile,24,46.29,1,46.29,0.0,0.0,5,7,11,0,0
Female,Gaziantep,Sports,Digital Wallet,Desktop,18,1071.7,4,4286.8,0.0,0.0,9,4,11,4,0
Female,Kayseri,Beauty,Credit Card,Mobile,31,152.71,5,763.55,0.0,0.0,8,7,1,3,0
Male,Gaziantep,Electronics,Digital Wallet,Mobile,45,609.04,1,609.04,0.0,0.0,15,14,1,6,1
Female,Ankara,Fashion,Digital Wallet,Desktop,18,135.41,2,270.82,0.0,0.0,18,11,2,3,1
Male,Istanbul,Sports,Digital Wallet,Mobile,35,1148.11,1,1148.11,0.0,0.0,26,9,1,2,0
Male,Eskisehir,Fashion,Credit Card,Desktop,40,239.95,1,186.09,53.86,0.22,16,8,11,3,0
Male,Istanbul,Food,Credit Card,Mobile,37,93.66,2,179.31,8.01,0.04,6,9,3,1,1
Female,Ankara,Beauty,Debit Card,Mobile,28,78.17,1,78.17,0.0,0.0,17,10,11,0,0
Female,Bursa,Books,Debit Card,Desktop,30,55.83,1,42.79,13.04,0.23,8,7,8,4,0
Female,Izmir,Sports,Credit Card,Desktop,34,1086.08,2,2172.16,0.0,0.0,28,11,5,5,0
Female,Antalya,Sports,Digital Wallet,Tablet,46,192.94,3,556.56,22.26,0.04,9,6,3,6,1
Female,Antalya,Fashion,Debit Card,Desktop,20,212.56,2,425.12,0.0,0.0,12,19,8,6,1
Female,Gaziantep,Toys,Debit Card,Desktop,22,333.99,4,1335.96,0.0,0.0,14,3,5,6,1
Female,Ankara,Electronics,Credit Card,Mobile,20,892.29,4,3569.16,0.0,0.0,9,5,10,1,1
Female,Bursa,Sports,Credit Card,Tablet,37,101.46,5,507.3,0.0,0.0,10,11,1,1,1
Female,Ankara,Sports,Credit Card,Tablet,58,236.11,2,472.22,0.0,0.0,13,8,6,0,0
Male,Ankara,Electronics,Credit Card,Mobile,41,1361.17,1,1361.17,0.0,0.0,19,13,6,4,0
Male,Izmir,Fashion,Digital Wallet,Desktop,35,91.59,4,352.1,14.26,0.04,35,12,5,2,0
Male,Izmir,Beauty,Digital Wallet,Desktop,50,67.34,3,202.02,0.0,0.0,10,6,3,2,1
Male,Ankara,Home & Garden,Digital Wallet,Desktop,42,585.43,1,501.65,83.78,0.14,6,7,9,2,1
Male,Konya,Electronics,Bank Transfer,Mobile,26,3257.5,2,6515.0,0.0,0.0,27,12,3,5,0
Male,Izmir,Fashion,Digital Wallet,Desktop,23,115.07,1,105.18,9.89,0.09,21,13,12,4,0
Male,Bursa,Toys,Debit Card,Desktop,40,65.56,5,327.8,0.0,0.0,33,8,8,5,1
Female,Izmir,Beauty,Credit Card,Mobile,44,97.2,3,291.6,0.0,0.0,39,7,3,2,0
Male,Antalya,Fashion,Credit Card,Mobile,50,181.49,2,362.98,0.0,0.0,6,9,3,4,0
Male,Kayseri,Home & Garden,Digital Wallet,Mobile,24,1152.39,1,922.74,229.65,0.2,5,5,12,5,1
Female,Izmir,Food,Credit Card,Desktop,43,23.87,5,116.15,3.2,0.03,22,9,4,6,0
Female,Bursa,Fashion,Digital Wallet,Desktop,33,70.97,1,52.43,18.54,0.26,19,4,11,3,1
Male,Ankara,Sports,Debit Card,Desktop,37,282.84,4,1131.36,0.0,0.0,33,7,5,5,1
Male,Adana,Sports,Debit Card,Desktop,54,376.73,1,376.73,0.0,0.0,20,9,8,0,1
Other,Antalya,Sports,Digital Wallet,Mobile,55,1142.85,1,1142.85,0.0,0.0,14,6,10,0,1
Female,Bursa,Home & Garden,Digital Wallet,Mobile,54,290.72,2,581.44,0.0,0.0,13,8,12,5,1
Male,Istanbul,Home & Garden,Cash on Delivery,Mobile,43,308.66,2,617.32,0.0,0.0,15,6,6,5,0
Male,Istanbul,Electronics,Debit Card,Mobile,43,3719.21,1,3719.21,0.0,0.0,34,6,5,0,0
Female,Istanbul,Books,Credit Card,Mobile,31,26.8,1,20.11,6.69,0.25,5,11,11,3,0
Male,Antalya,Toys,Bank Transfer,Mobile,42,144.57,1,144.57,0.0,0.0,14,9,12,6,0
Male,Izmir,Electronics,Bank Transfer,Mobile,42,1027.05,3,3081.15,0.0,0.0,17,13,1,1,1
Male,Adana,Home & Garden,Bank Transfer,Mobile,45,747.12,1,747.12,0.0,0.0,37,7,4,6,0
Female,Gaziantep,Food,Debit Card,Mobile,19,45.97,5,224.04,5.81,0.03,18,13,3,6,1
Male,Istanbul,Books,Debit Card,Mobile,32,73.74,1,73.74,0.0,0.0,12,12,8,5,1
Male,Gaziantep,Toys,Debit Card,Mobile,37,158.7,2,280.92,36.48,0.11,21,8,11,0,1
Male,Ankara,Home & Garden,Credit Card,Desktop,31,1637.69,1,1637.69,0.0,0.0,19,14,11,3,0
Female,Kayseri,Food,Credit Card,Desktop,18,57.44,1,53.82,3.62,0.06,13,8,3,3,1
Female,Izmir,Beauty,Debit Card,Desktop,41,173.78,1,125.74,48.04,0.28,11,10,11,4,1
Male,Istanbul,Sports,Digital Wallet,Desktop,47,732.98,1,732.98,0.0,0.0,18,8,1,1,1
Female,Konya,Sports,Bank Transfer,Mobile,26,295.59,1,255.11,40.48,0.14,26,7,7,4,0
Female,Eskisehir,Books,Credit Card,Desktop,54,50.09,2,100.18,0.0,0.0,36,14,5,1,1
Female,Istanbul,Sports,Debit Card,Desktop,18,449.73,1,358.31,91.42,0.2,14,12,1,5,1
Male,Izmir,Toys,Digital Wallet,Tablet,46,326.94,1,264.76,62.18,0.19,13,9,3,6,0
Male,Konya,Toys,Cash on Delivery,Desktop,41,221.16,2,442.32,0.0,0.0,9,2,1,0,0
Male,Izmir,Books,Digital Wallet,Mobile,33,31.44,1,31.44,0.0,0.0,10,6,2,3,1
Female,Istanbul,Electronics,Debit Card,Mobile,28,642.22,5,3211.1,0.0,0.0,18,8,10,6,0
Female,Istanbul,Food,Credit Card,Desktop,18,89.31,5,438.52,8.03,0.02,9,7,2,1,0
Female,Konya,Electronics,Debit Card,Tablet,18,4033.94,1,4033.94,0.0,0.0,14,12,2,3,1
Male,Gaziantep,Toys,Credit Card,Desktop,25,138.73,5,693.65,0.0,0.0,7,10,10,5,1
Other,Istanbul,Electronics,Debit Card,Desktop,18,1456.73,1,1456.73,0.0,0.0,13,8,2,6,1
Male,Kayseri,Toys,Credit Card,Desktop,52,375.36,2,750.72,0.0,0.0,15,9,5,5,0
Female,Kayseri,Electronics,Credit Card,Mobile,26,1265.69,1,1265.69,0.0,0.0,11,7,8,1,1
Male,Konya,Sports,Debit Card,Mobile,36,406.59,1,406.59,0.0,0.0,28,12,12,5,1
Male,Konya,Home & Garden,Bank Transfer,Desktop,22,697.41,1,697.41,0.0,0.0,14,5,6,3,0
Male,Izmir,Fashion,Credit Card,Mobile,46,151.92,1,151.92,0.0,0.0,17,6,8,1,0
Female,Gaziantep,Electronics,Debit Card,Mobile,68,1031.89,2,1759.23,304.55,0.15,10,6,8,6,1
Male,Antalya,Toys,Credit Card,Mobile,34,77.34,2,154.68,0.0,0.0,20,8,10,6,0
Female,Istanbul,Toys,Credit Card,Mobile,31,115.2,2,230.4,0.0,0.0,19,10,7,6,0
Female,Istanbul,Toys,Credit Card,Desktop,40,57.82,2,109.95,5.69,0.05,9,11,11,4,0
Female,Antalya,Home & Garden,Credit Card,Mobile,22,586.04,1,586.04,0.0,0.0,20,12,10,5,1
Female,Adana,Beauty,Debit Card,Desktop,30,34.21,2,68.42,0.0,0.0,28,1,2,4,0
Female,Izmir,Electronics,Credit Card,Desktop,37,578.16,2,1156.32,0.0,0.0,19,7,5,1,0
Male,Kayseri,Sports,Credit Card,Mobile,40,561.67,2,1123.34,0.0,0.0,20,7,2,1,0
Male,Istanbul,Books,Bank Transfer,Desktop,33,75.91,5,379.55,0.0,0.0,7,8,6,0,0
Male,Gaziantep,Beauty,Debit Card,Mobile,37,125.21,4,472.79,28.05,0.06,13,5,5,1,1
Female,Istanbul,Beauty,Credit Card,Mobile,28,159.45,1,159.45,0.0,0.0,27,9,10,0,0
Male,Ankara,Sports,Credit Card,Mobile,18,893.98,2,1689.37,98.59,0.06,39,12,2,2,1
Female,Ankara,Beauty,Debit Card,Mobile,29,177.7,4,710.8,0.0,0.0,18,13,1,2,1
Male,Gaziantep,Books,Debit Card,Mobile,35,98.36,2,184.24,12.48,0.06,11,8,8,2,1
Female,Istanbul,Toys,Credit Card,Tablet,33,130.09,5,650.45,0.0,0.0,4,12,8,5,1
Female,Istanbul,Fashion,Digital Wallet,Desktop,22,461.59,4,1846.36,0.0,0.0,19,11,11,4,0
Female,Izmir,Food,Digital Wallet,Mobile,31,90.87,2,181.74,0.0,0.0,11,5,3,2,1
Male,Ankara,Home & Garden,Digital Wallet,Mobile,28,150.81,2,301.62,0.0,0.0,6,8,8,2,0
Female,Bursa,Electronics,Debit Card,Mobile,46,2495.3,1,1903.28,592.02,0.24,15,8,12,6,0
Female,Adana,Sports,Credit Card,Mobile,35,898.59,1,657.67,240.92,0.27,8,13,11,2,1
Female,Ankara,Books,Bank Transfer,Tablet,32,63.89,2,115.87,11.91,0.09,21,13,1,0,1
Female,Bursa,Fashion,Debit Card,Desktop,61,219.13,1,219.13,0.0,0.0,20,8,6,4,0
Male,Istanbul,Books,Credit Card,Desktop,25,82.06,1,76.27,5.79,0.07,19,12,4,6,0
Female,Gaziantep,Sports,Credit Card,Mobile,22,926.22,1,765.35,160.87,0.17,16,10,12,0,1
Female,Bursa,Beauty,Debit Card,Mobile,32,294.19,3,827.26,55.31,0.06,15,10,5,6,0
Male,Ankara,Sports,Debit Card,Tablet,51,573.29,1,424.56,148.73,0.26,18,8,11,3,0
Male,Ankara,Home & Garden,Credit Card,Mobile,32,1213.03,5,6065.15,0.0,0.0,27,11,5,5,1
Female,Konya,Food,Credit Card,Desktop,41,37.49,5,187.45,0.0,0.0,9,10,3,2,1
Male,Adana,Sports,Credit Card,Desktop,28,337.86,1,337.86,0.0,0.0,31,8,8,1,0
Female,Izmir,Sports,Debit Card,Mobile,48,451.57,2,875.03,28.11,0.03,52,11,1,4,0
Female,Konya,Home & Garden,Credit Card,Desktop,28,198.93,1,165.53,33.4,0.17,12,10,5,5,0
Female,Ankara,Electronics,Digital Wallet,Mobile,53,772.83,2,1545.66,0.0,0.0,27,7,10,0,0
Female,Kayseri,Books,Bank Transfer,Mobile,40,19.69,1,19.69,0.0,0.0,28,11,8,3,0
Female,Eskisehir,Home & Garden,Credit Card,Mobile,21,509.47,1,447.72,61.75,0.12,7,9,9,0,0
Female,Ankara,Books,Digital Wallet,Desktop,51,35.81,1,35.81,0.0,0.0,14,11,11,6,1
Female,Istanbul,Electronics,Bank Transfer,Mobile,23,3459.43,1,3459.43,0.0,0.0,30,8,3,3,0
Male,Bursa,Toys,Credit Card,Desktop,48,270.7,3,812.1,0.0,0.0,14,9,3,4,1
Male,Bursa,Beauty,Debit Card,Mobile,31,118.15,4,464.6,8.0,0.02,4,12,8,1,1
Female,Antalya,Sports,Debit Card,Desktop,36,844.23,5,4051.16,169.99,0.04,13,10,10,6,0
Female,Bursa,Fashion,Digital Wallet,Mobile,33,157.18,1,157.18,0.0,0.0,7,2,11,4,0
Male,Istanbul,Beauty,Bank Transfer,Mobile,19,44.08,1,44.08,0.0,0.0,16,7,12,2,0
Female,Istanbul,Beauty,Debit Card,Tablet,29,73.46,2,146.92,0.0,0.0,10,9,2,4,1
Male,Konya,Sports,Cash on Delivery,Mobile,37,488.54,2,946.0,31.08,0.03,31,6,10,5,0
Male,Ankara,Home & Garden,Credit Card,Mobile,18,128.26,5,641.3,0.0,0.0,13,12,1,6,1
Female,Konya,Toys,Digital Wallet,Mobile,18,245.23,1,245.23,0.0,0.0,12,12,8,4,1
Male,Istanbul,Toys,Bank Transfer,Mobile,33,164.22,1,164.22,0.0,0.0,18,4,12,1,1
Male,Adana,Food,Debit Card,Mobile,21,51.83,2,103.66,0.0,0.0,12,9,12,6,0
Male,Istanbul,Home & Garden,Digital Wallet,Mobile,18,1036.87,2,2073.74,0.0,0.0,9,12,2,3,1
Male,Istanbul,Toys,Credit Card,Mobile,47,252.4,2,434.5,70.3,0.14,7,12,8,6,1
Male,Istanbul,Beauty,Bank Transfer,Mobile,18,52.78,5,250.32,13.58,0.05,24,9,4,6,0
Male,Izmir,Toys,Bank Transfer,Mobile,31,270.95,1,270.95,0.0,0.0,7,7,1,0,1
Female,Izmir,Toys,Debit Card,Desktop,47,194.99,1,194.99,0.0,0.0,21,7,2,5,1
Male,Izmir,Sports,Credit Card,Mobile,20,356.6,2,713.2,0.0,0.0,21,7,12,1,1
Female,Gaziantep,Food,Digital Wallet,Desktop,34,45.45,1,45.45,0.0,0.0,25,9,9,4,1
Female,Antalya,Electronics,Credit Card,Desktop,18,1493.27,2,2705.92,280.62,0.09,33,7,9,4,1
Male,Konya,Home & Garden,Credit Card,Tablet,18,1841.52,1,1841.52,0.0,0.0,10,9,7,3,0
Female,Antalya,Beauty,Debit Card,Desktop,53,157.96,1,115.46,42.5,0.27,19,15,2,3,0
Male,Eskisehir,Books,Digital Wallet,Mobile,42,81.9,1,81.9,0.0,0.0,18,9,7,2,1
Female,Ankara,Books,Bank Transfer,Desktop,47,50.95,4,203.8,0.0,0.0,24,10,1,1,1
Male,Adana,Fashion,Debit Card,Mobile,26,216.5,1,216.5,0.0,0.0,12,8,8,5,1
Male,Bursa,Fashion,Digital Wallet,Mobile,39,626.76,4,2507.04,0.0,0.0,29,8,3,2,1
Female,Izmir,Fashion,Debit Card,Mobile,27,820.57,1,820.57,0.0,0.0,21,16,1,4,1
Male,Bursa,Toys,Credit Card,Mobile,22,601.94,1,601.94,0.0,0.0,11,12,12,2,1
Male,Bursa,Beauty,Bank Transfer,Desktop,21,151.5,1,151.5,0.0,0.0,32,9,6,3,1
Male,Ankara,Electronics,Credit Card,Mobile,28,3227.59,5,16137.95,0.0,0.0,13,15,5,1,0
Male,Antalya,Food,Credit Card,Mobile,48,19.81,1,19.81,0.0,0.0,5,8,9,3,1
Male,Eskisehir,Beauty,Digital Wallet,Tablet,25,147.08,1,130.11,16.97,0.12,16,8,6,3,0
Female,Antalya,Beauty,Bank Transfer,Mobile,26,134.9,1,134.9,0.0,0.0,1,11,1,4,1
Female,Antalya,Home & Garden,Credit Card,Mobile,23,463.14,5,2315.7,0.0,0.0,37,11,9,5,0
Female,Istanbul,Beauty,Debit Card,Mobile,19,202.73,1,187.73,15.0,0.07,12,9,2,5,0
Female,Ankara,Beauty,Bank Transfer,Mobile,31,38.09,2,76.18,0.0,0.0,11,6,2,1,0
Female,Bursa,Beauty,Digital Wallet,Desktop,24,113.0,1,94.59,18.41,0.16,19,8,10,5,0
Female,Istanbul,Beauty,Debit Card,Tablet,35,150.12,2,285.07,15.17,0.05,14,11,7,4,0
Female,Antalya,Toys,Debit Card,Desktop,29,130.2,2,260.4,0.0,0.0,12,12,11,3,1
Female,Ankara,Beauty,Debit Card,Mobile,41,209.1,1,209.1,0.0,0.0,9,9,8,3,0
Female,Ankara,Toys,Credit Card,Mobile,41,114.64,1,114.64,0.0,0.0,1,14,1,1,1
Female,Antalya,Beauty,Debit Card,Mobile,46,77.2,1,77.2,0.0,0.0,3,12,2,3,1
Female,Adana,Books,Credit Card,Mobile,37,15.65,1,15.65,0.0,0.0,16,6,9,4,1
Female,Istanbul,Books,Debit Card,Mobile,43,64.14,3,192.42,0.0,0.0,37,13,8,5,1
Male,Antalya,Food,Credit Card,Desktop,53,104.37,4,417.48,0.0,0.0,7,8,2,2,0
Female,Izmir,Food,Debit Card,Desktop,50,24.14,3,72.42,0.0,0.0,24,9,4,6,0
Male,Gaziantep,Fashion,Debit Card,Mobile,22,657.24,1,657.24,0.0,0.0,16,8,3,0,0
Male,Izmir,Electronics,Bank Transfer,Mobile,48,3925.11,1,3925.11,0.0,0.0,2,9,10,4,1
Female,Istanbul,Electronics,Credit Card,Mobile,31,1367.67,1,1367.67,0.0,0.0,16,10,7,2,1
Female,Bursa,Sports,Debit Card,Mobile,37,307.83,5,1539.15,0.0,0.0,11,8,4,0,1
Male,Kayseri,Home & Garden,Credit Card,Mobile,39,399.21,1,303.72,95.49,0.24,20,6,2,3,1
Male,Istanbul,Electronics,Credit Card,Mobile,39,1493.28,1,1493.28,0.0,0.0,8,8,1,3,1
Female,Istanbul,Sports,Digital Wallet,Mobile,24,389.34,5,1874.0,72.7,0.04,29,8,6,5,1
Female,Istanbul,Fashion,Credit Card,Mobile,26,380.48,2,706.83,54.13,0.07,3,8,3,4,0
Male,Gaziantep,Home & Garden,Debit Card,Desktop,36,520.05,2,1040.1,0.0,0.0,9,11,2,0,0
Female,Istanbul,Toys,Credit Card,Desktop,18,303.91,1,303.91,0.0,0.0,9,4,4,5,1
Male,Adana,Food,Credit Card,Mobile,31,117.0,1,117.0,0.0,0.0,6,11,2,3,1
Female,Konya,Toys,Credit Card,Mobile,18,243.64,2,458.18,29.1,0.06,13,11,1,1,1
Female,Izmir,Sports,Credit Card,Desktop,21,412.33,5,2061.65,0.0,0.0,40,8,10,1,1
Male,Istanbul,Beauty,Bank Transfer,Desktop,38,187.86,1,137.92,49.94,0.27,17,12,1,1,1
Male,Istanbul,Beauty,Bank Transfer,Mobile,57,189.2,2,378.4,0.0,0.0,14,7,2,6,1
Female,Gaziantep,Books,Debit Card,Desktop,40,64.04,3,173.65,18.47,0.1,16,10,1,6,0
Male,Konya,Food,Credit Card,Mobile,50,31.63,5,158.15,0.0,0.0,28,11,3,4,1
Male,Ankara,Toys,Credit Card,Desktop,42,150.49,1,150.49,0.0,0.0,18,8,6,3,0
Male,Bursa,Beauty,Credit Card,Desktop,34,39.61,1,30.71,8.9,0.22,15,10,2,3,0
Female,Istanbul,Beauty,Credit Card,Tablet,44,457.18,1,457.18,0.0,0.0,7,5,7,5,0
Female,Istanbul,Fashion,Cash on Delivery,Tablet,31,376.78,1,271.36,105.42,0.28,32,16,6,5,0
Male,Istanbul,Fashion,Digital Wallet,Desktop,65,360.41,1,360.41,0.0,0.0,16,11,12,1,1
Male,Ankara,Toys,Credit Card,Tablet,34,225.26,1,225.26,0.0,0.0,17,8,5,1,0
Male,Bursa,Sports,Bank Transfer,Mobile,18,647.56,4,2419.69,170.55,0.07,4,9,6,4,0
Male,Konya,Toys,Bank Transfer,Desktop,34,86.65,1,61.82,24.83,0.29,10,9,5,4,0
Female,Gaziantep,Fashion,Digital Wallet,Desktop,34,368.43,2,709.95,26.91,0.04,8,12,3,5,0
Female,Antalya,Books,Digital Wallet,Mobile,32,29.74,2,59.48,0.0,0.0,3,13,8,3,1
Female,Gaziantep,Electronics,Debit Card,Desktop,48,1969.97,1,1460.39,509.58,0.26,1,7,1,6,1
Male,Istanbul,Beauty,Credit Card,Desktop,26,41.21,1,41.21,0.0,0.0,5,10,1,0,1
Male,Konya,Books,Credit Card,Mobile,43,45.9,1,45.9,0.0,0.0,14,6,12,5,1
Male,Kayseri,Beauty,Digital Wallet,Mobile,53,182.33,1,182.33,0.0,0.0,7,9,3,6,1
Male,Istanbul,Books,Digital Wallet,Desktop,53,57.58,1,57.58,0.0,0.0,11,12,3,3,1
Male,Gaziantep,Sports,Digital Wallet,Tablet,22,765.19,1,765.19,0.0,0.0,5,6,3,4,1
Male,Istanbul,Food,Debit Card,Tablet,52,48.14,2,96.28,0.0,0.0,7,12,7,1,1
Female,Konya,Fashion,Cash on Delivery,Mobile,34,102.21,1,91.46,10.75,0.11,12,10,10,4,1
Female,Konya,Sports,Bank Transfer,Mobile,50,376.28,1,376.28,0.0,0.0,28,9,7,6,1
Male,Gaziantep,Electronics,Debit Card,Mobile,36,1507.43,5,7115.08,422.07,0.06,9,11,8,6,0
Male,Istanbul,Fashion,Debit Card,Mobile,49,84.47,1,69.42,15.05,0.18,32,7,2,1,0
Male,Istanbul,Toys,Debit Card,Mobile,39,107.32,3,300.78,21.18,0.07,10,11,10,1,1
Male,Eskisehir,Food,Digital Wallet,Mobile,24,103.15,4,412.6,0.0,0.0,13,13,1,3,1
Male,Eskisehir,Electronics,Credit Card,Desktop,35,905.97,3,2717.91,0.0,0.0,35,13,5,5,1
Male,Izmir,Fashion,Bank Transfer,Mobile,27,324.69,1,324.69,0.0,0.0,5,7,8,5,0
Male,Bursa,Toys,Debit Card,Mobile,34,78.38,4,313.52,0.0,0.0,25,9,1,3,1
Female,Konya,Sports,Cash on Delivery,Desktop,56,671.08,5,3355.4,0.0,0.0,3,9,8,3,1
Female,Istanbul,Sports,Debit Card,Desktop,56,982.82,1,909.09,73.73,0.08,7,6,5,6,1
Male,Istanbul,Food,Bank Transfer,Tablet,44,7.89,1,7.89,0.0,0.0,12,9,3,3,1
Female,Istanbul,Sports,Credit Card,Mobile,30,228.28,3,684.84,0.0,0.0,3,12,6,5,1
Female,Gaziantep,Fashion,Debit Card,Desktop,35,235.59,1,235.59,0.0,0.0,14,8,5,2,1
Female,Ankara,Food,Digital Wallet,Desktop,19,27.5,4,110.0,0.0,0.0,3,9,2,1,1
Male,Istanbul,Electronics,Cash on Delivery,Mobile,18,1166.49,2,2174.71,158.27,0.07,22,12,3,4,1
Male,Ankara,Sports,Credit Card,Desktop,48,102.23,2,204.46,0.0,0.0,18,9,2,3,1
Male,Istanbul,Home & Garden,Digital Wallet,Mobile,22,1296.34,1,1014.33,282.01,0.22,9,6,2,5,1
Male,Gaziantep,Beauty,Digital Wallet,Mobile,62,85.3,1,85.3,0.0,0.0,8,9,2,5,0
Female,Ankara,Food,Credit Card,Mobile,35,34.75,1,31.45,3.3,0.09,5,6,11,6,0
Female,Adana,Home & Garden,Credit Card,Mobile,23,114.26,1,114.26,0.0,0.0,23,6,11,3,1
Female,Izmir,Sports,Debit Card,Mobile,32,399.71,4,1515.12,83.72,0.05,16,10,1,5,1
Female,Kayseri,Home & Garden,Credit Card,Tablet,18,316.42,2,632.84,0.0,0.0,17,8,3,4,0
Female,Istanbul,Fashion,Credit Card,Mobile,63,206.53,5,1032.65,0.0,0.0,15,7,11,0,0
Female,Istanbul,Sports,Digital Wallet,Mobile,39,300.8,1,300.8,0.0,0.0,36,7,9,3,1
Female,Ankara,Food,Digital Wallet,Desktop,23,176.9,1,145.42,31.48,0.18,28,14,2,5,1
Female,Ankara,Food,Digital Wallet,Mobile,49,126.46,1,117.49,8.97,0.07,28,12,12,4,1
Female,Ankara,Beauty,Credit Card,Desktop,47,160.82,1,160.82,0.0,0.0,37,7,8,1,1
Male,Adana,Sports,Debit Card,Desktop,18,387.36,2,774.72,0.0,0.0,11,7,4,1,0
Female,Antalya,Electronics,Debit Card,Mobile,46,320.32,5,1601.6,0.0,0.0,1,5,3,6,1
Female,Eskisehir,Home & Garden,Bank Transfer,Mobile,34,307.77,1,307.77,0.0,0.0,23,4,3,4,1
Male,Adana,Books,Credit Card,Mobile,35,29.29,2,58.58,0.0,0.0,10,10,6,1,0
Female,Izmir,Food,Digital Wallet,Mobile,36,40.05,1,40.05,0.0,0.0,21,7,1,5,1
Female,Izmir,Beauty,Credit Card,Desktop,53,82.32,1,82.32,0.0,0.0,16,10,4,1,1
Male,Ankara,Home & Garden,Debit Card,Desktop,30,537.19,5,2685.95,0.0,0.0,6,13,1,5,1
Male,Izmir,Electronics,Digital Wallet,Mobile,42,1867.71,1,1867.71,0.0,0.0,7,11,4,3,1
Female,Istanbul,Home & Garden,Credit Card,Mobile,50,1212.76,2,2425.52,0.0,0.0,38,6,12,0,1
Male,Gaziantep,Food,Bank Transfer,Desktop,18,23.77,1,23.77,0.0,0.0,28,15,11,4,0
Male,Ankara,Fashion,Digital Wallet,Desktop,24,190.7,1,190.7,0.0,0.0,9,4,4,6,1
Male,Istanbul,Electronics,Credit Card,Tablet,38,1912.51,2,3825.02,0.0,0.0,20,13,6,0,1
Female,Bursa,Beauty,Debit Card,Tablet,19,201.0,2,402.0,0.0,0.0,17,10,1,2,1
Female,Kayseri,Electronics,Credit Card,Mobile,33,1523.22,1,1523.22,0.0,0.0,11,11,12,4,1
Male,Konya,Beauty,Debit Card,Desktop,24,52.29,1,52.29,0.0,0.0,9,3,9,2,0
Male,Ankara,Food,Credit Card,Desktop,31,29.93,2,59.86,0.0,0.0,15,5,12,2,0
Female,Ankara,Food,Credit Card,Mobile,34,165.41,2,301.06,29.76,0.09,15,10,12,2,1
Male,Istanbul,Books,Credit Card,Mobile,33,114.54,1,93.38,21.16,0.18,18,10,10,1,0
Female,Istanbul,Home & Garden,Debit Card,Mobile,45,496.7,1,455.82,40.88,0.08,2,5,3,3,1
Female,Bursa,Toys,Credit Card,Mobile,45,361.96,4,1421.21,26.63,0.02,14,6,10,4,1
Male,Adana,Home & Garden,Debit Card,Desktop,34,612.76,1,612.76,0.0,0.0,4,7,4,3,1
Female,Ankara,Beauty,Credit Card,Desktop,47,99.34,3,298.02,0.0,0.0,37,13,2,3,1
Female,Ankara,Home & Garden,Credit Card,Mobile,39,255.73,5,1278.65,0.0,0.0,12,6,5,0,0
Male,Adana,Food,Digital Wallet,Tablet,18,96.26,1,96.26,0.0,0.0,25,10,7,6,0
Female,Istanbul,Fashion,Credit Card,Desktop,32,343.83,3,949.88,81.61,0.08,5,12,4,0,0
Female,Izmir,Electronics,Bank Transfer,Tablet,31,3078.07,3,9234.21,0.0,0.0,11,12,3,6,1
Female,Bursa,Toys,Debit Card,Mobile,27,54.28,1,54.28,0.0,0.0,4,14,1,6,1
Female,Konya,Food,Credit Card,Mobile,29,108.75,1,108.75,0.0,0.0,19,8,6,5,1
Female,Adana,Home & Garden,Debit Card,Tablet,51,744.29,4,2762.44,214.72,0.07,10,11,3,0,0
Male,Izmir,Electronics,Digital Wallet,Tablet,22,732.08,5,3660.4,0.0,0.0,8,8,1,0,0
Female,Gaziantep,Food,Bank Transfer,Mobile,48,62.82,1,59.37,3.45,0.05,1,6,6,3,1
Male,Istanbul,Sports,Credit Card,Desktop,50,256.42,3,769.26,0.0,0.0,25,12,10,0,0
Male,Istanbul,Electronics,Debit Card,Mobile,72,690.38,1,690.38,0.0,0.0,11,5,6,4,1
Male,Ankara,Toys,Bank Transfer,Mobile,34,251.83,1,237.02,14.81,0.06,12,5,2,6,1
Female,Bursa,Food,Credit Card,Desktop,19,73.23,1,73.23,0.0,0.0,6,9,3,4,1
Male,Ankara,Beauty,Credit Card,Mobile,70,53.39,1,53.39,0.0,0.0,39,4,11,5,1
Male,Konya,Sports,Digital Wallet,Mobile,30,367.4,2,734.8,0.0,0.0,22,9,2,0,1
Female,Kayseri,Sports,Credit Card,Mobile,18,403.62,2,807.24,0.0,0.0,24,6,3,6,0
Male,Izmir,Beauty,Credit Card,Mobile,49,70.45,1,70.45,0.0,0.0,6,9,3,0,0
Other,Bursa,Beauty,Bank Transfer,Mobile,41,123.19,1,123.19,0.0,0.0,25,7,5,5,0
Male,Istanbul,Food,Credit Card,Desktop,32,61.49,5,307.45,0.0,0.0,11,6,1,1,0
Male,Istanbul,Sports,Bank Transfer,Mobile,52,1241.9,3,3725.7,0.0,0.0,13,8,7,4,1
Female,Istanbul,Home & Garden,Credit Card,Tablet,46,791.89,1,791.89,0.0,0.0,1,12,1,1,1
Male,Istanbul,Fashion,Bank Transfer,Mobile,18,581.55,1,581.55,0.0,0.0,11,7,11,1,0
Male,Istanbul,Home & Garden,Digital Wallet,Mobile,43,1078.38,5,5391.9,0.0,0.0,19,8,9,3,0
Female,Antalya,Electronics,Credit Card,Desktop,42,2057.45,5,10287.25,0.0,0.0,32,6,3,0,1
Female,Istanbul,Sports,Digital Wallet,Mobile,23,339.6,3,1018.8,0.0,0.0,5,11,12,4,0
Female,Bursa,Sports,Credit Card,Mobile,21,357.01,1,250.17,106.84,0.3,26,14,1,5,0
Female,Adana,Fashion,Bank Transfer,Tablet,42,299.49,1,299.49,0.0,0.0,16,8,7,5,1
Female,Istanbul,Beauty,Credit Card,Mobile,18,49.35,3,148.05,0.0,0.0,17,17,6,5,1
Female,Bursa,Home & Garden,Credit Card,Desktop,23,1137.51,2,2275.02,0.0,0.0,51,13,8,1,1
Female,Izmir,Food,Credit Card,Desktop,33,54.32,3,157.77,5.19,0.03,18,5,4,5,1
Female,Gaziantep,Beauty,Credit Card,Mobile,33,115.12,3,345.36,0.0,0.0,18,10,10,2,1
Female,Kayseri,Fashion,Credit Card,Tablet,40,201.12,1,201.12,0.0,0.0,18,12,12,5,1
Female,Istanbul,Fashion,Bank Transfer,Mobile,18,95.71,5,470.22,8.33,0.02,27,11,2,6,1
Female,Ankara,Books,Credit Card,Tablet,36,32.55,1,32.55,0.0,0.0,2,11,2,1,0
Male,Konya,Sports,Credit Card,Mobile,52,1385.22,5,6777.93,148.17,0.02,15,8,2,0,1
Male,Ankara,Toys,Bank Transfer,Desktop,33,57.92,4,220.91,10.77,0.05,14,10,11,4,1
Female,Izmir,Electronics,Digital Wallet,Desktop,40,1993.27,5,9387.22,579.13,0.06,15,10,12,2,1
Female,Adana,Electronics,Debit Card,Mobile,43,484.14,2,968.28,0.0,0.0,14,4,1,6,0
Female,Izmir,Electronics,Credit Card,Tablet,47,3208.37,1,2613.26,595.11,0.19,14,13,5,2,1
Female,Gaziantep,Fashion,Digital Wallet,Desktop,23,230.7,2,461.4,0.0,0.0,6,12,1,4,0
Male,Antalya,Beauty,Credit Card,Mobile,42,142.66,2,285.32,0.0,0.0,13,12,2,4,1
Male,Istanbul,Toys,Credit Card,Mobile,52,98.15,1,85.55,12.6,0.13,10,14,8,4,1
Female,Istanbul,Beauty,Credit Card,Mobile,34,155.99,3,444.72,23.25,0.05,9,4,9,5,0
Female,Adana,Electronics,Digital Wallet,Mobile,35,3865.01,1,3865.01,0.0,0.0,8,13,8,1,1
Male,Izmir,Fashion,Credit Card,Mobile,18,232.04,3,696.12,0.0,0.0,4,4,10,4,1
Female,Kayseri,Books,Digital Wallet,Mobile,38,115.23,1,115.23,0.0,0.0,15,7,9,2,0
Female,Antalya,Books,Credit Card,Mobile,59,44.21,3,123.85,8.78,0.07,9,16,2,5,0
Female,Bursa,Toys,Debit Card,Mobile,54,96.77,4,387.08,0.0,0.0,4,8,1,5,1
Female,Istanbul,Home & Garden,Credit Card,Desktop,30,583.94,2,1167.88,0.0,0.0,4,8,7,6,0
Male,Istanbul,Fashion,Debit Card,Mobile,38,304.29,1,304.29,0.0,0.0,20,15,4,3,0
Female,Istanbul,Fashion,Credit Card,Mobile,52,533.41,1,449.19,84.22,0.16,14,6,4,6,0
Female,Izmir,Electronics,Credit Card,Mobile,40,2205.66,1,1927.03,278.63,0.13,5,6,2,1,1
Female,Ankara,Food,Debit Card,Desktop,47,77.88,1,77.88,0.0,0.0,26,4,12,2,0
Male,Istanbul,Electronics,Debit Card,Mobile,43,1934.04,5,9670.2,0.0,0.0,9,6,2,3,1
Male,Eskisehir,Books,Cash on Delivery,Desktop,42,50.24,2,100.48,0.0,0.0,28,10,9,5,1
Male,Istanbul,Food,Debit Card,Mobile,18,29.45,1,29.45,0.0,0.0,23,11,5,0,0
Male,Konya,Electronics,Credit Card,Desktop,23,1431.28,2,2862.56,0.0,0.0,15,10,1,3,1
Female,Adana,Home & Garden,Digital Wallet,Mobile,34,871.66,1,871.66,0.0,0.0,12,16,11,2,0
Male,Ankara,Fashion,Credit Card,Desktop,34,173.1,1,142.88,30.22,0.17,8,7,3,1,1
Male,Adana,Beauty,Debit Card,Mobile,25,198.64,1,198.64,0.0,0.0,16,10,8,5,0
Male,Ankara,Food,Debit Card,Desktop,35,65.03,1,65.03,0.0,0.0,8,10,2,6,0
Female,Konya,Books,Debit Card,Mobile,34,57.48,4,229.92,0.0,0.0,17,13,10,4,1
Male,Ankara,Toys,Debit Card,Mobile,37,84.87,1,70.61,14.26,0.17,8,7,10,1,0
Male,Izmir,Food,Credit Card,Mobile,23,33.51,3,94.58,5.95,0.06,9,9,10,5,1
Male,Adana,Electronics,Credit Card,Mobile,30,4607.0,1,4097.09,509.91,0.11,3,5,8,2,1
Male,Istanbul,Sports,Credit Card,Desktop,32,607.79,2,1215.58,0.0,0.0,16,11,1,2,1
Male,Bursa,Sports,Debit Card,Desktop,42,242.38,2,429.99,54.77,0.11,17,11,5,0,1
Female,Izmir,Books,Digital Wallet,Desktop,19,32.88,1,24.12,8.76,0.27,23,9,1,3,1
Male,Istanbul,Electronics,Digital Wallet,Desktop,27,1301.8,5,6369.33,139.67,0.02,21,11,12,6,1
Female,Adana,Toys,Credit Card,Desktop,47,434.12,1,434.12,0.0,0.0,26,11,1,3,0
Male,Izmir,Toys,Debit Card,Mobile,44,200.17,2,381.82,18.52,0.05,15,12,9,6,1
Female,Istanbul,Books,Credit Card,Tablet,52,38.28,3,114.84,0.0,0.0,2,5,10,1,1
Female,Ankara,Sports,Debit Card,Mobile,25,352.49,1,352.49,0.0,0.0,11,7,3,0,0
Male,Izmir,Toys,Debit Card,Mobile,48,233.19,1,183.36,49.83,0.21,9,10,2,3,1
Male,Izmir,Beauty,Digital Wallet,Desktop,18,23.34,1,23.34,0.0,0.0,9,14,3,6,0
Male,Istanbul,Home & Garden,Credit Card,Mobile,24,995.78,1,859.83,135.95,0.14,10,12,7,6,1
Female,Izmir,Toys,Digital Wallet,Tablet,35,41.76,1,34.27,7.49,0.18,20,16,5,3,0
Female,Adana,Electronics,Credit Card,Mobile,20,442.78,3,1328.34,0.0,0.0,25,10,2,3,1
Female,Antalya,Toys,Credit Card,Mobile,18,45.25,1,45.25,0.0,0.0,14,11,10,3,1
Male,Izmir,Home & Garden,Bank Transfer,Mobile,24,320.91,4,1283.64,0.0,0.0,8,12,5,5,1
Female,Adana,Beauty,Credit Card,Desktop,18,91.08,5,455.4,0.0,0.0,5,8,1,3,0
Male,Konya,Beauty,Debit Card,Mobile,18,174.77,2,327.09,22.45,0.06,13,5,12,4,0
Female,Istanbul,Sports,Bank Transfer,Mobile,55,459.35,3,1275.27,102.78,0.07,5,8,3,0,1
Female,Adana,Toys,Cash on Delivery,Desktop,25,316.59,4,1229.21,37.15,0.03,13,8,7,5,0
Female,Kayseri,Sports,Digital Wallet,Mobile,18,494.24,1,365.47,128.77,0.26,26,17,11,6,1
Male,Konya,Electronics,Credit Card,Tablet,18,1760.77,1,1760.77,0.0,0.0,26,10,3,3,1
Female,Eskisehir,Electronics,Digital Wallet,Tablet,40,1614.94,1,1614.94,0.0,0.0,14,6,3,3,0
Female,Konya,Home & Garden,Credit Card,Mobile,42,389.72,4,1473.94,84.94,0.05,26,9,11,1,0
Male,Istanbul,Sports,Credit Card,Desktop,44,809.75,4,3239.0,0.0,0.0,16,6,2,0,1
Female,Izmir,Sports,Debit Card,Desktop,58,652.96,1,652.96,0.0,0.0,7,10,11,2,0
Male,Istanbul,Fashion,Debit Card,Tablet,40,920.82,2,1841.64,0.0,0.0,12,9,6,3,1
Male,Izmir,Sports,Credit Card,Desktop,51,648.31,1,648.31,0.0,0.0,22,11,7,0,1
Female,Antalya,Food,Digital Wallet,Mobile,45,39.38,1,34.11,5.27,0.13,38,10,3,1,1
Male,Ankara,Beauty,Credit Card,Tablet,28,191.01,3,573.03,0.0,0.0,10,7,5,3,1
Female,Istanbul,Home & Garden,Digital Wallet,Mobile,38,924.61,5,4623.05,0.0,0.0,8,8,11,3,0
Female,Istanbul,Home & Garden,Debit Card,Mobile,18,507.27,2,869.52,145.02,0.14,18,6,11,1,0
Female,Kayseri,Toys,Debit Card,Desktop,35,150.46,2,265.38,35.54,0.12,15,7,3,4,1
Female,Izmir,Fashion,Credit Card,Mobile,31,394.1,1,394.1,0.0,0.0,4,13,3,6,1
Male,Istanbul,Books,Digital Wallet,Tablet,23,49.64,5,248.2,0.0,0.0,8,7,3,0,1
Male,Gaziantep,Electronics,Debit Card,Desktop,60,1530.97,1,1530.97,0.0,0.0,24,9,8,2,0
Male,Gaziantep,Books,Debit Card,Mobile,25,51.34,1,51.34,0.0,0.0,17,12,3,6,1
Female,Istanbul,Fashion,Digital Wallet,Tablet,42,119.07,2,238.14,0.0,0.0,22,3,5,1,1
Male,Istanbul,Sports,Credit Card,Mobile,24,218.18,4,845.25,27.47,0.03,24,8,3,2,1
Male,Adana,Toys,Digital Wallet,Mobile,18,161.71,4,646.84,0.0,0.0,13,8,4,6,0
Female,Bursa,Books,Credit Card,Mobile,28,43.43,1,43.43,0.0,0.0,9,8,9,2,1
Female,Istanbul,Electronics,Credit Card,Tablet,36,1407.33,4,5306.07,323.25,0.06,28,7,6,1,0
Male,Izmir,Home & Garden,Bank Transfer,Desktop,49,2010.41,4,7868.56,173.08,0.02,18,9,7,2,0
Female,Kayseri,Toys,Credit Card,Mobile,41,173.45,3,520.35,0.0,0.0,12,10,3,4,0
Male,Istanbul,Sports,Digital Wallet,Tablet,19,543.16,3,1629.48,0.0,0.0,14,7,10,6,1
Male,Konya,Sports,Bank Transfer,Desktop,34,674.29,2,1348.58,0.0,0.0,10,9,4,6,0
Male,Istanbul,Books,Digital Wallet,Desktop,39,26.03,1,21.22,4.81,0.18,12,9,12,5,0
Female,Ankara,Electronics,Credit Card,Tablet,53,831.91,4,3114.92,212.72,0.06,18,12,12,1,1
Male,Gaziantep,Home & Garden,Credit Card,Desktop,43,543.06,1,543.06,0.0,0.0,10,9,9,6,1
Male,Istanbul,Toys,Credit Card,Desktop,45,380.9,2,761.8,0.0,0.0,17,10,3,5,1
Male,Eskisehir,Books,Credit Card,Mobile,35,68.82,2,131.59,6.05,0.04,24,12,2,2,1
Male,Istanbul,Home & Garden,Credit Card,Tablet,43,234.18,1,165.23,68.95,0.29,15,13,7,1,1
Female,Konya,Toys,Credit Card,Mobile,39,236.64,5,1151.75,31.45,0.03,11,13,2,4,1
Female,Adana,Food,Credit Card,Tablet,47,73.9,1,73.9,0.0,0.0,26,9,9,3,0
Male,Bursa,Fashion,Bank Transfer,Mobile,18,93.46,5,467.3,0.0,0.0,11,10,3,1,1
Male,Ankara,Beauty,Credit Card,Desktop,42,96.88,5,484.4,0.0,0.0,15,11,9,2,1
Male,Ankara,Fashion,Credit Card,Mobile,34,197.1,4,788.4,0.0,0.0,7,11,9,4,0
Male,Istanbul,Food,Debit Card,Mobile,41,136.14,2,272.28,0.0,0.0,8,8,3,4,1
Female,Ankara,Food,Credit Card,Mobile,43,48.15,5,240.75,0.0,0.0,7,8,1,6,1
Male,Izmir,Toys,Debit Card,Tablet,42,83.61,2,167.22,0.0,0.0,9,6,9,4,0
Female,Istanbul,Sports,Credit Card,Mobile,43,550.34,4,2201.36,0.0,0.0,4,8,10,2,1
Male,Antalya,Sports,Credit Card,Desktop,42,319.65,2,571.45,67.85,0.11,18,12,12,4,0
Other,Izmir,Electronics,Credit Card,Desktop,18,1902.7,5,9314.7,198.8,0.02,33,12,3,1,1
Male,Eskisehir,Electronics,Debit Card,Mobile,30,1275.59,4,4798.23,304.13,0.06,9,6,8,6,0
Female,Istanbul,Fashion,Credit Card,Desktop,32,492.69,1,446.55,46.14,0.09,23,11,3,1,1
Male,Ankara,Electronics,Cash on Delivery,Desktop,43,2275.24,2,3948.76,601.72,0.13,5,9,3,0,1
Male,Adana,Beauty,Credit Card,Desktop,41,51.56,1,47.56,4.0,0.08,16,6,3,4,1
Male,Adana,Books,Digital Wallet,Desktop,24,88.08,1,88.08,0.0,0.0,11,15,3,2,0
Female,Istanbul,Electronics,Cash on Delivery,Mobile,39,395.57,1,395.57,0.0,0.0,21,12,6,2,1
Female,Gaziantep,Fashion,Debit Card,Desktop,23,375.55,1,375.55,0.0,0.0,8,4,3,0,1
Female,Ankara,Sports,Bank Transfer,Mobile,55,419.21,4,1635.72,41.12,0.02,11,9,6,1,0
Female,Antalya,Books,Digital Wallet,Mobile,29,15.52,3,46.56,0.0,0.0,15,10,11,5,1
Male,Izmir,Beauty,Credit Card,Mobile,31,63.46,1,63.46,0.0,0.0,16,9,3,6,0
Male,Istanbul,Beauty,Credit Card,Mobile,32,141.76,1,141.76,0.0,0.0,13,10,10,1,1
Other,Konya,Electronics,Credit Card,Tablet,32,2432.27,1,2130.66,301.61,0.12,24,11,10,1,1
Female,Istanbul,Books,Credit Card,Mobile,22,12.93,1,12.93,0.0,0.0,24,9,4,4,0
Male,Antalya,Toys,Credit Card,Mobile,27,520.05,2,1040.1,0.0,0.0,2,10,10,4,1
Male,Ankara,Beauty,Debit Card,Mobile,55,76.46,4,300.53,5.31,0.02,9,7,3,5,0
Male,Istanbul,Electronics,Credit Card,Mobile,57,1448.54,5,7242.7,0.0,0.0,7,6,10,5,0
Male,Adana,Sports,Bank Transfer,Desktop,19,738.36,3,2215.08,0.0,0.0,11,8,1,6,1
Female,Antalya,Food,Cash on Delivery,Mobile,48,72.61,3,217.83,0.0,0.0,18,10,3,6,1
Male,Gaziantep,Beauty,Bank Transfer,Mobile,43,25.66,1,25.66,0.0,0.0,22,8,11,0,0
Female,Konya,Home & Garden,Credit Card,Desktop,40,1973.46,3,5920.38,0.0,0.0,9,10,7,6,0
Male,Izmir,Food,Credit Card,Tablet,41,32.76,1,32.76,0.0,0.0,14,8,3,5,1
Male,Antalya,Beauty,Credit Card,Tablet,26,76.79,2,153.58,0.0,0.0,21,6,4,2,1
Female,Istanbul,Sports,Debit Card,Mobile,45,233.09,4,932.36,0.0,0.0,24,11,10,2,0
Male,Istanbul,Toys,Credit Card,Desktop,42,220.45,2,440.9,0.0,0.0,33,9,3,5,1
Male,Istanbul,Toys,Debit Card,Mobile,42,153.72,1,108.28,45.44,0.3,17,8,3,5,0
Female,Ankara,Electronics,Credit Card,Mobile,43,1755.72,3,4844.1,423.06,0.08,4,14,5,0,0
Female,Adana,Electronics,Digital Wallet,Desktop,22,2148.32,2,4296.64,0.0,0.0,28,8,6,6,1
Female,Antalya,Food,Credit Card,Tablet,23,22.64,1,20.99,1.65,0.07,7,11,1,1,1
Female,Eskisehir,Home & Garden,Credit Card,Desktop,50,841.16,2,1499.77,182.55,0.11,16,9,9,0,0
Female,Bursa,Books,Credit Card,Mobile,29,30.85,1,30.85,0.0,0.0,5,10,3,4,0
Male,Antalya,Home & Garden,Credit Card,Mobile,46,977.55,2,1955.1,0.0,0.0,23,11,3,1,1
Male,Istanbul,Fashion,Credit Card,Mobile,31,318.6,1,318.6,0.0,0.0,12,8,7,5,0
Female,Izmir,Home & Garden,Bank Transfer,Mobile,53,819.8,5,4099.0,0.0,0.0,11,12,3,1,0
Other,Eskisehir,Electronics,Credit Card,Tablet,31,2219.97,2,4439.94,0.0,0.0,11,7,8,2,1
Other,Izmir,Home & Garden,Credit Card,Tablet,42,1172.74,1,1172.74,0.0,0.0,16,11,8,5,0
Female,Gaziantep,Sports,Credit Card,Tablet,30,168.39,1,168.39,0.0,0.0,3,7,2,1,0
Male,Istanbul,Books,Debit Card,Mobile,31,31.28,2,55.2,7.36,0.12,7,9,10,2,0
Female,Bursa,Toys,Credit Card,Mobile,46,176.72,4,706.88,0.0,0.0,10,12,3,1,1
Male,Istanbul,Food,Cash on Delivery,Desktop,37,177.04,1,177.04,0.0,0.0,14,5,5,4,0
Male,Antalya,Electronics,Bank Transfer,Mobile,41,1672.37,5,8361.85,0.0,0.0,32,9,7,1,0
Male,Istanbul,Home & Garden,Digital Wallet,Desktop,41,724.84,3,2033.95,140.57,0.06,7,9,1,1,1
Male,Istanbul,Home & Garden,Credit Card,Tablet,49,523.27,2,1046.54,0.0,0.0,22,14,8,1,1
Male,Izmir,Food,Credit Card,Desktop,51,48.01,1,48.01,0.0,0.0,8,6,2,1,0
Female,Istanbul,Toys,Credit Card,Mobile,28,39.37,5,188.46,8.39,0.04,15,11,9,5,1
Female,Ankara,Toys,Cash on Delivery,Mobile,44,71.78,3,215.34,0.0,0.0,22,8,2,3,1
Female,Istanbul,Toys,Digital Wallet,Mobile,44,160.45,3,469.3,12.05,0.03,10,6,1,2,1
Male,Izmir,Toys,Cash on Delivery,Desktop,18,410.35,2,820.7,0.0,0.0,6,14,9,6,0
Male,Gaziantep,Sports,Credit Card,Desktop,38,300.92,2,601.84,0.0,0.0,13,7,11,2,1
Female,Izmir,Beauty,Cash on Delivery,Mobile,18,115.06,2,230.12,0.0,0.0,9,10,3,3,1
Male,Bursa,Toys,Debit Card,Desktop,33,24.91,3,74.73,0.0,0.0,20,16,2,3,0
Male,Ankara,Fashion,Debit Card,Mobile,30,247.44,1,178.76,68.68,0.28,17,14,8,2,1
Male,Izmir,Books,Credit Card,Mobile,24,12.92,1,12.92,0.0,0.0,4,6,3,5,1
Male,Istanbul,Toys,Credit Card,Desktop,29,675.6,1,675.6,0.0,0.0,4,10,11,5,0
Male,Ankara,Books,Bank Transfer,Mobile,41,63.0,1,63.0,0.0,0.0,16,11,2,1,1
Female,Istanbul,Sports,Digital Wallet,Mobile,52,1024.11,1,1024.11,0.0,0.0,6,13,6,4,1
Female,Kayseri,Food,Credit Card,Mobile,35,31.47,1,31.47,0.0,0.0,15,9,1,4,0
Female,Istanbul,Food,Debit Card,Tablet,33,123.96,1,123.96,0.0,0.0,16,7,11,3,1
Male,Izmir,Electronics,Credit Card,Desktop,51,921.43,1,921.43,0.0,0.0,8,11,11,1,0
Male,Gaziantep,Sports,Credit Card,Desktop,18,300.94,3,883.14,19.68,0.02,3,12,5,3,1
Female,Ankara,Books,Digital Wallet,Mobile,29,23.05,1,23.05,0.0,0.0,14,7,12,3,1
Male,Antalya,Books,Credit Card,Desktop,20,37.68,1,37.68,0.0,0.0,13,8,1,2,1
Female,Antalya,Beauty,Bank Transfer,Desktop,31,105.69,1,91.69,14.0,0.13,7,7,1,0,1
Female,Bursa,Books,Debit Card,Desktop,43,24.97,2,49.94,0.0,0.0,10,12,9,2,1
Male,Konya,Books,Debit Card,Mobile,38,40.72,2,81.44,0.0,0.0,12,7,8,5,1
Male,Istanbul,Toys,Credit Card,Desktop,35,304.91,1,304.91,0.0,0.0,28,8,2,3,1
Male,Bursa,Toys,Debit Card,Desktop,54,394.49,1,394.49,0.0,0.0,15,14,6,6,1
Male,Izmir,Electronics,Credit Card,Mobile,46,965.36,2,1930.72,0.0,0.0,11,4,4,0,0
Male,Bursa,Home & Garden,Debit Card,Mobile,22,764.65,3,2293.95,0.0,0.0,22,15,5,6,0
Female,Ankara,Food,Debit Card,Mobile,28,19.09,4,76.36,0.0,0.0,22,12,10,5,0
Male,Izmir,Fashion,Credit Card,Desktop,32,197.92,1,197.92,0.0,0.0,23,8,1,4,0
Female,Istanbul,Books,Credit Card,Tablet,38,44.92,2,83.74,6.1,0.07,5,8,3,3,0
Female,Istanbul,Beauty,Debit Card,Desktop,36,163.56,3,490.68,0.0,0.0,16,10,12,5,0
Male,Kayseri,Beauty,Bank Transfer,Mobile,34,303.54,1,303.54,0.0,0.0,23,9,2,2,0
Male,Istanbul,Food,Credit Card,Mobile,30,38.48,3,110.5,4.94,0.04,10,17,2,4,0
Male,Izmir,Books,Credit Card,Tablet,43,43.56,1,43.56,0.0,0.0,37,11,10,3,0
Female,Kayseri,Sports,Credit Card,Desktop,56,600.11,1,600.11,0.0,0.0,11,6,1,0,0
Male,Istanbul,Books,Bank Transfer,Mobile,36,152.44,4,609.76,0.0,0.0,14,4,3,5,1
Female,Antalya,Books,Debit Card,Desktop,33,70.63,1,70.63,0.0,0.0,22,12,11,3,1
Male,Istanbul,Food,Digital Wallet,Mobile,39,40.18,1,40.18,0.0,0.0,21,6,3,0,0
Male,Istanbul,Beauty,Digital Wallet,Mobile,53,118.64,5,593.2,0.0,0.0,8,6,8,1,1
Female,Gaziantep,Toys,Digital Wallet,Mobile,28,41.23,1,41.23,0.0,0.0,11,10,7,6,1
Female,Bursa,Electronics,Digital Wallet,Tablet,23,572.98,1,572.98,0.0,0.0,10,11,6,0,0
Female,Antalya,Beauty,Credit Card,Mobile,18,87.73,4,344.77,6.15,0.02,16,8,12,4,1
Female,Antalya,Home & Garden,Credit Card,Desktop,28,150.81,3,452.43,0.0,0.0,26,10,10,1,1
Female,Antalya,Books,Debit Card,Desktop,18,56.5,1,45.49,11.01,0.19,28,7,10,2,1
Male,Antalya,Home & Garden,Digital Wallet,Tablet,43,702.02,2,1299.75,104.29,0.07,12,11,6,0,1
Male,Bursa,Sports,Credit Card,Mobile,42,1046.04,1,794.32,251.72,0.24,6,11,8,0,1
Male,Istanbul,Books,Bank Transfer,Desktop,34,87.03,1,87.03,0.0,0.0,21,13,1,4,0
Female,Bursa,Fashion,Credit Card,Desktop,37,656.43,2,1277.19,35.67,0.03,1,12,1,1,1
Female,Izmir,Fashion,Credit Card,Desktop,42,94.57,1,94.57,0.0,0.0,3,11,2,2,1
Male,Gaziantep,Books,Debit Card,Mobile,31,82.32,1,64.25,18.07,0.22,6,7,11,3,1
Female,Antalya,Fashion,Cash on Delivery,Mobile,33,301.28,1,280.83,20.45,0.07,31,9,1,4,1
Male,Izmir,Sports,Cash on Delivery,Desktop,41,179.34,5,867.18,29.52,0.03,27,6,3,2,1
Male,Istanbul,Home & Garden,Cash on Delivery,Desktop,33,316.14,4,1264.56,0.0,0.0,19,9,1,1,0
Male,Ankara,Electronics,Credit Card,Tablet,35,242.42,1,242.42,0.0,0.0,9,9,7,6,1
Female,Adana,Sports,Digital Wallet,Mobile,42,857.14,3,2571.42,0.0,0.0,5,10,8,0,1
Female,Antalya,Beauty,Credit Card,Desktop,18,86.95,2,173.9,0.0,0.0,36,11,5,1,0
Female,Istanbul,Fashion,Debit Card,Desktop,18,566.51,1,566.51,0.0,0.0,23,11,10,3,0
Female,Ankara,Electronics,Credit Card,Mobile,18,411.22,4,1644.88,0.0,0.0,7,9,6,4,1
Female,Istanbul,Beauty,Credit Card,Mobile,35,29.45,2,58.9,0.0,0.0,13,11,12,0,1
Female,Izmir,Toys,Digital Wallet,Mobile,25,137.6,1,137.6,0.0,0.0,6,13,5,1,0
Male,Antalya,Toys,Bank Transfer,Mobile,24,314.52,2,599.58,29.46,0.05,3,8,8,1,0
Female,Istanbul,Sports,Cash on Delivery,Tablet,49,529.58,1,529.58,0.0,0.0,14,6,3,5,0
Female,Adana,Toys,Credit Card,Desktop,49,151.26,3,453.78,0.0,0.0,20,7,4,0,0
Male,Istanbul,Books,Credit Card,Mobile,18,45.63,4,182.52,0.0,0.0,5,8,6,5,1
Male,Ankara,Toys,Digital Wallet,Desktop,28,48.22,2,96.44,0.0,0.0,37,9,8,5,0
Male,Izmir,Beauty,Debit Card,Mobile,37,91.66,4,361.87,4.77,0.01,12,7,2,5,0
Male,Kayseri,Beauty,Digital Wallet,Desktop,43,286.68,2,573.36,0.0,0.0,28,6,1,1,1
Male,Adana,Toys,Bank Transfer,Mobile,25,88.18,2,176.36,0.0,0.0,4,3,9,4,1
Male,Istanbul,Electronics,Credit Card,Desktop,44,1342.64,1,1342.64,0.0,0.0,11,6,8,3,0
Female,Gaziantep,Toys,Bank Transfer,Mobile,62,83.32,1,83.32,0.0,0.0,27,5,12,4,1
Male,Bursa,Toys,Debit Card,Mobile,45,273.92,5,1369.6,0.0,0.0,16,12,6,5,1
Female,Kayseri,Beauty,Credit Card,Desktop,51,145.91,5,729.55,0.0,0.0,5,10,7,4,1
Female,Gaziantep,Food,Credit Card,Tablet,29,62.66,2,119.99,5.33,0.04,18,4,2,4,0
Female,Izmir,Beauty,Debit Card,Tablet,24,151.35,1,151.35,0.0,0.0,6,6,5,6,0
Male,Gaziantep,Books,Digital Wallet,Tablet,54,42.32,2,84.64,0.0,0.0,11,9,3,2,0
Male,Istanbul,Food,Bank Transfer,Mobile,46,263.53,5,1317.65,0.0,0.0,14,9,10,0,1
Female,Izmir,Beauty,Credit Card,Desktop,37,59.07,1,59.07,0.0,0.0,8,5,2,3,1
Male,Gaziantep,Sports,Credit Card,Mobile,56,192.74,1,192.74,0.0,0.0,19,8,3,4,0
Female,Istanbul,Food,Credit Card,Mobile,44,99.19,1,82.64,16.55,0.17,39,9,3,5,0
Male,Istanbul,Toys,Debit Card,Desktop,39,171.52,3,482.34,32.22,0.06,6,7,4,5,0
Male,Izmir,Books,Credit Card,Desktop,48,114.73,1,93.68,21.05,0.18,12,13,6,0,0
Female,Izmir,Electronics,Digital Wallet,Mobile,32,618.97,1,618.97,0.0,0.0,19,9,10,1,1
Male,Gaziantep,Books,Cash on Delivery,Mobile,18,37.36,1,37.36,0.0,0.0,7,13,3,5,0
Female,Istanbul,Home & Garden,Debit Card,Mobile,20,1268.86,5,6092.47,251.83,0.04,2,8,3,2,1
Female,Istanbul,Sports,Digital Wallet,Mobile,45,77.45,3,211.54,20.81,0.09,17,11,12,2,1
Female,Gaziantep,Fashion,Digital Wallet,Mobile,53,141.97,2,283.94,0.0,0.0,8,8,3,2,1
Female,Ankara,Toys,Digital Wallet,Desktop,18,131.33,4,509.3,16.02,0.03,11,8,2,4,0
Female,Eskisehir,Home & Garden,Credit Card,Mobile,35,490.05,1,490.05,0.0,0.0,12,6,11,1,1
Female,Antalya,Sports,Credit Card,Desktop,32,146.05,2,292.1,0.0,0.0,12,7,9,6,0
Female,Istanbul,Food,Credit Card,Mobile,73,85.69,1,67.29,18.4,0.21,15,8,2,4,1
Male,Ankara,Sports,Debit Card,Mobile,55,853.04,1,853.04,0.0,0.0,29,9,2,0,1
Male,Izmir,Home & Garden,Debit Card,Mobile,48,279.4,2,558.8,0.0,0.0,34,8,10,2,0
Male,Ankara,Electronics,Credit Card,Desktop,42,1022.98,1,1022.98,0.0,0.0,18,14,8,3,1
Male,Istanbul,Electronics,Credit Card,Desktop,36,810.6,2,1621.2,0.0,0.0,17,5,3,3,0
Male,Izmir,Home & Garden,Debit Card,Mobile,24,1627.87,5,8139.35,0.0,0.0,18,4,9,6,0
Male,Adana,Electronics,Digital Wallet,Desktop,35,1220.46,1,1220.46,0.0,0.0,5,10,6,2,1
Male,Istanbul,Home & Garden,Credit Card,Mobile,35,358.46,2,650.68,66.24,0.09,13,14,8,6,0
Female,Izmir,Toys,Credit Card,Desktop,20,204.92,3,578.2,36.56,0.06,9,14,1,2,1
Female,Antalya,Food,Digital Wallet,Desktop,34,59.85,1,56.01,3.84,0.06,8,3,2,0,1
Female,Bursa,Home & Garden,Digital Wallet,Mobile,42,576.56,3,1606.29,123.39,0.07,12,7,1,5,1
Male,Ankara,Food,Credit Card,Mobile,36,49.22,2,98.44,0.0,0.0,11,11,3,3,0
Female,Istanbul,Beauty,Debit Card,Tablet,38,75.73,1,75.73,0.0,0.0,11,8,2,0,0
Female,Adana,Home & Garden,Credit Card,Mobile,33,618.69,1,618.69,0.0,0.0,22,9,2,5,1
Female,Ankara,Beauty,Bank Transfer,Tablet,18,38.08,1,38.08,0.0,0.0,21,5,3,5,0
Female,Konya,Fashion,Digital Wallet,Mobile,24,141.9,5,667.23,42.27,0.06,33,9,8,3,1
Male,Bursa,Food,Digital Wallet,Mobile,22,132.72,4,530.88,0.0,0.0,19,9,1,5,0
Male,Konya,Beauty,Debit Card,Mobile,52,89.45,1,89.45,0.0,0.0,29,6,2,1,0
Female,Izmir,Beauty,Bank Transfer,Desktop,26,69.2,1,69.2,0.0,0.0,7,8,2,1,0
Female,Istanbul,Electronics,Debit Card,Desktop,39,1600.69,2,2864.8,336.58,0.11,13,7,5,4,0
Male,Eskisehir,Electronics,Digital Wallet,Mobile,52,1507.76,4,6031.04,0.0,0.0,18,7,8,6,0
Female,Istanbul,Electronics,Debit Card,Mobile,36,2028.96,2,4057.92,0.0,0.0,25,9,1,3,1
Male,Adana,Toys,Credit Card,Mobile,30,319.06,3,957.18,0.0,0.0,21,7,12,2,0
Female,Kayseri,Sports,Digital Wallet,Desktop,24,417.0,5,2008.87,76.13,0.04,14,9,3,1,1
Male,Konya,Sports,Credit Card,Mobile,34,515.92,3,1547.76,0.0,0.0,14,7,10,1,1
Male,Antalya,Electronics,Digital Wallet,Mobile,55,1016.26,5,4815.27,266.03,0.05,7,8,12,5,1
Female,Izmir,Home & Garden,Digital Wallet,Desktop,18,574.49,4,2297.96,0.0,0.0,13,8,3,5,1
Male,Antalya,Toys,Bank Transfer,Mobile,57,88.13,4,342.07,10.45,0.03,16,11,3,0,1
Female,Adana,Food,Digital Wallet,Mobile,49,24.78,1,24.78,0.0,0.0,29,12,11,4,1
Female,Istanbul,Books,Bank Transfer,Mobile,45,25.76,1,20.61,5.15,0.2,4,6,12,1,1
Female,Istanbul,Beauty,Bank Transfer,Mobile,34,45.52,4,182.08,0.0,0.0,27,12,3,6,0
Female,Istanbul,Sports,Digital Wallet,Tablet,19,178.93,1,132.15,46.78,0.26,10,9,1,3,0
Female,Istanbul,Fashion,Debit Card,Tablet,19,86.82,1,86.82,0.0,0.0,10,10,8,1,1
Female,Ankara,Toys,Credit Card,Mobile,46,64.44,1,64.44,0.0,0.0,15,11,2,0,1
Male,Istanbul,Food,Credit Card,Mobile,38,49.85,4,193.57,5.83,0.03,12,10,3,0,0
Female,Gaziantep,Toys,Debit Card,Mobile,57,107.48,4,429.92,0.0,0.0,5,6,6,2,1
Female,Ankara,Toys,Credit Card,Mobile,42,161.21,4,644.84,0.0,0.0,12,5,7,2,1
Female,Istanbul,Beauty,Debit Card,Desktop,44,164.43,1,164.43,0.0,0.0,6,10,7,3,1
Other,Istanbul,Books,Debit Card,Tablet,27,41.01,2,82.02,0.0,0.0,7,10,10,1,0
Female,Ankara,Fashion,Digital Wallet,Desktop,45,96.99,1,84.15,12.84,0.13,8,7,9,0,0
Male,Kayseri,Beauty,Digital Wallet,Mobile,28,82.07,2,164.14,0.0,0.0,8,10,1,4,0
Male,Konya,Home & Garden,Debit Card,Desktop,47,1366.53,5,6832.65,0.0,0.0,8,8,8,1,1
Male,Adana,Food,Bank Transfer,Mobile,36,37.99,3,110.44,3.53,0.03,5,7,9,2,1
Female,Konya,Food,Debit Card,Mobile,20,49.09,1,49.09,0.0,0.0,7,8,1,5,1
Male,Ankara,Sports,Credit Card,Desktop,39,487.84,5,2386.75,52.45,0.02,22,5,8,5,1
Male,Gaziantep,Books,Bank Transfer,Mobile,28,19.97,1,15.71,4.26,0.21,9,12,10,2,1
Female,Gaziantep,Fashion,Debit Card,Desktop,18,223.42,5,1072.64,44.46,0.04,20,15,3,0,0
Female,Istanbul,Sports,Credit Card,Mobile,27,1181.43,1,1181.43,0.0,0.0,10,9,2,4,0
Female,Izmir,Food,Debit Card,Mobile,22,30.02,2,60.04,0.0,0.0,7,10,10,4,0
Female,Gaziantep,Food,Credit Card,Desktop,46,57.31,2,114.62,0.0,0.0,7,15,8,1,0
Female,Eskisehir,Books,Digital Wallet,Mobile,34,31.74,2,63.48,0.0,0.0,10,6,8,1,1
Male,Istanbul,Home & Garden,Digital Wallet,Mobile,46,579.68,1,579.68,0.0,0.0,9,8,5,6,1
Female,Bursa,Fashion,Credit Card,Mobile,45,287.81,1,287.81,0.0,0.0,4,13,9,2,1
Male,Izmir,Beauty,Credit Card,Mobile,18,33.17,1,30.53,2.64,0.08,17,12,9,3,1
Female,Kayseri,Toys,Digital Wallet,Desktop,21,70.22,2,140.44,0.0,0.0,9,9,11,6,0
Female,Izmir,Sports,Credit Card,Mobile,41,410.41,3,1175.72,55.51,0.05,12,17,4,3,1
Male,Izmir,Sports,Credit Card,Mobile,30,409.55,1,409.55,0.0,0.0,9,8,2,1,0
Male,Istanbul,Sports,Debit Card,Tablet,52,518.74,3,1556.22,0.0,0.0,4,7,9,1,1
Female,Konya,Beauty,Credit Card,Desktop,24,99.2,1,99.2,0.0,0.0,13,10,8,5,1
Female,Kayseri,Beauty,Credit Card,Mobile,31,174.27,2,348.54,0.0,0.0,23,9,3,0,1
Male,Kayseri,Books,Digital Wallet,Mobile,39,27.2,3,81.6,0.0,0.0,10,10,2,0,1
Female,Gaziantep,Home & Garden,Credit Card,Mobile,27,521.12,2,961.33,80.91,0.08,4,9,10,1,1
Male,Ankara,Sports,Credit Card,Mobile,18,284.16,1,284.16,0.0,0.0,12,16,10,0,0
Male,Istanbul,Toys,Credit Card,Desktop,39,235.68,4,942.72,0.0,0.0,5,4,8,4,1
Male,Istanbul,Electronics,Credit Card,Mobile,32,785.15,1,718.18,66.97,0.09,20,13,1,3,0
Male,Eskisehir,Sports,Debit Card,Desktop,49,126.18,2,252.36,0.0,0.0,30,11,5,6,1
Male,Eskisehir,Food,Credit Card,Desktop,36,22.99,3,68.97,0.0,0.0,8,5,9,1,0
Male,Konya,Toys,Debit Card,Desktop,18,33.01,3,99.03,0.0,0.0,22,8,8,5,1
Male,Konya,Fashion,Debit Card,Mobile,42,451.33,2,902.66,0.0,0.0,20,12,1,4,1
Male,Izmir,Toys,Credit Card,Tablet,34,76.88,3,230.64,0.0,0.0,12,8,6,4,0
Female,Antalya,Food,Digital Wallet,Desktop,34,61.34,1,47.57,13.77,0.22,27,9,1,3,0
Male,Gaziantep,Home & Garden,Credit Card,Desktop,27,1414.78,2,2490.41,339.15,0.12,8,9,3,3,1
Male,Ankara,Beauty,Credit Card,Desktop,46,127.94,3,383.82,0.0,0.0,26,5,5,1,1
Male,Bursa,Fashion,Digital Wallet,Desktop,41,262.15,1,262.15,0.0,0.0,6,8,9,0,1
Male,Adana,Electronics,Credit Card,Mobile,54,703.98,1,703.98,0.0,0.0,2,8,10,2,0
Male,Istanbul,Home & Garden,Credit Card,Mobile,18,1033.8,1,755.14,278.66,0.27,7,6,8,2,1
Male,Bursa,Toys,Debit Card,Mobile,39,314.68,1,314.68,0.0,0.0,8,8,5,4,1
Male,Bursa,Fashion,Credit Card,Mobile,57,65.91,1,65.91,0.0,0.0,37,9,12,4,0
Male,Antalya,Books,Credit Card,Desktop,37,29.85,1,26.44,3.41,0.11,34,10,2,0,0
Male,Izmir,Food,Bank Transfer,Mobile,33,39.4,1,39.4,0.0,0.0,14,12,9,3,0
Male,Ankara,Electronics,Credit Card,Mobile,39,6461.55,1,6009.26,452.29,0.07,6,13,1,3,0
Male,Adana,Toys,Credit Card,Mobile,56,372.2,1,372.2,0.0,0.0,3,11,4,1,1
Male,Istanbul,Electronics,Credit Card,Desktop,28,564.59,3,1693.77,0.0,0.0,22,10,9,6,1
Male,Konya,Toys,Cash on Delivery,Desktop,41,71.49,1,71.49,0.0,0.0,16,8,11,4,0
Female,Bursa,Electronics,Credit Card,Mobile,29,370.14,3,1110.42,0.0,0.0,19,7,11,3,1
Female,Antalya,Books,Bank Transfer,Mobile,40,72.08,1,72.08,0.0,0.0,4,11,5,1,0
Female,Bursa,Beauty,Debit Card,Mobile,29,68.1,5,340.5,0.0,0.0,22,10,11,5,1
Male,Kayseri,Electronics,Debit Card,Mobile,34,2773.69,2,5547.38,0.0,0.0,5,7,8,3,1
Female,Ankara,Books,Credit Card,Desktop,26,112.91,2,193.98,31.84,0.14,22,13,11,2,1
Male,Istanbul,Sports,Credit Card,Mobile,27,450.37,1,450.37,0.0,0.0,22,9,1,0,0
Male,Kayseri,Home & Garden,Credit Card,Desktop,35,591.59,3,1774.77,0.0,0.0,13,14,8,4,0
Male,Ankara,Toys,Cash on Delivery,Desktop,18,252.16,1,252.16,0.0,0.0,47,9,4,3,1
Female,Bursa,Home & Garden,Credit Card,Mobile,32,565.06,5,2825.3,0.0,0.0,7,8,3,5,1
Male,Istanbul,Beauty,Debit Card,Mobile,39,139.36,1,139.36,0.0,0.0,4,14,4,1,1
Male,Adana,Sports,Credit Card,Desktop,41,465.43,3,1396.29,0.0,0.0,6,16,7,3,0
Female,Eskisehir,Food,Credit Card,Mobile,33,92.65,1,92.65,0.0,0.0,9,10,3,1,0
Female,Ankara,Electronics,Debit Card,Mobile,27,1888.73,1,1467.52,421.21,0.22,23,10,1,2,1
Male,Ankara,Toys,Credit Card,Tablet,31,412.98,5,2043.44,21.46,0.01,6,6,2,4,1
Female,Ankara,Sports,Credit Card,Tablet,28,957.97,2,1731.75,184.19,0.1,7,13,10,1,1
Male,Kayseri,Beauty,Digital Wallet,Mobile,18,107.59,4,430.36,0.0,0.0,11,5,3,0,1
Female,Istanbul,Toys,Credit Card,Tablet,19,133.74,1,133.74,0.0,0.0,18,12,5,1,1
Female,Eskisehir,Toys,Cash on Delivery,Tablet,35,122.93,1,108.51,14.42,0.12,10,7,1,4,0
Female,Konya,Toys,Debit Card,Desktop,40,101.47,1,101.47,0.0,0.0,19,6,1,6,0
Male,Konya,Sports,Credit Card,Mobile,55,980.69,1,980.69,0.0,0.0,7,7,4,4,0
Female,Istanbul,Fashion,Credit Card,Desktop,21,688.58,1,688.58,0.0,0.0,12,11,2,6,1
Male,Bursa,Home & Garden,Debit Card,Mobile,53,604.93,1,604.93,0.0,0.0,9,12,3,6,1
Male,Konya,Sports,Credit Card,Mobile,29,99.46,2,198.92,0.0,0.0,30,8,4,4,1
Female,Antalya,Toys,Credit Card,Mobile,55,333.42,1,272.11,61.31,0.18,21,8,9,0,1
Female,Adana,Fashion,Credit Card,Mobile,61,357.04,1,357.04,0.0,0.0,15,14,2,3,0
Male,Ankara,Home & Garden,Debit Card,Tablet,30,688.78,1,623.88,64.9,0.09,4,10,2,1,1
Female,Gaziantep,Home & Garden,Digital Wallet,Mobile,33,204.04,1,204.04,0.0,0.0,32,10,4,3,0
Female,Kayseri,Food,Bank Transfer,Mobile,60,112.22,3,336.66,0.0,0.0,4,11,8,5,0
Female,Antalya,Books,Debit Card,Mobile,29,27.13,4,102.98,5.54,0.05,14,7,1,6,1
Female,Bursa,Electronics,Credit Card,Mobile,47,1372.62,1,1372.62,0.0,0.0,12,10,4,6,1
Male,Ankara,Books,Debit Card,Desktop,26,51.77,1,47.58,4.19,0.08,13,10,1,2,0
Female,Konya,Fashion,Credit Card,Mobile,35,625.6,5,3128.0,0.0,0.0,48,11,10,0,1
Female,Ankara,Toys,Digital Wallet,Desktop,44,194.17,1,194.17,0.0,0.0,25,13,7,5,0
Male,Izmir,Toys,Digital Wallet,Tablet,40,112.02,2,224.04,0.0,0.0,3,11,3,1,1
Male,Bursa,Home & Garden,Bank Transfer,Mobile,28,1925.98,1,1471.18,454.8,0.24,19,7,7,5,0
Female,Izmir,Sports,Debit Card,Mobile,20,112.66,4,450.64,0.0,0.0,12,14,6,0,0
Male,Ankara,Toys,Debit Card,Desktop,56,135.83,2,271.66,0.0,0.0,14,5,6,4,1
Male,Istanbul,Fashion,Digital Wallet,Desktop,32,186.7,4,746.8,0.0,0.0,15,6,12,3,0
Male,Izmir,Electronics,Credit Card,Tablet,51,2223.35,1,2223.35,0.0,0.0,13,9,7,5,1
Female,Bursa,Food,Debit Card,Desktop,31,18.89,4,74.19,1.37,0.02,18,8,10,1,1
Male,Bursa,Home & Garden,Credit Card,Desktop,50,374.68,4,1411.48,87.24,0.06,8,7,4,6,0
Female,Istanbul,Home & Garden,Debit Card,Mobile,23,1754.61,3,5263.83,0.0,0.0,12,8,6,6,1
Female,Ankara,Food,Credit Card,Mobile,56,5.18,5,25.9,0.0,0.0,7,8,8,5,1
Female,Gaziantep,Sports,Bank Transfer,Mobile,36,228.07,2,456.14,0.0,0.0,8,8,12,1,1
Male,Adana,Beauty,Digital Wallet,Mobile,30,39.95,3,110.19,9.66,0.08,10,5,12,3,1
Female,Antalya,Home & Garden,Credit Card,Mobile,20,369.3,1,320.35,48.95,0.13,15,10,8,1,0
Male,Istanbul,Beauty,Digital Wallet,Mobile,60,142.85,2,285.7,0.0,0.0,18,7,1,1,0
Female,Izmir,Home & Garden,Credit Card,Mobile,49,416.21,1,388.29,27.92,0.07,5,7,12,2,0
Male,Izmir,Sports,Debit Card,Desktop,20,208.83,1,208.83,0.0,0.0,12,9,10,1,1
Male,Gaziantep,Fashion,Credit Card,Desktop,20,160.15,1,160.15,0.0,0.0,29,15,3,3,1
Female,Antalya,Home & Garden,Debit Card,Desktop,42,744.88,3,2073.58,161.06,0.07,14,7,11,3,0
Male,Gaziantep,Food,Digital Wallet,Mobile,37,58.24,5,284.56,6.64,0.02,15,8,10,1,1
Female,Gaziantep,Beauty,Credit Card,Desktop,25,140.53,1,119.28,21.25,0.15,13,6,3,3,0
Female,Istanbul,Home & Garden,Digital Wallet,Mobile,33,328.87,4,1315.48,0.0,0.0,5,8,3,3,0
Female,Antalya,Sports,Digital Wallet,Mobile,21,349.71,2,641.96,57.46,0.08,11,10,1,5,0
Male,Ankara,Toys,Debit Card,Mobile,48,266.86,1,195.28,71.58,0.27,10,13,12,6,1
Male,Istanbul,Fashion,Credit Card,Mobile,37,260.99,2,474.06,47.92,0.09,16,11,3,1,1
Male,Ankara,Electronics,Debit Card,Tablet,25,2246.73,2,4493.46,0.0,0.0,14,7,5,4,1
Female,Gaziantep,Toys,Cash on Delivery,Mobile,30,76.13,5,370.62,10.03,0.03,10,11,4,6,1
Female,Izmir,Food,Debit Card,Tablet,21,65.2,5,310.4,15.6,0.05,13,8,11,0,1
Female,Istanbul,Sports,Debit Card,Desktop,34,347.27,1,347.27,0.0,0.0,8,5,4,2,0
Female,Bursa,Beauty,Debit Card,Desktop,45,141.85,4,554.52,12.88,0.02,14,11,4,1,1
Male,Adana,Electronics,Credit Card,Mobile,36,572.16,1,572.16,0.0,0.0,14,6,4,5,1
Male,Izmir,Fashion,Bank Transfer,Mobile,49,525.58,1,525.58,0.0,0.0,3,6,6,3,0
Female,Ankara,Fashion,Credit Card,Desktop,23,58.35,2,116.7,0.0,0.0,21,13,2,3,0
Male,Istanbul,Sports,Debit Card,Mobile,40,567.61,5,2838.05,0.0,0.0,10,12,3,6,1
Female,Bursa,Toys,Debit Card,Mobile,40,102.81,1,102.81,0.0,0.0,13,6,5,3,1
Female,Izmir,Books,Credit Card,Mobile,31,59.62,5,298.1,0.0,0.0,15,7,10,2,0
Male,Gaziantep,Sports,Debit Card,Desktop,18,205.74,1,193.51,12.23,0.06,12,17,9,4,1
Male,Izmir,Sports,Debit Card,Desktop,43,228.88,1,228.88,0.0,0.0,5,6,3,3,1
Female,Ankara,Sports,Digital Wallet,Mobile,21,705.13,1,705.13,0.0,0.0,5,4,7,0,0
Female,Eskisehir,Books,Credit Card,Mobile,30,130.66,5,630.84,22.46,0.03,12,10,10,2,0
Female,Antalya,Beauty,Cash on Delivery,Mobile,46,212.34,1,212.34,0.0,0.0,19,10,2,6,1
Female,Antalya,Toys,Digital Wallet,Desktop,30,23.01,2,46.02,0.0,0.0,14,12,9,6,0
Male,Antalya,Beauty,Credit Card,Mobile,30,252.24,1,198.81,53.43,0.21,8,9,10,6,0
Female,Konya,Beauty,Digital Wallet,Desktop,29,61.98,1,61.98,0.0,0.0,11,8,8,4,1
Female,Istanbul,Food,Credit Card,Mobile,37,86.39,3,252.81,6.36,0.02,24,10,1,1,1
Male,Istanbul,Food,Credit Card,Mobile,29,108.61,1,99.52,9.09,0.08,12,8,11,4,0
Female,Izmir,Home & Garden,Digital Wallet,Desktop,33,950.12,2,1900.24,0.0,0.0,6,8,8,6,0
Female,Antalya,Books,Credit Card,Mobile,18,28.38,3,85.14,0.0,0.0,9,9,2,3,1
Male,Konya,Electronics,Digital Wallet,Desktop,46,2222.5,4,8890.0,0.0,0.0,4,10,2,5,1
Female,Ankara,Books,Digital Wallet,Mobile,18,13.44,2,26.88,0.0,0.0,7,9,5,3,0
Female,Istanbul,Toys,Credit Card,Desktop,18,289.21,2,549.52,28.9,0.05,8,8,4,6,1
Female,Izmir,Toys,Bank Transfer,Desktop,37,172.84,1,172.84,0.0,0.0,9,13,5,3,1
Male,Gaziantep,Fashion,Credit Card,Mobile,28,386.18,2,688.94,83.42,0.11,7,10,5,1,1
Male,Izmir,Sports,Credit Card,Tablet,34,176.95,1,164.12,12.83,0.07,32,10,12,1,0
Female,Istanbul,Fashion,Credit Card,Tablet,30,383.69,1,383.69,0.0,0.0,7,11,2,2,0
Male,Kayseri,Sports,Credit Card,Tablet,18,473.33,5,2259.88,106.77,0.05,17,7,11,0,0
Female,Adana,Electronics,Debit Card,Desktop,56,1014.5,4,4058.0,0.0,0.0,42,11,6,3,0
Female,Istanbul,Books,Credit Card,Mobile,55,86.12,1,86.12,0.0,0.0,14,9,5,1,1
Male,Ankara,Books,Bank Transfer,Mobile,43,17.74,2,35.48,0.0,0.0,12,9,11,3,0
Female,Istanbul,Toys,Debit Card,Desktop,25,200.63,1,200.63,0.0,0.0,22,8,3,5,0
Male,Bursa,Home & Garden,Credit Card,Mobile,52,1686.96,2,3373.92,0.0,0.0,9,4,3,4,1
Male,Bursa,Fashion,Debit Card,Mobile,37,213.62,1,213.62,0.0,0.0,10,11,5,1,1
Female,Bursa,Fashion,Debit Card,Desktop,18,214.09,2,428.18,0.0,0.0,9,9,8,0,0
Female,Antalya,Home & Garden,Digital Wallet,Tablet,38,1303.46,4,4832.6,381.24,0.07,13,11,2,4,1
Female,Antalya,Books,Debit Card,Mobile,28,42.94,1,42.94,0.0,0.0,23,9,9,3,1
Female,Bursa,Toys,Debit Card,Mobile,58,480.38,1,480.38,0.0,0.0,16,4,12,5,1
Male,Ankara,Beauty,Bank Transfer,Mobile,49,72.37,2,144.74,0.0,0.0,5,10,7,6,1
Male,Kayseri,Sports,Credit Card,Desktop,38,240.24,1,179.75,60.49,0.25,10,14,9,3,1
Male,Istanbul,Food,Debit Card,Mobile,44,43.96,1,43.96,0.0,0.0,24,5,3,4,1
Female,Eskisehir,Electronics,Debit Card,Tablet,29,4939.75,2,9879.5,0.0,0.0,11,5,3,4,1
Female,Ankara,Toys,Debit Card,Mobile,40,103.02,1,103.02,0.0,0.0,29,5,1,1,1
Female,Adana,Fashion,Bank Transfer,Desktop,32,482.63,5,2413.15,0.0,0.0,15,9,5,1,1
Male,Gaziantep,Toys,Credit Card,Mobile,52,276.97,1,276.97,0.0,0.0,5,8,9,3,1
Male,Bursa,Toys,Debit Card,Mobile,31,192.95,3,578.85,0.0,0.0,15,9,5,1,1
Female,Izmir,Sports,Credit Card,Tablet,26,248.84,1,248.84,0.0,0.0,10,8,4,1,0
Female,Istanbul,Fashion,Digital Wallet,Desktop,44,215.65,5,1078.25,0.0,0.0,7,9,11,2,0
Female,Ankara,Sports,Debit Card,Desktop,21,391.24,1,391.24,0.0,0.0,55,16,1,1,1
Female,Gaziantep,Food,Debit Card,Desktop,20,36.71,5,183.55,0.0,0.0,15,9,4,1,0
Female,Izmir,Home & Garden,Credit Card,Mobile,41,678.07,1,678.07,0.0,0.0,8,8,6,1,1
Female,Bursa,Beauty,Credit Card,Mobile,48,247.29,5,1236.45,0.0,0.0,19,5,3,2,0
Female,Ankara,Home & Garden,Credit Card,Desktop,35,983.11,1,923.74,59.37,0.06,8,17,5,5,1
Female,Bursa,Books,Digital Wallet,Desktop,42,30.1,5,150.5,0.0,0.0,13,15,9,1,0
Male,Istanbul,Electronics,Debit Card,Desktop,40,3374.67,4,12720.43,778.25,0.06,15,7,3,2,1
Male,Gaziantep,Electronics,Bank Transfer,Tablet,37,3853.91,4,15415.64,0.0,0.0,18,6,4,6,1
Male,Izmir,Toys,Debit Card,Desktop,21,94.67,3,284.01,0.0,0.0,5,9,6,2,1
Male,Kayseri,Sports,Credit Card,Tablet,19,471.56,1,471.56,0.0,0.0,5,10,1,2,0
Female,Istanbul,Fashion,Digital Wallet,Desktop,29,695.39,1,695.39,0.0,0.0,7,11,10,0,0
Male,Ankara,Toys,Credit Card,Mobile,40,80.31,4,306.24,15.0,0.05,18,8,10,6,0
Female,Ankara,Food,Credit Card,Tablet,37,36.02,2,72.04,0.0,0.0,14,10,10,2,1
Male,Izmir,Fashion,Bank Transfer,Mobile,40,74.94,4,299.76,0.0,0.0,1,8,6,2,0
Female,Istanbul,Home & Garden,Credit Card,Desktop,29,474.07,1,393.15,80.92,0.17,12,9,9,5,1
Male,Gaziantep,Books,Bank Transfer,Desktop,26,31.18,1,31.18,0.0,0.0,17,11,11,4,0
Female,Bursa,Fashion,Credit Card,Mobile,34,421.85,2,843.7,0.0,0.0,13,9,3,4,1
Male,Antalya,Electronics,Bank Transfer,Mobile,31,1239.07,3,3717.21,0.0,0.0,25,10,3,0,0
Female,Adana,Sports,Debit Card,Desktop,39,182.81,2,365.62,0.0,0.0,5,5,7,6,1
Female,Ankara,Toys,Debit Card,Desktop,42,157.01,1,157.01,0.0,0.0,24,13,7,0,0
Male,Istanbul,Food,Debit Card,Tablet,47,133.49,1,133.49,0.0,0.0,9,8,7,1,1
Male,Istanbul,Food,Debit Card,Mobile,32,68.3,1,68.3,0.0,0.0,19,11,4,1,1
Male,Istanbul,Fashion,Digital Wallet,Mobile,30,229.32,1,229.32,0.0,0.0,15,6,5,0,0
Female,Gaziantep,Books,Digital Wallet,Desktop,35,35.85,1,35.85,0.0,0.0,5,9,3,0,1
Female,Kayseri,Toys,Digital Wallet,Mobile,32,82.21,2,154.05,10.37,0.06,10,16,5,6,0
Male,Bursa,Electronics,Credit Card,Mobile,40,1319.95,4,5279.8,0.0,0.0,7,11,5,3,1
Female,Izmir,Books,Digital Wallet,Desktop,28,73.02,1,52.62,20.4,0.28,22,10,3,6,1
Male,Bursa,Home & Garden,Digital Wallet,Mobile,18,851.04,1,746.76,104.28,0.12,4,6,2,1,0
Female,Kayseri,Sports,Digital Wallet,Mobile,41,372.22,5,1835.38,25.72,0.01,13,7,3,4,0
Female,Ankara,Food,Bank Transfer,Desktop,44,55.19,1,51.25,3.94,0.07,20,4,12,5,1
Female,Antalya,Food,Debit Card,Mobile,36,35.91,1,33.56,2.35,0.07,9,6,11,1,1
Female,Ankara,Sports,Debit Card,Mobile,41,1110.52,2,2221.04,0.0,0.0,10,6,8,2,1
Male,Izmir,Books,Credit Card,Tablet,40,135.77,1,135.77,0.0,0.0,12,10,8,1,0
Male,Konya,Electronics,Debit Card,Mobile,39,918.11,4,3528.37,144.07,0.04,30,9,3,3,1
Male,Gaziantep,Food,Digital Wallet,Mobile,40,36.11,1,36.11,0.0,0.0,15,6,12,0,1
Male,Ankara,Food,Bank Transfer,Tablet,56,154.76,4,619.04,0.0,0.0,11,9,9,4,1
Female,Antalya,Food,Credit Card,Tablet,39,17.49,3,52.47,0.0,0.0,14,11,9,4,0
Female,Istanbul,Food,Credit Card,Desktop,18,37.44,2,74.88,0.0,0.0,10,12,3,6,1
Male,Adana,Books,Cash on Delivery,Mobile,25,89.44,1,65.55,23.89,0.27,40,11,9,5,0
Female,Izmir,Fashion,Digital Wallet,Mobile,52,49.67,1,39.02,10.65,0.21,15,4,9,1,1
Male,Istanbul,Toys,Debit Card,Desktop,55,48.02,5,236.53,3.57,0.01,10,12,3,0,1
Male,Istanbul,Sports,Credit Card,Desktop,42,500.35,3,1501.05,0.0,0.0,20,7,2,6,1
Male,Istanbul,Books,Debit Card,Desktop,38,28.58,1,28.58,0.0,0.0,27,10,3,0,1
Male,Izmir,Food,Digital Wallet,Mobile,33,19.1,1,19.1,0.0,0.0,8,9,6,0,0
Male,Istanbul,Food,Credit Card,Mobile,21,45.55,4,182.2,0.0,0.0,17,10,1,1,1
Female,Bursa,Home & Garden,Bank Transfer,Mobile,31,690.97,1,690.97,0.0,0.0,7,7,4,0,1
Female,Konya,Food,Digital Wallet,Desktop,18,60.32,2,120.64,0.0,0.0,13,12,2,4,1
Male,Istanbul,Toys,Credit Card,Mobile,42,233.43,3,700.29,0.0,0.0,22,8,2,0,1
Female,Izmir,Home & Garden,Credit Card,Mobile,22,654.97,4,2424.75,195.13,0.07,3,16,2,0,1
Female,Istanbul,Sports,Credit Card,Mobile,53,288.88,1,217.67,71.21,0.25,29,9,2,6,1
Male,Izmir,Books,Debit Card,Mobile,31,57.07,3,155.53,15.68,0.09,5,10,3,5,1
Male,Eskisehir,Beauty,Digital Wallet,Desktop,30,79.98,3,239.94,0.0,0.0,6,8,11,4,1
Male,Izmir,Fashion,Debit Card,Desktop,39,57.06,2,100.89,13.23,0.12,32,12,10,4,0
Male,Bursa,Electronics,Debit Card,Mobile,42,1391.18,2,2782.36,0.0,0.0,8,10,8,4,1
Male,Bursa,Food,Digital Wallet,Desktop,38,42.11,2,84.22,0.0,0.0,10,11,10,2,1
Female,Istanbul,Toys,Credit Card,Tablet,18,78.48,2,156.96,0.0,0.0,16,9,3,2,1
Female,Istanbul,Fashion,Debit Card,Mobile,28,264.11,2,475.42,52.8,0.1,34,12,5,4,1
Male,Izmir,Toys,Credit Card,Tablet,40,105.56,2,211.12,0.0,0.0,19,9,6,4,1
Male,Ankara,Fashion,Debit Card,Mobile,26,634.92,5,3124.43,50.17,0.02,14,5,11,6,0
Male,Bursa,Books,Credit Card,Desktop,32,23.05,1,23.05,0.0,0.0,5,11,1,0,0
Female,Istanbul,Sports,Debit Card,Mobile,33,344.09,2,634.02,54.16,0.08,7,9,12,5,0
Female,Ankara,Food,Credit Card,Desktop,32,110.15,1,110.15,0.0,0.0,27,14,9,6,0
Female,Bursa,Home & Garden,Cash on Delivery,Mobile,24,1639.39,3,4601.44,316.73,0.06,10,7,1,4,0
Male,Istanbul,Electronics,Digital Wallet,Desktop,18,3463.03,5,17099.3,215.85,0.01,20,5,6,6,1
Female,Izmir,Beauty,Credit Card,Mobile,18,169.89,1,131.74,38.15,0.22,12,11,2,0,1
Male,Istanbul,Beauty,Debit Card,Mobile,25,154.28,1,113.52,40.76,0.26,13,7,10,0,1
Female,Izmir,Sports,Bank Transfer,Mobile,32,356.57,5,1782.85,0.0,0.0,7,9,9,1,0
Female,Konya,Home & Garden,Debit Card,Mobile,40,449.44,2,837.03,61.85,0.07,7,12,8,4,1
Male,Antalya,Sports,Debit Card,Mobile,40,844.88,1,844.88,0.0,0.0,5,8,3,1,1
Male,Ankara,Home & Garden,Cash on Delivery,Mobile,42,797.83,5,3989.15,0.0,0.0,16,10,6,3,0
Female,Bursa,Fashion,Credit Card,Desktop,46,106.35,1,106.35,0.0,0.0,14,13,3,4,0
Female,Izmir,Toys,Credit Card,Mobile,32,252.67,1,238.7,13.97,0.06,19,10,10,2,0
Male,Kayseri,Sports,Digital Wallet,Desktop,26,246.94,1,246.94,0.0,0.0,10,13,9,3,1
Female,Kayseri,Beauty,Digital Wallet,Mobile,54,188.47,1,188.47,0.0,0.0,13,7,10,6,1
Female,Adana,Sports,Digital Wallet,Mobile,30,138.62,2,277.24,0.0,0.0,11,10,12,4,1
Female,Antalya,Home & Garden,Debit Card,Mobile,45,271.5,1,209.93,61.57,0.23,15,18,6,5,0
Male,Antalya,Electronics,Credit Card,Mobile,45,1407.18,1,1407.18,0.0,0.0,13,7,3,5,1
Female,Istanbul,Electronics,Credit Card,Tablet,34,756.3,4,2862.63,162.57,0.05,17,15,7,6,1
Male,Kayseri,Beauty,Cash on Delivery,Desktop,18,93.11,3,267.15,12.18,0.04,24,7,5,0,0
Female,Bursa,Electronics,Credit Card,Mobile,41,795.84,2,1591.68,0.0,0.0,21,6,3,0,1
Female,Izmir,Beauty,Digital Wallet,Desktop,38,112.69,3,338.07,0.0,0.0,14,11,5,2,0
Male,Ankara,Toys,Credit Card,Mobile,26,256.84,1,200.28,56.56,0.22,20,5,6,0,0
Female,Izmir,Sports,Debit Card,Mobile,57,1474.99,2,2949.98,0.0,0.0,11,9,4,5,1
Male,Izmir,Sports,Debit Card,Desktop,49,422.92,3,1268.76,0.0,0.0,10,6,3,0,0
Male,Bursa,Books,Credit Card,Desktop,32,20.13,1,16.14,3.99,0.2,29,10,10,3,1
Other,Izmir,Sports,Digital Wallet,Desktop,35,480.97,1,480.97,0.0,0.0,16,5,1,1,1
Other,Antalya,Books,Credit Card,Mobile,40,21.87,2,43.74,0.0,0.0,16,4,1,3,0
Female,Kayseri,Electronics,Credit Card,Mobile,44,4703.23,2,9406.46,0.0,0.0,6,9,5,1,1
Female,Bursa,Home & Garden,Digital Wallet,Mobile,42,574.1,2,1148.2,0.0,0.0,15,5,3,1,0
Female,Kayseri,Home & Garden,Bank Transfer,Desktop,39,671.28,3,2013.84,0.0,0.0,20,5,10,3,0
Other,Ankara,Toys,Credit Card,Tablet,43,260.86,4,1043.44,0.0,0.0,38,10,7,1,1
Female,Antalya,Electronics,Credit Card,Mobile,56,1740.39,1,1740.39,0.0,0.0,18,11,5,4,1
Male,Istanbul,Electronics,Credit Card,Desktop,46,547.73,4,2079.0,111.92,0.05,11,9,1,3,0
Female,Istanbul,Electronics,Debit Card,Desktop,18,1217.39,1,884.52,332.87,0.27,20,12,5,0,0
Male,Adana,Electronics,Credit Card,Mobile,31,638.23,1,638.23,0.0,0.0,13,10,3,4,1
Male,Izmir,Sports,Debit Card,Mobile,45,519.2,3,1404.92,152.68,0.1,14,5,4,0,1
Male,Istanbul,Beauty,Debit Card,Desktop,18,281.38,3,844.14,0.0,0.0,12,6,10,5,1
Male,Gaziantep,Beauty,Credit Card,Mobile,36,140.95,1,140.95,0.0,0.0,8,6,9,0,1
Male,Gaziantep,Fashion,Credit Card,Mobile,41,287.6,2,497.55,77.65,0.13,14,9,12,4,1
Female,Adana,Electronics,Debit Card,Mobile,32,2780.14,2,5051.42,508.86,0.09,14,8,1,6,1
Male,Istanbul,Fashion,Bank Transfer,Mobile,18,242.41,2,484.82,0.0,0.0,11,9,6,3,1
Female,Antalya,Electronics,Digital Wallet,Mobile,23,2803.52,5,13182.78,834.82,0.06,24,7,10,6,1
Male,Istanbul,Electronics,Bank Transfer,Mobile,37,1528.98,2,3057.96,0.0,0.0,24,8,8,2,1
Male,Istanbul,Toys,Cash on Delivery,Desktop,42,137.97,2,275.94,0.0,0.0,24,8,3,6,1
Female,Gaziantep,Fashion,Credit Card,Mobile,18,746.9,1,746.9,0.0,0.0,13,6,1,3,1
Male,Istanbul,Food,Credit Card,Mobile,24,27.96,1,27.96,0.0,0.0,5,10,11,4,1
Male,Istanbul,Electronics,Digital Wallet,Mobile,18,2443.72,4,9352.67,422.21,0.04,8,15,2,5,1
Female,Konya,Food,Credit Card,Desktop,22,36.21,2,72.42,0.0,0.0,16,10,8,5,0
Female,Izmir,Electronics,Credit Card,Mobile,24,1195.97,1,851.89,344.08,0.29,15,10,10,1,0
Female,Bursa,Home & Garden,Credit Card,Mobile,20,489.5,1,489.5,0.0,0.0,8,11,1,2,1
Male,Antalya,Electronics,Credit Card,Mobile,32,981.79,5,4745.89,163.06,0.03,23,8,3,1,0
Female,Ankara,Food,Debit Card,Desktop,41,95.1,1,95.1,0.0,0.0,17,8,1,4,1
Male,Istanbul,Fashion,Bank Transfer,Mobile,35,274.29,1,274.29,0.0,0.0,24,10,3,1,0
Female,Gaziantep,Sports,Debit Card,Mobile,39,101.08,4,380.24,24.08,0.06,20,5,9,3,1
Male,Kayseri,Books,Digital Wallet,Mobile,46,39.94,1,35.38,4.56,0.11,12,15,12,0,1
Female,Ankara,Fashion,Debit Card,Mobile,18,255.44,2,510.88,0.0,0.0,29,10,11,3,1
Female,Ankara,Electronics,Digital Wallet,Mobile,39,3371.7,2,6743.4,0.0,0.0,25,9,9,4,0
Female,Bursa,Toys,Cash on Delivery,Desktop,39,158.43,1,134.21,24.22,0.15,15,11,1,3,0
Male,Istanbul,Toys,Credit Card,Mobile,25,182.49,3,507.24,40.23,0.07,25,7,10,1,0
Male,Bursa,Books,Digital Wallet,Mobile,41,75.18,2,150.36,0.0,0.0,7,9,12,3,1
Female,Eskisehir,Books,Debit Card,Mobile,36,81.14,1,68.27,12.87,0.16,11,12,11,2,0
Male,Adana,Toys,Credit Card,Desktop,47,149.97,5,720.2,29.65,0.04,22,8,4,1,1
Male,Ankara,Food,Debit Card,Mobile,29,29.84,5,149.2,0.0,0.0,7,9,7,4,1
Male,Konya,Home & Garden,Debit Card,Mobile,40,1375.1,2,2750.2,0.0,0.0,17,6,1,2,0
Male,Ankara,Books,Credit Card,Mobile,25,69.62,5,348.1,0.0,0.0,9,7,6,5,0
Male,Istanbul,Toys,Credit Card,Tablet,38,212.92,2,407.17,18.67,0.04,19,12,11,2,1
Male,Istanbul,Sports,Credit Card,Mobile,50,673.01,3,2019.03,0.0,0.0,10,6,8,0,0
Female,Izmir,Toys,Debit Card,Mobile,18,248.3,1,248.3,0.0,0.0,1,4,3,5,0
Female,Izmir,Electronics,Debit Card,Mobile,42,3314.93,1,3314.93,0.0,0.0,16,8,7,0,1
Female,Antalya,Beauty,Credit Card,Desktop,56,59.9,1,59.9,0.0,0.0,5,10,4,2,1
Male,Bursa,Beauty,Credit Card,Desktop,39,180.88,3,492.87,49.77,0.09,14,7,12,4,0
Female,Ankara,Food,Debit Card,Mobile,23,90.08,3,270.24,0.0,0.0,9,5,6,3,1
Male,Istanbul,Beauty,Credit Card,Mobile,50,32.46,1,32.46,0.0,0.0,19,5,3,5,1
Male,Konya,Electronics,Digital Wallet,Desktop,27,503.88,5,2519.4,0.0,0.0,14,4,1,4,1
Female,Konya,Beauty,Credit Card,Mobile,38,30.63,4,122.52,0.0,0.0,21,4,6,2,0
Male,Ankara,Sports,Debit Card,Mobile,26,335.91,3,912.6,95.13,0.09,12,14,3,3,0
Female,Bursa,Food,Bank Transfer,Desktop,52,43.22,1,43.22,0.0,0.0,12,6,3,5,0
Female,Ankara,Home & Garden,Credit Card,Mobile,40,488.74,2,977.48,0.0,0.0,17,9,4,0,0
Male,Ankara,Food,Debit Card,Mobile,37,15.57,1,15.57,0.0,0.0,33,8,7,5,0
Female,Ankara,Electronics,Debit Card,Mobile,29,1756.72,2,3513.44,0.0,0.0,10,14,8,1,1
Female,Kayseri,Food,Debit Card,Mobile,22,31.57,1,31.57,0.0,0.0,12,7,5,2,1
Female,Istanbul,Fashion,Digital Wallet,Desktop,53,263.47,1,263.47,0.0,0.0,22,6,12,2,1
Female,Ankara,Electronics,Credit Card,Mobile,35,1102.47,1,921.81,180.66,0.16,2,7,4,6,1
Male,Bursa,Food,Credit Card,Mobile,48,112.98,1,84.09,28.89,0.26,7,9,8,3,0
Female,Konya,Fashion,Cash on Delivery,Mobile,31,241.41,3,724.23,0.0,0.0,8,9,1,4,0
Female,Ankara,Sports,Debit Card,Mobile,18,822.07,2,1644.14,0.0,0.0,18,10,6,1,1
Female,Bursa,Books,Debit Card,Mobile,40,40.82,5,194.79,9.31,0.05,15,5,10,3,1
Male,Izmir,Fashion,Digital Wallet,Mobile,55,136.04,4,544.16,0.0,0.0,10,11,10,4,1
Female,Istanbul,Books,Credit Card,Tablet,33,49.39,1,49.39,0.0,0.0,8,13,5,0,0
Male,Kayseri,Home & Garden,Credit Card,Mobile,40,872.57,1,872.57,0.0,0.0,8,8,12,3,1
Male,Istanbul,Food,Credit Card,Mobile,26,19.84,3,59.52,0.0,0.0,11,10,3,1,0
Female,Ankara,Toys,Debit Card,Mobile,44,81.08,2,146.94,15.22,0.09,22,8,8,4,0
Female,Bursa,Electronics,Digital Wallet,Mobile,28,2289.9,1,2289.9,0.0,0.0,11,8,3,2,0
Female,Konya,Toys,Debit Card,Mobile,63,194.79,1,194.79,0.0,0.0,24,9,2,6,1
Male,Ankara,Toys,Debit Card,Mobile,21,124.3,1,124.3,0.0,0.0,3,10,7,1,0
Female,Eskisehir,Toys,Cash on Delivery,Tablet,33,247.72,1,247.72,0.0,0.0,54,10,2,2,1
Male,Antalya,Electronics,Digital Wallet,Mobile,44,4682.17,4,18728.68,0.0,0.0,12,8,4,4,0
Female,Istanbul,Food,Credit Card,Mobile,34,58.11,1,58.11,0.0,0.0,27,6,8,2,1
Female,Istanbul,Home & Garden,Digital Wallet,Mobile,40,1109.21,1,1109.21,0.0,0.0,20,10,1,2,1
Male,Bursa,Home & Garden,Bank Transfer,Mobile,43,633.44,2,1266.88,0.0,0.0,15,7,9,1,1
Female,Istanbul,Toys,Bank Transfer,Mobile,30,66.17,1,66.17,0.0,0.0,15,10,10,1,1
Female,Izmir,Fashion,Debit Card,Mobile,40,216.82,2,433.64,0.0,0.0,30,10,1,5,1
Male,Istanbul,Electronics,Bank Transfer,Mobile,31,516.22,3,1548.66,0.0,0.0,6,5,10,5,0
Other,Istanbul,Home & Garden,Bank Transfer,Desktop,27,647.44,1,647.44,0.0,0.0,5,10,7,3,0
Female,Bursa,Food,Credit Card,Desktop,46,14.71,3,42.9,1.23,0.03,10,10,3,1,1
Female,Gaziantep,Home & Garden,Digital Wallet,Mobile,33,1083.14,2,2098.14,68.14,0.03,9,14,5,6,0
Male,Istanbul,Books,Bank Transfer,Mobile,21,34.83,2,69.66,0.0,0.0,7,11,2,0,1
Other,Bursa,Food,Digital Wallet,Mobile,28,82.59,2,165.18,0.0,0.0,4,15,10,5,1
Female,Istanbul,Home & Garden,Credit Card,Desktop,29,578.82,1,543.09,35.73,0.06,15,9,3,6,1
Female,Istanbul,Food,Bank Transfer,Mobile,27,59.29,1,59.29,0.0,0.0,18,6,6,6,1
Female,Eskisehir,Books,Credit Card,Mobile,28,49.96,1,43.25,6.71,0.13,21,11,5,0,1
Female,Izmir,Food,Credit Card,Desktop,29,171.66,1,171.66,0.0,0.0,15,9,12,2,1
Male,Ankara,Beauty,Credit Card,Desktop,49,147.39,3,401.48,40.69,0.09,21,7,7,2,0
Female,Izmir,Beauty,Credit Card,Tablet,18,180.24,2,360.48,0.0,0.0,10,8,2,1,0
Male,Bursa,Fashion,Credit Card,Mobile,34,455.79,1,319.55,136.24,0.3,13,8,3,2,1
Female,Ankara,Sports,Digital Wallet,Mobile,18,596.62,1,596.62,0.0,0.0,35,11,6,2,0
Female,Antalya,Sports,Credit Card,Desktop,43,380.05,2,760.1,0.0,0.0,31,5,4,5,1
Male,Adana,Electronics,Credit Card,Desktop,18,3380.47,3,10141.41,0.0,0.0,7,11,4,1,1
Male,Istanbul,Books,Credit Card,Desktop,39,49.03,2,86.99,11.07,0.11,4,6,7,5,0
Male,Izmir,Fashion,Credit Card,Desktop,33,527.91,1,527.91,0.0,0.0,7,9,11,3,0
Female,Antalya,Fashion,Bank Transfer,Mobile,36,369.39,1,369.39,0.0,0.0,13,12,10,0,1
Female,Bursa,Fashion,Digital Wallet,Mobile,43,448.52,3,1345.56,0.0,0.0,27,8,1,5,1
Male,Izmir,Fashion,Credit Card,Mobile,46,152.36,2,304.72,0.0,0.0,22,8,3,6,1
Female,Istanbul,Books,Debit Card,Mobile,18,31.33,1,31.33,0.0,0.0,19,12,3,6,1
Female,Adana,Toys,Digital Wallet,Desktop,26,140.24,1,140.24,0.0,0.0,19,8,3,1,1
Male,Gaziantep,Food,Debit Card,Desktop,32,10.49,1,10.49,0.0,0.0,17,5,7,5,1
Other,Istanbul,Beauty,Credit Card,Mobile,27,43.62,5,211.29,6.81,0.03,15,10,2,1,1
Male,Konya,Home & Garden,Debit Card,Mobile,28,1763.34,1,1763.34,0.0,0.0,8,7,9,2,0
Female,Istanbul,Toys,Bank Transfer,Tablet,28,176.15,5,868.4,12.35,0.01,10,9,8,5,1
Male,Bursa,Electronics,Bank Transfer,Mobile,33,965.21,1,773.64,191.57,0.2,13,6,6,5,1
Female,Izmir,Beauty,Bank Transfer,Mobile,18,130.35,1,103.05,27.3,0.21,17,10,3,1,0
Female,Gaziantep,Fashion,Credit Card,Mobile,27,149.24,1,149.24,0.0,0.0,9,7,1,4,1
Female,Adana,Fashion,Bank Transfer,Mobile,18,130.99,4,523.96,0.0,0.0,18,14,1,4,1
Female,Istanbul,Sports,Bank Transfer,Desktop,37,399.65,5,1998.25,0.0,0.0,15,10,3,4,1
Male,Gaziantep,Books,Credit Card,Mobile,32,69.99,3,190.03,19.94,0.09,6,11,1,0,1
Male,Istanbul,Electronics,Debit Card,Mobile,18,264.79,2,484.34,45.24,0.09,6,11,1,3,0
Female,Istanbul,Toys,Debit Card,Mobile,31,41.7,2,83.4,0.0,0.0,20,5,10,2,0
Female,Istanbul,Beauty,Debit Card,Mobile,36,184.64,1,184.64,0.0,0.0,11,11,9,3,0
Female,Eskisehir,Sports,Credit Card,Desktop,41,400.22,1,306.41,93.81,0.23,7,3,5,3,0
Female,Adana,Books,Digital Wallet,Mobile,37,73.56,1,62.01,11.55,0.16,11,12,11,6,1
Female,Ankara,Home & Garden,Debit Card,Mobile,40,581.77,3,1652.46,92.85,0.05,8,14,6,3,0
Male,Antalya,Sports,Cash on Delivery,Mobile,54,220.62,2,441.24,0.0,0.0,11,7,10,6,1
Male,Istanbul,Books,Credit Card,Desktop,27,31.87,1,31.87,0.0,0.0,8,11,4,4,0
Female,Konya,Electronics,Bank Transfer,Desktop,41,536.62,1,444.9,91.72,0.17,9,10,6,5,1
Male,Izmir,Fashion,Credit Card,Mobile,29,164.08,3,492.24,0.0,0.0,34,9,11,1,0
Male,Antalya,Electronics,Debit Card,Desktop,41,790.29,1,790.29,0.0,0.0,28,10,5,1,1
Male,Izmir,Beauty,Credit Card,Mobile,22,92.78,4,371.12,0.0,0.0,21,8,1,4,0
Male,Istanbul,Toys,Debit Card,Mobile,28,138.63,1,126.24,12.39,0.09,21,16,3,0,1
Female,Ankara,Toys,Debit Card,Mobile,33,56.77,1,41.26,15.51,0.27,13,9,3,4,0
Other,Bursa,Books,Debit Card,Mobile,31,57.59,3,172.77,0.0,0.0,4,3,5,1,1
Male,Adana,Electronics,Digital Wallet,Tablet,41,285.86,1,285.86,0.0,0.0,51,9,12,5,0
Male,Bursa,Books,Bank Transfer,Mobile,37,57.0,5,272.73,12.27,0.04,14,8,1,4,0
Male,Bursa,Beauty,Digital Wallet,Desktop,18,124.37,4,497.48,0.0,0.0,14,12,12,0,1
Male,Ankara,Fashion,Credit Card,Desktop,22,133.59,2,267.18,0.0,0.0,16,8,9,3,0
Female,Kayseri,Sports,Digital Wallet,Desktop,40,940.51,1,863.05,77.46,0.08,7,9,5,6,0
Male,Eskisehir,Food,Credit Card,Desktop,39,114.03,5,570.15,0.0,0.0,4,10,9,4,0
Male,Bursa,Beauty,Debit Card,Mobile,30,120.2,3,360.6,0.0,0.0,18,6,10,6,1
Female,Adana,Sports,Debit Card,Desktop,26,1388.12,5,6687.15,253.45,0.04,5,8,2,0,1
Male,Istanbul,Electronics,Debit Card,Mobile,46,4136.98,5,19547.2,1137.7,0.06,20,7,1,2,1
Male,Kayseri,Sports,Credit Card,Mobile,26,1018.83,1,1018.83,0.0,0.0,6,8,6,6,1
Female,Istanbul,Home & Garden,Debit Card,Mobile,30,325.14,3,975.42,0.0,0.0,6,7,3,5,0
Male,Adana,Fashion,Debit Card,Desktop,30,178.01,1,178.01,0.0,0.0,24,8,2,4,0
Female,Konya,Beauty,Credit Card,Mobile,22,157.2,2,314.4,0.0,0.0,6,8,12,0,1
Male,Kayseri,Beauty,Debit Card,Tablet,33,87.02,3,261.06,0.0,0.0,12,18,2,3,1
Male,Izmir,Fashion,Debit Card,Desktop,45,580.15,4,2320.6,0.0,0.0,25,10,12,5,1
Male,Izmir,Sports,Credit Card,Mobile,29,377.34,3,1132.02,0.0,0.0,22,4,6,3,0
Female,Izmir,Books,Digital Wallet,Mobile,46,58.17,1,47.15,11.02,0.19,8,6,2,6,1
Male,Ankara,Books,Debit Card,Desktop,34,23.79,1,20.44,3.35,0.14,7,6,10,6,1
Female,Antalya,Home & Garden,Digital Wallet,Mobile,37,188.7,2,377.4,0.0,0.0,3,4,2,4,0
Female,Bursa,Home & Garden,Digital Wallet,Desktop,47,1039.58,1,1039.58,0.0,0.0,24,10,5,2,1
Female,Istanbul,Fashion,Credit Card,Mobile,36,212.7,2,400.38,25.02,0.06,15,6,1,6,1
Female,Ankara,Fashion,Credit Card,Mobile,44,155.88,1,147.98,7.9,0.05,8,7,1,2,1
Female,Adana,Home & Garden,Debit Card,Mobile,37,1555.07,4,6220.28,0.0,0.0,8,8,8,2,1
Male,Istanbul,Food,Bank Transfer,Tablet,31,71.28,1,71.28,0.0,0.0,12,7,1,0,1
Female,Gaziantep,Electronics,Debit Card,Desktop,29,986.9,1,986.9,0.0,0.0,13,9,11,1,1
Female,Gaziantep,Food,Credit Card,Mobile,22,42.67,1,42.67,0.0,0.0,15,10,2,4,0
Female,Istanbul,Toys,Digital Wallet,Mobile,25,98.78,2,197.56,0.0,0.0,29,6,3,0,1
Male,Ankara,Home & Garden,Bank Transfer,Desktop,22,317.35,1,317.35,0.0,0.0,11,10,10,5,0
Female,Konya,Electronics,Digital Wallet,Desktop,49,2272.99,3,6818.97,0.0,0.0,9,9,7,4,1
Female,Ankara,Beauty,Credit Card,Mobile,27,37.87,4,151.48,0.0,0.0,15,11,5,1,1
Male,Istanbul,Sports,Debit Card,Desktop,44,766.3,5,3697.99,133.51,0.03,31,8,2,3,1
Female,Ankara,Food,Debit Card,Mobile,42,20.67,1,20.67,0.0,0.0,9,6,10,0,1
Male,Istanbul,Books,Debit Card,Desktop,31,33.59,1,33.59,0.0,0.0,21,10,8,2,0
Female,Antalya,Fashion,Credit Card,Mobile,25,193.18,4,772.72,0.0,0.0,15,7,1,2,0
Female,Bursa,Food,Credit Card,Desktop,43,37.34,4,145.58,3.78,0.03,8,7,6,6,1
Male,Antalya,Beauty,Credit Card,Tablet,46,54.43,3,157.4,5.89,0.04,7,6,1,2,1
Male,Eskisehir,Books,Credit Card,Desktop,44,67.95,1,54.33,13.62,0.2,32,7,10,2,1
Male,Istanbul,Books,Digital Wallet,Desktop,18,60.56,1,60.56,0.0,0.0,7,9,10,3,1
Male,Konya,Fashion,Bank Transfer,Mobile,29,598.16,4,2392.64,0.0,0.0,26,12,5,2,0
Female,Adana,Sports,Credit Card,Desktop,47,345.35,1,345.35,0.0,0.0,19,5,1,4,0
Female,Adana,Beauty,Digital Wallet,Tablet,49,192.64,4,770.56,0.0,0.0,23,11,1,2,1
Female,Istanbul,Beauty,Credit Card,Mobile,43,122.46,1,122.46,0.0,0.0,14,9,1,6,1
Male,Ankara,Books,Credit Card,Mobile,29,109.41,2,218.82,0.0,0.0,8,9,12,0,1
Female,Eskisehir,Electronics,Debit Card,Desktop,43,4045.25,1,2879.42,1165.83,0.29,20,14,11,6,1
Female,Antalya,Toys,Digital Wallet,Mobile,24,22.64,1,20.1,2.54,0.11,25,6,1,2,1
Male,Gaziantep,Beauty,Credit Card,Tablet,39,117.96,1,103.4,14.56,0.12,8,11,8,5,0
Male,Istanbul,Toys,Credit Card,Desktop,55,209.59,1,151.94,57.65,0.28,34,13,8,6,0
Female,Istanbul,Food,Credit Card,Mobile,18,19.04,2,36.67,1.41,0.04,14,9,8,6,1
Male,Istanbul,Toys,Credit Card,Desktop,36,30.25,1,30.25,0.0,0.0,20,4,8,1,0
Male,Istanbul,Books,Credit Card,Mobile,37,95.61,2,191.22,0.0,0.0,18,9,9,5,0
Male,Istanbul,Sports,Debit Card,Desktop,34,487.34,1,445.05,42.29,0.09,16,11,1,5,0
Female,Izmir,Beauty,Digital Wallet,Desktop,18,231.6,1,231.6,0.0,0.0,23,11,10,3,1
Male,Bursa,Electronics,Cash on Delivery,Desktop,23,1635.67,4,6363.98,178.7,0.03,7,9,2,5,0
Other,Istanbul,Books,Credit Card,Mobile,40,47.61,5,238.05,0.0,0.0,25,9,2,0,0
Female,Ankara,Books,Digital Wallet,Mobile,19,83.97,2,158.32,9.62,0.06,7,10,2,5,1
Male,Ankara,Food,Debit Card,Mobile,29,172.92,1,140.64,32.28,0.19,45,8,10,6,1
Female,Ankara,Electronics,Debit Card,Mobile,49,2592.98,1,2592.98,0.0,0.0,7,6,3,0,1
Male,Istanbul,Toys,Credit Card,Desktop,34,31.33,1,31.33,0.0,0.0,5,12,2,6,0
Female,Istanbul,Home & Garden,Credit Card,Mobile,18,477.16,3,1356.89,74.59,0.05,15,11,6,4,1
Female,Bursa,Electronics,Credit Card,Desktop,18,641.05,3,1858.33,64.82,0.03,18,7,8,3,1
Female,Kayseri,Sports,Credit Card,Desktop,18,767.73,5,3838.65,0.0,0.0,19,9,1,0,1
Female,Konya,Sports,Bank Transfer,Desktop,34,705.55,1,705.55,0.0,0.0,8,7,11,2,0
Female,Istanbul,Toys,Credit Card,Desktop,41,107.19,3,321.57,0.0,0.0,4,7,1,1,0
Male,Ankara,Electronics,Credit Card,Mobile,34,921.19,1,921.19,0.0,0.0,9,15,8,3,0
Female,Adana,Electronics,Credit Card,Tablet,28,350.68,1,350.68,0.0,0.0,27,6,7,6,0
Male,Istanbul,Toys,Digital Wallet,Desktop,21,74.9,2,149.8,0.0,0.0,31,7,7,3,1
Male,Eskisehir,Sports,Debit Card,Desktop,38,448.06,1,448.06,0.0,0.0,8,12,7,6,1
Male,Istanbul,Food,Credit Card,Mobile,37,38.73,4,154.92,0.0,0.0,20,11,1,4,0
Female,Konya,Toys,Credit Card,Mobile,26,83.07,4,332.28,0.0,0.0,23,7,6,6,0
Female,Istanbul,Electronics,Credit Card,Mobile,27,2894.26,4,11577.04,0.0,0.0,25,8,1,4,1
Female,Adana,Beauty,Debit Card,Desktop,21,153.06,4,591.41,20.83,0.03,10,2,1,0,1
Male,Kayseri,Beauty,Credit Card,Mobile,32,121.81,4,466.69,20.55,0.04,7,11,8,4,1
Male,Ankara,Fashion,Credit Card,Mobile,49,383.58,2,767.16,0.0,0.0,4,11,1,3,1
Male,Istanbul,Toys,Digital Wallet,Mobile,43,123.1,1,123.1,0.0,0.0,11,11,3,2,1
Male,Antalya,Food,Debit Card,Mobile,35,27.7,1,27.7,0.0,0.0,9,9,7,0,0
Female,Istanbul,Beauty,Digital Wallet,Mobile,43,108.13,5,523.38,17.27,0.03,6,10,11,5,1
Female,Ankara,Fashion,Digital Wallet,Desktop,21,311.8,1,311.8,0.0,0.0,16,7,10,0,1
Male,Bursa,Fashion,Credit Card,Desktop,26,233.2,2,466.4,0.0,0.0,7,8,1,2,0
Male,Gaziantep,Electronics,Credit Card,Mobile,33,2627.96,1,2627.96,0.0,0.0,30,10,4,6,1
Male,Ankara,Electronics,Debit Card,Desktop,40,713.01,1,713.01,0.0,0.0,12,11,5,1,1
Female,Bursa,Food,Debit Card,Mobile,37,203.57,5,991.71,26.14,0.03,13,5,11,6,0
Female,Antalya,Food,Digital Wallet,Mobile,42,60.23,3,180.69,0.0,0.0,4,7,8,4,1
Male,Konya,Toys,Credit Card,Mobile,60,32.18,1,32.18,0.0,0.0,5,14,7,2,0
Female,Eskisehir,Books,Digital Wallet,Mobile,31,124.9,2,217.83,31.97,0.13,15,11,11,0,1
Female,Izmir,Electronics,Debit Card,Mobile,58,2037.9,1,2037.9,0.0,0.0,24,8,2,5,1
Male,Bursa,Beauty,Credit Card,Mobile,28,89.64,1,71.38,18.26,0.2,49,12,9,0,1
Female,Ankara,Books,Digital Wallet,Tablet,23,41.25,1,41.25,0.0,0.0,31,12,11,3,1
Male,Eskisehir,Sports,Debit Card,Mobile,48,965.96,3,2897.88,0.0,0.0,7,10,3,6,1
Female,Ankara,Sports,Credit Card,Desktop,38,1025.4,3,2986.11,90.09,0.03,10,12,1,0,1
Male,Istanbul,Food,Credit Card,Desktop,18,100.01,1,75.85,24.16,0.24,23,12,10,1,1
Female,Bursa,Beauty,Digital Wallet,Desktop,39,53.67,5,268.35,0.0,0.0,13,9,3,5,1
Male,Ankara,Beauty,Debit Card,Mobile,23,109.83,2,189.17,30.49,0.14,23,5,2,5,0
Female,Antalya,Fashion,Bank Transfer,Mobile,45,272.19,1,258.02,14.17,0.05,10,12,1,5,0
Female,Gaziantep,Electronics,Digital Wallet,Desktop,18,2537.22,1,2537.22,0.0,0.0,10,7,10,6,0
Female,Ankara,Electronics,Debit Card,Mobile,38,1597.61,2,2787.38,407.84,0.13,7,10,1,2,1
Female,Konya,Books,Credit Card,Mobile,65,133.57,5,667.85,0.0,0.0,14,11,4,3,1
Female,Antalya,Fashion,Cash on Delivery,Desktop,21,242.04,5,1210.2,0.0,0.0,24,9,1,2,0
Male,Ankara,Electronics,Debit Card,Desktop,39,604.91,1,604.91,0.0,0.0,11,14,11,2,1
Female,Istanbul,Sports,Debit Card,Desktop,45,506.47,1,506.47,0.0,0.0,5,9,3,6,1
Female,Gaziantep,Beauty,Debit Card,Mobile,46,49.98,1,49.98,0.0,0.0,43,11,11,2,1
Male,Istanbul,Sports,Bank Transfer,Mobile,27,742.38,2,1484.76,0.0,0.0,18,6,4,4,0
Male,Eskisehir,Fashion,Credit Card,Mobile,49,205.25,1,205.25,0.0,0.0,15,6,9,1,0
Female,Adana,Toys,Digital Wallet,Desktop,49,609.35,3,1828.05,0.0,0.0,24,9,6,3,1
Male,Kayseri,Sports,Debit Card,Desktop,36,1049.07,2,2098.14,0.0,0.0,22,4,3,5,0
Male,Antalya,Beauty,Credit Card,Mobile,25,144.09,1,144.09,0.0,0.0,3,11,12,6,1
Female,Gaziantep,Sports,Debit Card,Mobile,37,271.93,3,815.79,0.0,0.0,30,9,11,6,1
Male,Adana,Electronics,Debit Card,Mobile,40,1546.14,1,1374.36,171.78,0.11,7,7,4,5,1
Male,Istanbul,Sports,Debit Card,Desktop,18,761.42,4,3045.68,0.0,0.0,20,10,5,1,1
Female,Bursa,Food,Bank Transfer,Desktop,30,40.18,1,40.18,0.0,0.0,17,6,3,2,1
Female,Gaziantep,Food,Debit Card,Desktop,42,19.95,1,19.95,0.0,0.0,8,10,7,4,0
Female,Istanbul,Toys,Debit Card,Mobile,30,167.45,2,334.9,0.0,0.0,4,3,2,1,0
Male,Istanbul,Books,Debit Card,Mobile,32,76.48,3,221.79,7.65,0.03,18,7,3,0,1
Male,Ankara,Fashion,Credit Card,Tablet,34,329.1,2,658.2,0.0,0.0,18,13,5,6,1
Female,Izmir,Sports,Debit Card,Desktop,18,208.45,5,1042.25,0.0,0.0,8,9,6,5,1
Male,Istanbul,Electronics,Credit Card,Desktop,45,930.97,1,740.85,190.12,0.2,9,10,1,1,1
Female,Antalya,Toys,Credit Card,Mobile,18,59.36,3,164.06,14.02,0.08,16,9,9,1,1
Female,Ankara,Sports,Credit Card,Mobile,19,520.13,1,520.13,0.0,0.0,21,8,8,6,0
Male,Istanbul,Books,Debit Card,Mobile,60,38.02,2,76.04,0.0,0.0,12,9,3,1,1
Male,Istanbul,Food,Debit Card,Desktop,53,80.0,5,400.0,0.0,0.0,7,12,3,5,1
Female,Istanbul,Sports,Credit Card,Mobile,40,305.34,1,305.34,0.0,0.0,17,8,11,2,1
Female,Ankara,Sports,Debit Card,Mobile,66,216.61,1,216.61,0.0,0.0,9,10,12,3,1
Male,Ankara,Toys,Bank Transfer,Tablet,38,132.16,4,528.64,0.0,0.0,9,11,12,1,0
Female,Konya,Electronics,Digital Wallet,Desktop,37,2990.01,2,5980.02,0.0,0.0,34,10,2,5,0
Male,Adana,Electronics,Credit Card,Desktop,43,727.5,1,727.5,0.0,0.0,9,9,8,6,0
Female,Bursa,Toys,Cash on Delivery,Desktop,50,79.93,1,79.93,0.0,0.0,11,9,12,6,0
Female,Ankara,Electronics,Digital Wallet,Mobile,18,3218.66,2,6437.32,0.0,0.0,19,7,1,3,0
Other,Gaziantep,Food,Cash on Delivery,Desktop,41,53.41,2,106.82,0.0,0.0,23,10,6,3,1
Male,Izmir,Books,Debit Card,Desktop,40,69.11,2,138.22,0.0,0.0,5,6,6,1,1
Female,Kayseri,Fashion,Debit Card,Tablet,48,316.82,1,316.82,0.0,0.0,12,7,3,0,1
Female,Antalya,Books,Digital Wallet,Mobile,26,53.87,1,45.91,7.96,0.15,14,11,9,6,0
Male,Ankara,Electronics,Digital Wallet,Mobile,33,2717.55,4,10870.2,0.0,0.0,8,7,2,2,1
Female,Gaziantep,Home & Garden,Bank Transfer,Mobile,42,159.38,1,159.38,0.0,0.0,8,11,3,5,0
Male,Adana,Food,Credit Card,Mobile,18,67.37,2,134.74,0.0,0.0,11,12,7,2,1
Female,Istanbul,Sports,Credit Card,Mobile,40,374.74,2,749.48,0.0,0.0,30,9,7,0,0
Female,Konya,Sports,Debit Card,Mobile,31,422.21,5,1991.05,120.0,0.06,17,9,12,1,1
Female,Kayseri,Electronics,Cash on Delivery,Mobile,25,1852.09,1,1852.09,0.0,0.0,26,9,3,4,1
Female,Antalya,Sports,Bank Transfer,Mobile,25,330.82,3,992.46,0.0,0.0,7,12,3,0,0
Male,Ankara,Books,Credit Card,Tablet,35,88.95,1,68.87,20.08,0.23,2,5,6,6,1
Male,Adana,Electronics,Credit Card,Mobile,27,954.78,3,2864.34,0.0,0.0,11,8,3,4,1
Female,Izmir,Electronics,Credit Card,Desktop,27,1517.87,2,2796.82,238.92,0.08,10,5,5,5,1
Female,Istanbul,Fashion,Bank Transfer,Mobile,62,692.89,1,692.89,0.0,0.0,36,8,2,4,1
Male,Istanbul,Food,Digital Wallet,Desktop,37,40.36,5,197.0,4.8,0.02,27,8,3,5,1
Female,Istanbul,Food,Debit Card,Desktop,18,126.38,4,505.52,0.0,0.0,34,9,1,4,0
Female,Gaziantep,Toys,Credit Card,Desktop,25,58.14,1,58.14,0.0,0.0,12,5,12,4,1
Male,Ankara,Beauty,Digital Wallet,Desktop,43,43.77,4,175.08,0.0,0.0,19,12,5,1,0
Female,Eskisehir,Toys,Bank Transfer,Mobile,18,114.13,1,114.13,0.0,0.0,8,7,9,5,1
Female,Bursa,Food,Credit Card,Desktop,39,93.45,1,93.45,0.0,0.0,8,10,6,4,0
Male,Eskisehir,Toys,Digital Wallet,Mobile,21,207.9,2,371.53,44.27,0.11,16,8,7,2,0
Female,Izmir,Sports,Digital Wallet,Mobile,45,261.44,1,261.44,0.0,0.0,25,7,6,0,0
Female,Istanbul,Books,Digital Wallet,Mobile,33,116.83,1,101.69,15.14,0.13,13,10,5,6,1
Female,Antalya,Electronics,Bank Transfer,Mobile,37,1000.51,1,1000.51,0.0,0.0,6,11,9,6,1
Male,Izmir,Books,Credit Card,Mobile,47,29.36,4,117.44,0.0,0.0,14,10,1,0,1
Male,Izmir,Home & Garden,Debit Card,Desktop,40,123.52,1,123.52,0.0,0.0,12,8,5,2,1
Female,Izmir,Books,Credit Card,Mobile,23,46.18,4,184.72,0.0,0.0,23,11,1,6,1
Female,Gaziantep,Home & Garden,Digital Wallet,Desktop,43,735.86,2,1394.94,76.78,0.05,15,8,5,4,0
Female,Konya,Toys,Debit Card,Mobile,31,61.9,5,309.5,0.0,0.0,14,11,5,1,0
Female,Adana,Food,Digital Wallet,Mobile,45,206.34,1,174.79,31.55,0.15,28,7,12,3,0
Female,Izmir,Food,Credit Card,Mobile,35,96.9,5,484.5,0.0,0.0,16,8,2,5,1
Male,Izmir,Sports,Credit Card,Desktop,44,598.91,2,1197.82,0.0,0.0,10,7,12,6,0
Female,Istanbul,Home & Garden,Credit Card,Mobile,50,380.11,3,1140.33,0.0,0.0,23,6,9,1,0
Male,Eskisehir,Beauty,Credit Card,Desktop,23,234.71,3,704.13,0.0,0.0,19,8,9,6,0
Female,Izmir,Books,Credit Card,Mobile,31,23.79,4,88.89,6.27,0.07,15,9,3,5,0
Male,Istanbul,Toys,Digital Wallet,Mobile,22,60.03,1,60.03,0.0,0.0,16,8,12,5,0
Other,Ankara,Fashion,Debit Card,Mobile,18,771.7,2,1543.4,0.0,0.0,23,15,12,3,0
Female,Konya,Toys,Digital Wallet,Tablet,43,280.4,2,560.8,0.0,0.0,16,9,1,3,1
Male,Eskisehir,Fashion,Debit Card,Mobile,20,88.51,4,354.04,0.0,0.0,25,10,4,6,1
Male,Bursa,Home & Garden,Debit Card,Mobile,39,473.33,1,473.33,0.0,0.0,20,9,6,6,1
Female,Antalya,Fashion,Credit Card,Tablet,46,158.25,4,624.57,8.43,0.01,12,7,4,3,1
Male,Bursa,Toys,Debit Card,Desktop,29,314.54,4,1258.16,0.0,0.0,13,8,3,5,1
Male,Istanbul,Electronics,Credit Card,Desktop,43,3802.5,1,3802.5,0.0,0.0,14,7,8,2,1
Male,Konya,Fashion,Debit Card,Mobile,20,504.53,2,966.18,42.88,0.04,6,10,7,0,1
Female,Eskisehir,Fashion,Bank Transfer,Tablet,25,486.04,1,486.04,0.0,0.0,3,9,2,4,0
Male,Ankara,Home & Garden,Credit Card,Desktop,33,604.45,1,604.45,0.0,0.0,36,12,7,5,1
Female,Ankara,Toys,Digital Wallet,Desktop,60,147.88,1,119.27,28.61,0.19,6,5,2,3,1
Male,Izmir,Electronics,Bank Transfer,Desktop,26,1934.4,2,3306.18,562.62,0.15,25,9,1,3,0
Female,Gaziantep,Toys,Debit Card,Desktop,41,549.61,1,397.89,151.72,0.28,11,7,2,4,1
Female,Eskisehir,Electronics,Credit Card,Mobile,34,1600.87,1,1600.87,0.0,0.0,6,11,9,6,0
Male,Eskisehir,Books,Credit Card,Desktop,42,92.08,5,460.4,0.0,0.0,7,10,3,0,0
Female,Bursa,Beauty,Credit Card,Mobile,54,29.96,3,89.88,0.0,0.0,8,10,3,1,1
Female,Ankara,Home & Garden,Credit Card,Mobile,18,121.21,1,100.63,20.58,0.17,19,6,1,4,0
Male,Eskisehir,Fashion,Digital Wallet,Desktop,47,179.91,2,359.82,0.0,0.0,11,8,6,1,0
Male,Istanbul,Fashion,Credit Card,Desktop,35,486.27,2,972.54,0.0,0.0,12,4,6,2,1
Female,Antalya,Food,Digital Wallet,Mobile,18,57.48,2,104.71,10.25,0.09,19,7,1,0,1
Male,Istanbul,Toys,Credit Card,Desktop,37,173.41,1,173.41,0.0,0.0,9,5,3,6,0
Female,Istanbul,Beauty,Digital Wallet,Tablet,50,59.81,3,179.43,0.0,0.0,11,11,12,3,1
Male,Bursa,Fashion,Digital Wallet,Mobile,47,480.51,5,2283.1,119.45,0.05,11,7,12,1,1
Other,Izmir,Fashion,Digital Wallet,Desktop,30,246.07,4,940.84,43.44,0.04,16,10,11,5,0
Female,Istanbul,Toys,Credit Card,Mobile,28,57.06,2,114.12,0.0,0.0,10,10,3,1,1
Male,Izmir,Beauty,Credit Card,Tablet,32,82.88,2,165.76,0.0,0.0,4,10,11,6,1
Female,Istanbul,Fashion,Digital Wallet,Mobile,38,333.45,1,239.11,94.34,0.28,14,11,8,3,1
Male,Adana,Toys,Debit Card,Desktop,32,237.1,4,877.49,70.91,0.07,3,6,11,0,1
Female,Istanbul,Books,Credit Card,Mobile,36,41.03,1,36.29,4.74,0.12,4,7,11,4,1
Female,Adana,Beauty,Debit Card,Mobile,49,178.19,2,356.38,0.0,0.0,16,9,1,0,1
Female,Ankara,Toys,Debit Card,Desktop,58,123.15,5,615.75,0.0,0.0,10,12,12,0,1
Male,Ankara,Food,Bank Transfer,Desktop,44,76.58,2,153.16,0.0,0.0,19,12,2,3,1
Female,Bursa,Sports,Credit Card,Desktop,30,1739.72,3,5219.16,0.0,0.0,15,8,11,2,1
Female,Antalya,Beauty,Digital Wallet,Desktop,34,67.93,1,53.78,14.15,0.21,16,12,5,5,0
Female,Istanbul,Sports,Digital Wallet,Desktop,37,360.17,1,360.17,0.0,0.0,26,10,4,0,1
Female,Bursa,Home & Garden,Credit Card,Mobile,18,1753.78,1,1753.78,0.0,0.0,9,12,3,1,1
Female,Istanbul,Toys,Credit Card,Desktop,36,189.04,3,567.12,0.0,0.0,24,5,12,2,1
Male,Konya,Electronics,Digital Wallet,Desktop,26,573.1,1,464.05,109.05,0.19,15,8,2,1,1
Male,Kayseri,Books,Credit Card,Mobile,32,28.95,1,26.23,2.72,0.09,15,10,9,5,0
Male,Adana,Fashion,Bank Transfer,Desktop,27,293.86,1,233.08,60.78,0.21,3,7,7,5,0
Male,Antalya,Electronics,Debit Card,Mobile,51,364.04,4,1456.16,0.0,0.0,13,4,11,2,0
Female,Ankara,Electronics,Credit Card,Mobile,34,1669.81,2,3339.62,0.0,0.0,5,12,10,3,1
Female,Ankara,Beauty,Bank Transfer,Mobile,59,230.24,1,230.24,0.0,0.0,24,5,7,4,1
Female,Istanbul,Beauty,Credit Card,Desktop,35,128.91,2,246.5,11.32,0.04,20,5,1,2,0
Male,Istanbul,Sports,Credit Card,Desktop,18,1025.69,1,1025.69,0.0,0.0,13,4,11,4,1
Male,Bursa,Fashion,Cash on Delivery,Mobile,45,133.6,5,668.0,0.0,0.0,33,7,11,3,1
Female,Kayseri,Electronics,Cash on Delivery,Mobile,48,1797.05,3,5391.15,0.0,0.0,8,6,1,1,1
Male,Eskisehir,Sports,Credit Card,Mobile,26,675.54,2,1351.08,0.0,0.0,16,8,2,6,1
Female,Izmir,Fashion,Credit Card,Mobile,54,365.36,5,1826.8,0.0,0.0,11,8,3,4,1
Female,Ankara,Food,Credit Card,Desktop,24,155.32,4,602.61,18.67,0.03,18,3,10,1,1
Female,Konya,Sports,Digital Wallet,Mobile,36,468.72,1,468.72,0.0,0.0,8,8,9,4,0
Female,Eskisehir,Electronics,Debit Card,Desktop,39,840.72,4,3273.13,89.75,0.03,24,11,4,5,1
Male,Izmir,Home & Garden,Cash on Delivery,Mobile,39,240.1,3,720.3,0.0,0.0,27,9,3,4,1
Female,Istanbul,Home & Garden,Bank Transfer,Mobile,48,130.03,1,130.03,0.0,0.0,31,9,9,6,0
Male,Gaziantep,Sports,Credit Card,Desktop,40,749.2,2,1498.4,0.0,0.0,14,7,8,1,1
Female,Izmir,Home & Garden,Digital Wallet,Mobile,27,176.51,5,882.55,0.0,0.0,9,4,12,5,1
Male,Istanbul,Books,Digital Wallet,Mobile,24,33.29,1,33.29,0.0,0.0,10,5,6,3,1
Male,Istanbul,Sports,Digital Wallet,Tablet,61,647.44,1,525.3,122.14,0.19,9,13,10,4,0
Male,Istanbul,Fashion,Credit Card,Mobile,38,198.64,3,595.92,0.0,0.0,5,13,3,2,1
Male,Adana,Electronics,Credit Card,Desktop,37,2486.46,1,2486.46,0.0,0.0,7,10,3,0,0
Male,Istanbul,Toys,Digital Wallet,Desktop,31,118.86,2,237.72,0.0,0.0,11,8,9,1,0
Female,Gaziantep,Fashion,Credit Card,Mobile,48,104.8,3,314.4,0.0,0.0,24,10,1,4,0
Male,Kayseri,Toys,Debit Card,Mobile,57,58.3,5,291.5,0.0,0.0,12,11,3,3,1
Male,Istanbul,Home & Garden,Debit Card,Desktop,45,323.02,4,1292.08,0.0,0.0,4,9,12,4,0
Male,Antalya,Books,Bank Transfer,Desktop,46,26.22,1,26.22,0.0,0.0,6,8,12,6,1
Male,Ankara,Fashion,Credit Card,Mobile,31,496.75,3,1490.25,0.0,0.0,6,12,7,6,1
Male,Ankara,Toys,Credit Card,Tablet,39,108.47,4,433.88,0.0,0.0,3,11,10,5,1
Female,Ankara,Books,Debit Card,Mobile,52,58.63,1,58.63,0.0,0.0,12,6,2,6,1
Female,Bursa,Books,Credit Card,Mobile,42,18.22,1,16.74,1.48,0.08,32,14,12,3,1
Male,Adana,Beauty,Debit Card,Tablet,36,65.09,4,247.99,12.37,0.05,20,11,3,1,0
Female,Istanbul,Fashion,Credit Card,Desktop,18,806.06,5,4030.3,0.0,0.0,37,9,11,3,1
Male,Istanbul,Fashion,Bank Transfer,Mobile,26,401.01,1,401.01,0.0,0.0,24,10,2,6,1
Female,Bursa,Fashion,Digital Wallet,Tablet,43,109.93,5,549.65,0.0,0.0,13,8,5,0,0
Male,Antalya,Home & Garden,Debit Card,Mobile,41,252.04,5,1260.2,0.0,0.0,17,8,2,2,0
Male,Bursa,Beauty,Digital Wallet,Mobile,46,165.59,1,121.84,43.75,0.26,14,11,3,0,0
Male,Antalya,Toys,Debit Card,Desktop,34,56.92,5,284.6,0.0,0.0,49,6,7,0,0
Male,Gaziantep,Sports,Cash on Delivery,Mobile,18,287.02,1,287.02,0.0,0.0,73,9,2,4,1
Male,Istanbul,Sports,Digital Wallet,Desktop,18,493.0,5,2465.0,0.0,0.0,11,7,5,3,0
Female,Istanbul,Beauty,Credit Card,Mobile,46,84.03,4,336.12,0.0,0.0,11,8,6,2,1
Female,Adana,Electronics,Credit Card,Desktop,37,2303.77,1,2303.77,0.0,0.0,12,12,5,2,1
Female,Ankara,Home & Garden,Digital Wallet,Desktop,40,482.18,2,964.36,0.0,0.0,22,7,6,0,1
Male,Istanbul,Home & Garden,Debit Card,Desktop,37,656.04,2,1312.08,0.0,0.0,4,8,1,0,1
Female,Ankara,Home & Garden,Debit Card,Desktop,38,699.86,1,524.37,175.49,0.25,15,9,7,6,1
Female,Konya,Toys,Debit Card,Mobile,41,123.21,1,94.99,28.22,0.23,6,10,12,1,0
Female,Ankara,Beauty,Credit Card,Mobile,24,196.18,1,152.9,43.28,0.22,8,10,7,3,1
Male,Istanbul,Home & Garden,Credit Card,Mobile,59,1179.81,3,3539.43,0.0,0.0,3,9,12,3,1
Male,Izmir,Beauty,Debit Card,Mobile,25,57.77,5,288.85,0.0,0.0,15,6,3,3,0
Male,Ankara,Books,Credit Card,Mobile,40,13.1,2,26.2,0.0,0.0,25,6,2,0,0
Male,Adana,Books,Digital Wallet,Desktop,32,24.89,1,24.89,0.0,0.0,14,9,8,0,1
Female,Gaziantep,Home & Garden,Credit Card,Desktop,25,417.84,5,2036.49,52.71,0.03,6,14,11,2,1
Female,Istanbul,Electronics,Bank Transfer,Mobile,19,1177.78,5,5718.14,170.76,0.03,14,14,10,4,0
Female,Kayseri,Fashion,Debit Card,Mobile,34,751.59,5,3757.95,0.0,0.0,10,5,2,0,1
Female,Istanbul,Home & Garden,Credit Card,Desktop,18,2811.21,4,11244.84,0.0,0.0,18,5,6,4,1
Female,Kayseri,Electronics,Debit Card,Desktop,27,1548.15,1,1548.15,0.0,0.0,14,6,7,6,0
Female,Ankara,Toys,Debit Card,Mobile,18,256.32,1,256.32,0.0,0.0,5,15,11,5,0
Female,Istanbul,Books,Credit Card,Mobile,26,23.73,1,23.73,0.0,0.0,22,13,11,3,0
Female,Istanbul,Food,Debit Card,Mobile,35,54.27,2,108.54,0.0,0.0,6,4,2,2,1
Male,Istanbul,Sports,Credit Card,Mobile,34,254.43,1,254.43,0.0,0.0,33,9,6,0,0
Female,Antalya,Fashion,Digital Wallet,Mobile,35,172.85,1,140.1,32.75,0.19,32,9,12,3,0
Female,Adana,Beauty,Cash on Delivery,Mobile,21,167.43,5,837.15,0.0,0.0,20,9,1,1,1
Female,Istanbul,Home & Garden,Debit Card,Desktop,33,679.55,5,3397.75,0.0,0.0,8,11,3,3,1
Female,Konya,Home & Garden,Credit Card,Mobile,29,225.7,1,225.7,0.0,0.0,5,7,1,6,1
Female,Izmir,Home & Garden,Credit Card,Mobile,19,537.06,1,537.06,0.0,0.0,2,10,11,0,1
Male,Istanbul,Beauty,Digital Wallet,Mobile,55,42.96,2,85.92,0.0,0.0,10,8,6,3,1
Female,Istanbul,Sports,Digital Wallet,Mobile,23,338.82,5,1609.69,84.41,0.05,11,11,1,2,1
Male,Izmir,Sports,Credit Card,Mobile,50,890.59,4,3562.36,0.0,0.0,13,11,5,3,1
Male,Istanbul,Fashion,Bank Transfer,Mobile,38,371.5,4,1486.0,0.0,0.0,18,7,10,4,0
Female,Ankara,Beauty,Credit Card,Mobile,53,228.67,5,1143.35,0.0,0.0,7,12,2,5,0
Male,Gaziantep,Fashion,Debit Card,Desktop,60,368.16,5,1840.8,0.0,0.0,9,12,11,2,0
Female,Bursa,Home & Garden,Debit Card,Mobile,31,211.08,4,844.32,0.0,0.0,21,11,5,1,1
Female,Izmir,Fashion,Debit Card,Tablet,50,212.74,1,178.83,33.91,0.16,10,10,5,5,0
Female,Gaziantep,Food,Credit Card,Mobile,30,180.36,2,337.58,23.14,0.06,36,12,2,2,1
Male,Istanbul,Beauty,Bank Transfer,Mobile,25,110.49,2,220.98,0.0,0.0,16,11,3,5,1
Female,Kayseri,Home & Garden,Debit Card,Mobile,38,265.55,5,1327.75,0.0,0.0,7,8,8,3,1
Other,Istanbul,Books,Credit Card,Desktop,34,22.86,5,114.3,0.0,0.0,4,13,4,4,1
Female,Istanbul,Books,Debit Card,Mobile,61,74.71,1,70.96,3.75,0.05,20,7,8,0,1
Female,Eskisehir,Fashion,Digital Wallet,Mobile,38,123.37,5,616.85,0.0,0.0,30,11,4,1,1
Male,Istanbul,Beauty,Cash on Delivery,Desktop,43,36.69,3,110.07,0.0,0.0,13,3,8,4,0
Male,Ankara,Food,Credit Card,Desktop,38,89.86,1,89.86,0.0,0.0,30,9,2,4,1
Female,Istanbul,Sports,Bank Transfer,Mobile,29,293.77,1,293.77,0.0,0.0,17,15,1,2,1
Male,Bursa,Books,Credit Card,Desktop,31,20.44,1,20.44,0.0,0.0,16,9,8,2,1
Male,Antalya,Sports,Credit Card,Mobile,40,133.41,2,266.82,0.0,0.0,4,3,9,2,1
Male,Istanbul,Home & Garden,Credit Card,Mobile,44,240.27,1,194.16,46.11,0.19,16,8,6,5,1
Male,Ankara,Books,Bank Transfer,Mobile,32,69.89,5,349.45,0.0,0.0,13,7,5,6,0
Female,Konya,Electronics,Digital Wallet,Mobile,45,1856.42,4,7056.66,369.02,0.05,9,11,4,2,1
Male,Ankara,Toys,Credit Card,Desktop,29,148.62,1,148.62,0.0,0.0,22,8,12,0,1
Female,Adana,Fashion,Debit Card,Mobile,40,227.5,4,910.0,0.0,0.0,13,11,11,6,1
Male,Adana,Toys,Debit Card,Tablet,36,83.28,2,166.56,0.0,0.0,21,10,4,2,0
Female,Istanbul,Toys,Digital Wallet,Mobile,61,185.75,1,185.75,0.0,0.0,24,12,1,1,0
Male,Kayseri,Toys,Bank Transfer,Mobile,47,238.83,1,238.83,0.0,0.0,16,12,2,4,0
Male,Izmir,Food,Credit Card,Desktop,45,50.69,1,38.97,11.72,0.23,5,6,3,1,0
Male,Konya,Beauty,Credit Card,Mobile,40,77.06,2,138.9,15.22,0.1,5,6,1,0,0
Female,Ankara,Food,Debit Card,Desktop,32,7.87,1,7.87,0.0,0.0,12,8,3,0,0
Female,Konya,Sports,Digital Wallet,Desktop,30,236.55,5,1182.75,0.0,0.0,11,7,11,6,1
Female,Kayseri,Toys,Digital Wallet,Mobile,18,206.08,1,206.08,0.0,0.0,14,7,2,1,1
Male,Istanbul,Fashion,Cash on Delivery,Mobile,47,223.2,5,1116.0,0.0,0.0,15,9,7,5,1
Male,Antalya,Beauty,Credit Card,Mobile,31,47.92,1,47.92,0.0,0.0,16,9,1,0,1
Male,Bursa,Food,Digital Wallet,Mobile,18,132.67,2,265.34,0.0,0.0,5,7,12,4,1
Female,Eskisehir,Beauty,Credit Card,Mobile,54,235.12,1,235.12,0.0,0.0,34,13,12,4,1
Male,Konya,Toys,Credit Card,Desktop,42,386.28,1,386.28,0.0,0.0,16,5,6,6,0
Female,Ankara,Electronics,Digital Wallet,Desktop,63,4900.71,1,4900.71,0.0,0.0,6,8,2,1,0
Male,Istanbul,Electronics,Debit Card,Desktop,28,1493.14,1,1249.1,244.04,0.16,22,14,3,6,1
Female,Izmir,Toys,Credit Card,Tablet,64,195.28,1,195.28,0.0,0.0,9,5,6,4,1
Female,Adana,Food,Credit Card,Desktop,35,26.17,1,23.18,2.99,0.11,10,8,11,0,1
Female,Ankara,Sports,Credit Card,Mobile,35,482.16,2,964.32,0.0,0.0,12,12,2,5,0
Female,Istanbul,Home & Garden,Debit Card,Mobile,29,406.74,3,1170.72,49.5,0.04,7,6,7,4,1
Female,Istanbul,Home & Garden,Digital Wallet,Desktop,43,493.06,1,493.06,0.0,0.0,10,7,7,4,1
Male,Adana,Food,Debit Card,Mobile,27,33.95,1,27.62,6.33,0.19,17,12,5,2,0
Female,Istanbul,Home & Garden,Bank Transfer,Tablet,34,966.67,2,1933.34,0.0,0.0,16,10,3,6,0
Female,Izmir,Fashion,Debit Card,Mobile,30,142.3,4,569.2,0.0,0.0,17,9,5,3,1
Male,Ankara,Toys,Credit Card,Desktop,35,75.93,5,379.65,0.0,0.0,1,11,10,1,1
Male,Antalya,Fashion,Credit Card,Desktop,51,129.16,1,114.83,14.33,0.11,2,8,1,3,1
Male,Ankara,Books,Bank Transfer,Desktop,31,49.78,1,46.95,2.83,0.06,8,10,4,0,1
Female,Bursa,Books,Bank Transfer,Mobile,31,26.09,1,26.09,0.0,0.0,30,10,9,2,0
Female,Bursa,Fashion,Credit Card,Mobile,50,122.9,5,614.5,0.0,0.0,10,9,10,0,0
Male,Ankara,Toys,Debit Card,Desktop,36,184.96,1,184.96,0.0,0.0,20,8,5,6,1
Male,Istanbul,Toys,Debit Card,Mobile,32,168.0,2,300.52,35.48,0.11,21,7,11,1,0
Male,Istanbul,Food,Credit Card,Mobile,31,48.67,1,45.06,3.61,0.07,11,11,3,6,0
Female,Adana,Electronics,Bank Transfer,Mobile,23,957.46,3,2872.38,0.0,0.0,2,10,2,1,1
Male,Konya,Toys,Bank Transfer,Mobile,37,72.46,3,217.38,0.0,0.0,23,8,8,5,1
Male,Konya,Electronics,Credit Card,Desktop,31,1424.12,1,1424.12,0.0,0.0,4,5,7,2,1
Female,Istanbul,Electronics,Credit Card,Desktop,28,953.09,5,4765.45,0.0,0.0,7,5,1,1,0
Male,Gaziantep,Books,Cash on Delivery,Tablet,39,44.05,2,88.1,0.0,0.0,8,10,8,6,1
Male,Izmir,Fashion,Credit Card,Desktop,19,199.34,2,346.36,52.32,0.13,3,8,9,1,1
Male,Bursa,Books,Digital Wallet,Mobile,38,14.91,1,13.45,1.46,0.1,25,8,9,1,1
Male,Istanbul,Sports,Debit Card,Mobile,23,1035.52,1,1035.52,0.0,0.0,8,10,8,5,1
Male,Eskisehir,Electronics,Bank Transfer,Mobile,30,1458.12,2,2916.24,0.0,0.0,13,8,6,3,1
Male,Konya,Food,Credit Card,Tablet,21,43.97,1,36.43,7.54,0.17,11,11,6,3,1
Male,Kayseri,Home & Garden,Bank Transfer,Mobile,35,195.27,1,195.27,0.0,0.0,13,15,12,0,1
Male,Ankara,Beauty,Credit Card,Desktop,29,58.93,1,55.89,3.04,0.05,13,3,1,5,0
Male,Antalya,Books,Credit Card,Mobile,18,81.47,1,65.47,16.0,0.2,3,11,1,0,0
Male,Istanbul,Electronics,Credit Card,Tablet,40,1579.77,1,1579.77,0.0,0.0,11,12,1,0,1
Male,Istanbul,Sports,Digital Wallet,Desktop,26,440.11,1,359.39,80.72,0.18,17,3,12,1,1
Female,Ankara,Beauty,Credit Card,Desktop,46,97.74,1,97.74,0.0,0.0,20,7,1,2,1
Male,Izmir,Beauty,Digital Wallet,Mobile,32,246.17,5,1230.85,0.0,0.0,31,13,2,6,1
Female,Konya,Beauty,Debit Card,Desktop,38,129.46,5,622.91,24.39,0.04,11,4,1,2,1
Male,Bursa,Home & Garden,Debit Card,Mobile,28,324.27,2,648.54,0.0,0.0,12,3,7,3,0
Male,Konya,Fashion,Credit Card,Mobile,31,206.68,2,371.04,42.32,0.1,12,10,1,2,1
Female,Istanbul,Fashion,Credit Card,Mobile,37,353.34,5,1766.7,0.0,0.0,24,11,12,0,0
Male,Adana,Books,Credit Card,Desktop,32,24.27,2,48.54,0.0,0.0,39,10,9,4,1
Male,Adana,Fashion,Credit Card,Mobile,23,148.35,4,593.4,0.0,0.0,21,10,1,5,0
Female,Izmir,Electronics,Debit Card,Mobile,49,258.63,5,1293.15,0.0,0.0,16,7,6,5,1
Female,Istanbul,Toys,Credit Card,Desktop,52,75.86,2,151.72,0.0,0.0,10,9,6,5,0
Male,Konya,Home & Garden,Debit Card,Desktop,37,376.97,2,753.94,0.0,0.0,3,5,12,1,1
Female,Gaziantep,Fashion,Cash on Delivery,Mobile,41,320.73,4,1282.92,0.0,0.0,26,14,11,6,1
Male,Eskisehir,Home & Garden,Digital Wallet,Mobile,43,727.64,2,1355.18,100.1,0.07,4,9,6,1,1
Female,Bursa,Food,Debit Card,Mobile,35,70.03,1,70.03,0.0,0.0,14,5,11,2,1
Female,Antalya,Electronics,Debit Card,Mobile,51,803.02,1,803.02,0.0,0.0,6,6,11,3,0
Female,Istanbul,Toys,Credit Card,Mobile,51,353.48,3,956.91,103.53,0.1,9,12,6,3,1
Female,Istanbul,Home & Garden,Credit Card,Mobile,37,738.09,5,3690.45,0.0,0.0,22,12,1,3,0
Male,Istanbul,Sports,Credit Card,Desktop,31,1397.66,1,1397.66,0.0,0.0,3,13,1,1,0
Female,Kayseri,Books,Debit Card,Tablet,30,81.56,1,81.56,0.0,0.0,36,5,3,0,1
Female,Ankara,Sports,Cash on Delivery,Mobile,38,249.82,3,749.46,0.0,0.0,20,7,6,5,1
Male,Izmir,Home & Garden,Digital Wallet,Mobile,47,377.18,1,377.18,0.0,0.0,13,8,9,3,0
Male,Kayseri,Electronics,Credit Card,Mobile,18,2497.85,5,11804.41,684.84,0.05,6,12,7,4,1
Male,Izmir,Electronics,Cash on Delivery,Desktop,44,1443.1,1,1443.1,0.0,0.0,22,6,12,2,1
Female,Eskisehir,Fashion,Credit Card,Mobile,42,60.74,1,60.74,0.0,0.0,6,5,4,6,0
Female,Izmir,Books,Debit Card,Desktop,32,49.31,2,95.17,3.45,0.03,34,10,9,2,1
Male,Adana,Beauty,Credit Card,Mobile,54,145.92,5,706.29,23.31,0.03,11,12,1,3,0
Male,Adana,Beauty,Credit Card,Desktop,50,197.57,3,592.71,0.0,0.0,10,6,3,4,1
Female,Eskisehir,Food,Credit Card,Mobile,59,75.44,2,139.74,11.14,0.07,9,5,2,3,0
Female,Istanbul,Home & Garden,Debit Card,Desktop,43,584.22,2,1168.44,0.0,0.0,5,10,2,4,1
Male,Istanbul,Home & Garden,Credit Card,Mobile,29,923.93,1,923.93,0.0,0.0,30,11,1,4,0
Female,Izmir,Home & Garden,Bank Transfer,Mobile,59,805.67,1,805.67,0.0,0.0,7,10,12,6,0
Female,Gaziantep,Books,Debit Card,Desktop,50,45.08,5,225.4,0.0,0.0,20,8,6,5,1
Female,Gaziantep,Toys,Digital Wallet,Mobile,29,117.34,1,117.34,0.0,0.0,35,10,9,6,1
Male,Izmir,Toys,Credit Card,Tablet,32,138.62,4,554.48,0.0,0.0,9,7,2,2,1
Male,Istanbul,Fashion,Credit Card,Mobile,65,91.65,2,183.3,0.0,0.0,31,9,11,2,1
Female,Adana,Fashion,Debit Card,Desktop,45,80.91,3,242.73,0.0,0.0,33,7,5,1,1
Male,Istanbul,Books,Credit Card,Desktop,36,69.83,4,279.32,0.0,0.0,24,9,4,0,1
Female,Kayseri,Electronics,Debit Card,Desktop,47,2657.99,1,2657.99,0.0,0.0,27,7,8,4,1
Male,Konya,Food,Credit Card,Mobile,40,207.51,1,207.51,0.0,0.0,4,4,6,3,1
Male,Istanbul,Food,Debit Card,Mobile,20,74.85,1,74.85,0.0,0.0,2,6,9,4,0
Female,Istanbul,Sports,Debit Card,Mobile,21,126.21,2,239.16,13.26,0.05,10,9,1,0,1
Female,Kayseri,Food,Credit Card,Desktop,29,67.01,3,181.19,19.84,0.1,24,8,3,2,1
Male,Istanbul,Sports,Debit Card,Desktop,18,1286.51,2,2391.42,181.6,0.07,9,12,8,6,0
Female,Istanbul,Beauty,Credit Card,Mobile,44,96.0,2,192.0,0.0,0.0,13,6,9,3,1
Female,Istanbul,Beauty,Digital Wallet,Mobile,18,81.7,4,326.8,0.0,0.0,7,7,4,3,1
Female,Eskisehir,Sports,Debit Card,Tablet,33,235.02,2,470.04,0.0,0.0,11,13,1,0,1
Female,Konya,Toys,Digital Wallet,Desktop,25,165.87,2,297.74,34.0,0.1,15,8,1,4,0
Male,Istanbul,Sports,Credit Card,Mobile,34,796.16,3,2388.48,0.0,0.0,4,6,2,4,1
Female,Antalya,Books,Bank Transfer,Desktop,20,84.6,3,253.8,0.0,0.0,21,7,5,2,0
Female,Bursa,Home & Garden,Credit Card,Desktop,18,281.1,2,562.2,0.0,0.0,25,9,2,5,1
Female,Ankara,Food,Digital Wallet,Desktop,28,42.78,2,85.56,0.0,0.0,17,13,7,0,1
Male,Antalya,Sports,Debit Card,Desktop,32,875.66,1,875.66,0.0,0.0,17,17,1,4,1
Male,Ankara,Electronics,Digital Wallet,Mobile,42,954.54,2,1909.08,0.0,0.0,7,2,3,3,1
Female,Kayseri,Beauty,Credit Card,Desktop,71,59.49,2,118.98,0.0,0.0,12,11,5,5,1
Male,Ankara,Toys,Credit Card,Desktop,35,135.34,4,541.36,0.0,0.0,6,5,9,6,1
Female,Gaziantep,Sports,Digital Wallet,Mobile,41,1128.25,1,1128.25,0.0,0.0,7,11,1,4,0
Male,Istanbul,Toys,Credit Card,Mobile,51,186.08,4,744.32,0.0,0.0,10,8,1,4,0
Male,Kayseri,Electronics,Bank Transfer,Desktop,25,4257.38,5,20211.81,1075.09,0.05,12,8,8,0,0
Male,Izmir,Food,Bank Transfer,Desktop,30,23.25,1,23.25,0.0,0.0,4,6,12,0,0
Female,Gaziantep,Food,Digital Wallet,Desktop,29,46.87,2,93.74,0.0,0.0,13,8,2,3,1
Female,Eskisehir,Beauty,Bank Transfer,Mobile,35,117.83,1,117.83,0.0,0.0,8,10,4,6,1
Female,Istanbul,Books,Digital Wallet,Mobile,28,43.26,1,37.21,6.05,0.14,8,11,10,3,0
Male,Eskisehir,Home & Garden,Debit Card,Mobile,22,606.3,3,1818.9,0.0,0.0,23,9,10,6,0
Male,Ankara,Electronics,Digital Wallet,Tablet,21,949.24,1,949.24,0.0,0.0,12,12,2,5,1
Male,Ankara,Electronics,Bank Transfer,Desktop,28,1233.31,3,3699.93,0.0,0.0,3,7,11,2,1
Male,Istanbul,Sports,Credit Card,Desktop,50,343.43,1,343.43,0.0,0.0,17,8,2,6,0
Male,Konya,Toys,Digital Wallet,Mobile,46,116.5,2,223.0,10.0,0.04,15,11,6,2,0
Female,Adana,Fashion,Credit Card,Tablet,27,211.15,3,601.67,31.78,0.05,4,6,9,5,1
Male,Izmir,Sports,Credit Card,Desktop,35,366.29,1,366.29,0.0,0.0,18,12,7,2,0
Female,Antalya,Home & Garden,Credit Card,Desktop,21,2429.22,1,2155.68,273.54,0.11,10,10,11,2,0
Female,Ankara,Food,Credit Card,Mobile,18,174.96,4,699.84,0.0,0.0,12,12,5,4,0
Male,Konya,Home & Garden,Digital Wallet,Desktop,49,755.6,1,690.07,65.53,0.09,15,13,4,2,1
Male,Ankara,Fashion,Debit Card,Tablet,44,126.58,4,506.32,0.0,0.0,10,12,3,2,1
Male,Gaziantep,Beauty,Cash on Delivery,Mobile,50,121.07,4,484.28,0.0,0.0,21,7,10,6,1
Male,Istanbul,Fashion,Debit Card,Desktop,49,398.11,5,1990.55,0.0,0.0,15,7,8,1,0
Male,Izmir,Books,Digital Wallet,Desktop,21,31.55,1,31.55,0.0,0.0,7,12,10,3,1
Other,Bursa,Food,Bank Transfer,Mobile,48,136.6,3,382.51,27.29,0.07,28,6,5,5,1
Male,Ankara,Beauty,Digital Wallet,Tablet,59,67.64,1,67.64,0.0,0.0,8,16,12,1,0
Female,Konya,Beauty,Digital Wallet,Mobile,32,54.07,1,54.07,0.0,0.0,14,12,7,3,0
Female,Izmir,Electronics,Credit Card,Mobile,20,1592.95,4,6371.8,0.0,0.0,10,12,6,5,0
Female,Izmir,Home & Garden,Credit Card,Desktop,41,963.03,3,2889.09,0.0,0.0,32,8,9,0,1
Female,Istanbul,Beauty,Credit Card,Mobile,49,112.15,5,560.75,0.0,0.0,10,12,8,2,0
Female,Ankara,Home & Garden,Debit Card,Desktop,36,1785.22,1,1376.62,408.6,0.23,4,4,10,5,1
Female,Izmir,Books,Credit Card,Mobile,36,55.46,1,55.46,0.0,0.0,13,11,1,2,1
Male,Kayseri,Books,Credit Card,Mobile,29,54.23,5,258.6,12.55,0.05,14,10,2,6,1
Female,Istanbul,Beauty,Digital Wallet,Mobile,27,189.27,2,333.01,45.53,0.12,9,10,8,0,0
Male,Adana,Toys,Debit Card,Desktop,59,112.82,2,225.64,0.0,0.0,3,5,1,0,0
Male,Istanbul,Beauty,Credit Card,Mobile,35,54.16,5,270.8,0.0,0.0,12,11,7,4,0
Male,Gaziantep,Food,Debit Card,Desktop,44,45.4,1,45.4,0.0,0.0,9,5,10,2,1
Female,Eskisehir,Toys,Debit Card,Mobile,21,345.54,2,691.08,0.0,0.0,10,8,7,6,0
Female,Ankara,Fashion,Debit Card,Mobile,30,308.9,5,1544.5,0.0,0.0,9,16,6,4,0
Male,Eskisehir,Electronics,Debit Card,Desktop,43,793.34,1,793.34,0.0,0.0,6,9,1,0,1
Male,Kayseri,Toys,Credit Card,Desktop,38,163.19,5,815.95,0.0,0.0,12,16,5,0,0
Female,Gaziantep,Electronics,Digital Wallet,Mobile,42,682.81,1,682.81,0.0,0.0,15,12,12,5,1
Female,Konya,Fashion,Bank Transfer,Desktop,53,479.56,2,959.12,0.0,0.0,7,9,2,3,1
Female,Gaziantep,Books,Debit Card,Mobile,66,50.52,2,88.79,12.25,0.12,12,5,1,0,1
Female,Kayseri,Beauty,Debit Card,Desktop,42,89.3,3,267.9,0.0,0.0,22,5,1,3,1
Female,Adana,Electronics,Credit Card,Mobile,18,1902.65,3,5707.95,0.0,0.0,19,8,1,2,1
Female,Bursa,Books,Digital Wallet,Mobile,24,77.45,2,132.03,22.87,0.15,26,7,3,6,1
Male,Bursa,Home & Garden,Debit Card,Tablet,37,697.98,3,1926.15,167.79,0.08,17,14,8,5,1
Female,Eskisehir,Electronics,Digital Wallet,Desktop,18,1652.27,1,1334.58,317.69,0.19,15,5,1,1,1
Male,Ankara,Toys,Credit Card,Mobile,39,133.14,2,266.28,0.0,0.0,7,11,6,3,1
Female,Gaziantep,Electronics,Credit Card,Mobile,40,804.85,2,1609.7,0.0,0.0,23,6,7,5,1
Male,Konya,Books,Debit Card,Mobile,50,108.97,1,108.97,0.0,0.0,25,10,3,0,1
Male,Adana,Home & Garden,Debit Card,Mobile,35,118.78,1,118.78,0.0,0.0,3,13,1,1,1
Male,Istanbul,Books,Cash on Delivery,Desktop,32,45.06,2,82.79,7.33,0.08,21,9,3,6,1
Male,Istanbul,Books,Bank Transfer,Tablet,32,56.2,1,49.97,6.23,0.11,4,9,1,5,1
Female,Bursa,Fashion,Debit Card,Mobile,25,235.34,5,1176.7,0.0,0.0,8,10,4,3,0
Female,Adana,Sports,Credit Card,Mobile,35,331.18,1,245.95,85.23,0.26,7,9,11,6,1
Female,Istanbul,Books,Cash on Delivery,Mobile,34,30.42,2,53.67,7.17,0.12,15,8,2,5,1
Female,Istanbul,Beauty,Credit Card,Mobile,28,134.79,5,673.95,0.0,0.0,2,13,11,0,1
Female,Bursa,Electronics,Debit Card,Desktop,38,141.76,2,283.52,0.0,0.0,10,10,3,6,1
Female,Kayseri,Beauty,Credit Card,Mobile,36,38.39,1,38.39,0.0,0.0,16,10,7,1,1
Male,Adana,Books,Digital Wallet,Desktop,35,32.61,1,32.61,0.0,0.0,16,13,12,4,1
Male,Izmir,Beauty,Cash on Delivery,Mobile,36,166.01,2,332.02,0.0,0.0,7,16,10,5,1
Male,Gaziantep,Books,Debit Card,Mobile,25,26.61,5,127.82,5.23,0.04,20,9,4,3,1
Female,Izmir,Home & Garden,Debit Card,Desktop,50,1406.24,1,1406.24,0.0,0.0,15,8,8,3,1
Female,Eskisehir,Home & Garden,Credit Card,Desktop,49,828.98,2,1657.96,0.0,0.0,14,12,1,4,1
Female,Bursa,Food,Credit Card,Mobile,49,97.49,3,292.47,0.0,0.0,16,12,7,6,0
Male,Konya,Food,Credit Card,Mobile,46,48.72,3,133.71,12.45,0.09,8,10,8,0,1
Female,Ankara,Books,Digital Wallet,Desktop,27,67.49,5,324.04,13.41,0.04,10,12,2,6,0
Male,Izmir,Toys,Digital Wallet,Desktop,41,602.4,3,1807.2,0.0,0.0,16,11,8,4,0
Male,Istanbul,Toys,Debit Card,Mobile,31,175.34,1,147.49,27.85,0.16,18,15,2,0,0
Male,Konya,Fashion,Credit Card,Desktop,21,96.08,2,192.16,0.0,0.0,24,6,3,6,1
Female,Ankara,Sports,Digital Wallet,Desktop,27,239.35,1,239.35,0.0,0.0,9,9,8,0,0
Female,Konya,Home & Garden,Credit Card,Mobile,32,779.56,1,674.86,104.7,0.13,16,9,11,0,1
Other,Izmir,Fashion,Credit Card,Mobile,42,107.43,1,107.43,0.0,0.0,33,9,5,2,1
Male,Gaziantep,Toys,Bank Transfer,Mobile,20,110.64,1,77.52,33.12,0.3,7,7,12,6,1
Female,Izmir,Sports,Credit Card,Mobile,64,665.21,4,2576.29,84.55,0.03,24,9,1,2,0
Female,Istanbul,Fashion,Debit Card,Mobile,27,186.35,2,372.7,0.0,0.0,23,7,12,6,0
Female,Istanbul,Home & Garden,Credit Card,Desktop,64,1141.96,1,1141.96,0.0,0.0,14,19,3,6,1
Male,Izmir,Books,Credit Card,Desktop,47,10.86,1,10.86,0.0,0.0,10,9,2,6,1
Male,Ankara,Fashion,Digital Wallet,Mobile,27,153.06,4,612.24,0.0,0.0,15,6,3,4,1
Male,Istanbul,Fashion,Credit Card,Mobile,43,275.03,2,550.06,0.0,0.0,16,12,5,6,1
Female,Ankara,Sports,Debit Card,Mobile,27,284.43,2,513.79,55.07,0.1,19,6,5,6,0
Female,Istanbul,Fashion,Digital Wallet,Desktop,46,156.4,1,132.09,24.31,0.16,54,14,5,6,0
Female,Ankara,Electronics,Digital Wallet,Mobile,37,1423.7,1,1206.99,216.71,0.15,4,11,11,1,0
Female,Kayseri,Fashion,Credit Card,Desktop,26,65.3,1,65.3,0.0,0.0,5,10,5,3,0
Other,Istanbul,Sports,Digital Wallet,Mobile,34,557.95,1,557.95,0.0,0.0,12,7,6,0,1
Female,Istanbul,Home & Garden,Credit Card,Mobile,18,366.57,2,733.14,0.0,0.0,13,9,4,3,1
Male,Istanbul,Books,Bank Transfer,Mobile,35,36.14,2,68.43,3.85,0.05,9,11,5,4,0
Female,Antalya,Toys,Bank Transfer,Mobile,37,19.84,4,79.36,0.0,0.0,27,7,2,3,0
Male,Istanbul,Beauty,Debit Card,Desktop,45,170.93,1,133.52,37.41,0.22,28,10,4,3,1
Female,Bursa,Sports,Bank Transfer,Mobile,18,79.59,1,79.59,0.0,0.0,6,11,1,5,0
Male,Ankara,Fashion,Bank Transfer,Mobile,35,154.55,3,431.26,32.39,0.07,17,8,3,4,1
Male,Kayseri,Toys,Cash on Delivery,Desktop,20,99.99,5,482.33,17.62,0.04,17,8,2,0,1
Male,Istanbul,Sports,Credit Card,Mobile,37,449.41,5,2176.36,70.69,0.03,28,11,12,4,1
Male,Istanbul,Books,Debit Card,Desktop,47,30.98,1,30.98,0.0,0.0,3,4,3,6,0
Female,Konya,Food,Digital Wallet,Mobile,45,95.69,2,191.38,0.0,0.0,10,7,5,5,1
Male,Izmir,Food,Credit Card,Mobile,22,22.93,2,45.86,0.0,0.0,8,10,10,4,0
Male,Istanbul,Electronics,Digital Wallet,Mobile,42,790.25,1,790.25,0.0,0.0,17,10,4,4,1
Male,Izmir,Fashion,Debit Card,Mobile,57,173.0,4,692.0,0.0,0.0,7,6,3,6,1
Female,Istanbul,Fashion,Debit Card,Desktop,48,263.67,1,263.67,0.0,0.0,48,8,5,6,0
Male,Istanbul,Electronics,Debit Card,Mobile,41,461.16,1,461.16,0.0,0.0,10,9,2,3,1
Male,Antalya,Electronics,Debit Card,Mobile,29,899.73,1,899.73,0.0,0.0,20,7,12,4,0
Female,Istanbul,Beauty,Credit Card,Mobile,57,186.54,1,186.54,0.0,0.0,13,6,12,3,1
Female,Gaziantep,Home & Garden,Credit Card,Mobile,33,377.33,1,335.45,41.88,0.11,46,10,11,3,0
Male,Istanbul,Food,Debit Card,Mobile,27,32.1,3,96.3,0.0,0.0,14,14,1,6,0
Male,Istanbul,Beauty,Credit Card,Desktop,51,240.62,1,240.62,0.0,0.0,16,7,1,4,0
Female,Izmir,Beauty,Debit Card,Mobile,45,126.24,2,252.48,0.0,0.0,9,9,3,0,1
Female,Adana,Sports,Debit Card,Desktop,18,533.62,2,1067.24,0.0,0.0,11,6,4,5,1
Male,Konya,Electronics,Debit Card,Tablet,30,580.47,2,1160.94,0.0,0.0,15,4,7,1,1
Male,Izmir,Toys,Debit Card,Desktop,37,223.55,1,168.89,54.66,0.24,6,10,1,2,1
Female,Istanbul,Beauty,Credit Card,Mobile,46,40.42,1,30.54,9.88,0.24,20,6,5,2,1
Male,Istanbul,Food,Debit Card,Desktop,28,25.18,1,21.02,4.16,0.17,10,5,11,3,0
Male,Adana,Electronics,Debit Card,Desktop,29,1858.82,2,3182.05,535.59,0.14,14,8,3,5,0
Female,Antalya,Sports,Digital Wallet,Mobile,37,955.11,1,955.11,0.0,0.0,12,5,10,0,1
Male,Ankara,Food,Debit Card,Mobile,36,10.57,4,41.17,1.11,0.03,23,12,7,6,1
Female,Antalya,Toys,Credit Card,Desktop,40,166.68,5,833.4,0.0,0.0,14,11,4,6,0
Male,Istanbul,Food,Digital Wallet,Desktop,27,94.08,5,470.4,0.0,0.0,10,8,2,1,0
Male,Antalya,Home & Garden,Debit Card,Mobile,18,347.8,2,695.6,0.0,0.0,4,7,12,5,1
Male,Istanbul,Toys,Credit Card,Mobile,60,213.82,4,855.28,0.0,0.0,5,8,9,6,1
Female,Antalya,Sports,Debit Card,Mobile,41,554.11,1,554.11,0.0,0.0,14,11,12,6,1
Female,Bursa,Home & Garden,Debit Card,Mobile,18,1900.45,2,3800.9,0.0,0.0,5,9,1,0,1
Female,Eskisehir,Sports,Credit Card,Desktop,38,536.13,1,536.13,0.0,0.0,12,9,1,6,0
Female,Izmir,Sports,Digital Wallet,Mobile,49,1235.22,2,2470.44,0.0,0.0,14,14,3,4,1
Male,Ankara,Books,Debit Card,Mobile,35,141.98,1,122.51,19.47,0.14,20,8,4,3,0
Female,Bursa,Sports,Digital Wallet,Mobile,69,879.96,1,879.96,0.0,0.0,29,9,3,4,0
Female,Bursa,Electronics,Credit Card,Desktop,52,2837.67,2,5338.88,336.46,0.06,10,8,1,3,1
Male,Istanbul,Toys,Cash on Delivery,Desktop,53,326.16,1,297.61,28.55,0.09,22,5,2,2,1
Female,Bursa,Toys,Credit Card,Mobile,36,55.97,2,111.94,0.0,0.0,14,8,1,0,1
Male,Adana,Food,Debit Card,Tablet,38,66.64,5,333.2,0.0,0.0,15,9,9,4,1
Male,Izmir,Sports,Debit Card,Desktop,18,481.95,1,441.83,40.12,0.08,7,10,8,3,1
Male,Antalya,Toys,Debit Card,Mobile,24,242.97,1,174.37,68.6,0.28,18,11,3,6,0
Female,Izmir,Fashion,Bank Transfer,Desktop,38,253.62,2,507.24,0.0,0.0,18,9,4,3,1
Male,Istanbul,Beauty,Credit Card,Tablet,51,60.69,1,60.69,0.0,0.0,4,5,1,5,1
Female,Istanbul,Sports,Digital Wallet,Mobile,31,538.51,5,2692.55,0.0,0.0,7,13,12,6,0
Male,Adana,Books,Digital Wallet,Desktop,51,38.51,2,73.88,3.14,0.04,23,14,10,0,0
Male,Istanbul,Beauty,Debit Card,Mobile,54,66.4,1,66.4,0.0,0.0,13,11,4,6,1
Male,Adana,Electronics,Digital Wallet,Mobile,52,1290.94,1,1290.94,0.0,0.0,16,14,8,6,1
Female,Izmir,Beauty,Digital Wallet,Mobile,32,74.47,1,62.9,11.57,0.16,7,7,8,4,1
Male,Izmir,Electronics,Digital Wallet,Mobile,32,591.11,2,1182.22,0.0,0.0,20,10,7,5,1
Female,Istanbul,Food,Digital Wallet,Mobile,30,24.66,1,24.66,0.0,0.0,9,13,8,1,0
Male,Istanbul,Food,Credit Card,Tablet,33,32.92,1,32.92,0.0,0.0,2,10,1,0,0
Male,Istanbul,Home & Garden,Debit Card,Mobile,28,222.24,5,1111.2,0.0,0.0,12,5,2,0,0
Female,Istanbul,Sports,Cash on Delivery,Mobile,31,405.53,4,1622.12,0.0,0.0,21,9,9,6,1
Female,Izmir,Toys,Credit Card,Mobile,37,328.49,1,328.49,0.0,0.0,7,6,12,6,0
Male,Konya,Home & Garden,Bank Transfer,Tablet,62,653.25,1,653.25,0.0,0.0,19,7,12,5,1
Female,Istanbul,Electronics,Debit Card,Desktop,31,836.04,5,4180.2,0.0,0.0,8,10,6,6,0
Male,Istanbul,Fashion,Digital Wallet,Desktop,18,141.82,4,567.28,0.0,0.0,27,6,7,5,0
Female,Ankara,Home & Garden,Credit Card,Desktop,42,633.75,4,2535.0,0.0,0.0,29,9,9,6,0
Male,Istanbul,Books,Credit Card,Mobile,38,11.66,1,11.66,0.0,0.0,18,6,2,0,1
Other,Ankara,Toys,Cash on Delivery,Desktop,35,86.11,4,324.33,20.11,0.06,10,9,2,4,1
Male,Istanbul,Food,Digital Wallet,Desktop,38,41.21,1,41.21,0.0,0.0,13,7,1,0,0
Female,Istanbul,Electronics,Debit Card,Desktop,36,305.23,5,1526.15,0.0,0.0,46,5,11,2,0
Female,Istanbul,Home & Garden,Credit Card,Mobile,47,1237.18,5,6185.9,0.0,0.0,13,12,2,6,1
Female,Ankara,Sports,Debit Card,Desktop,18,499.93,1,458.01,41.92,0.08,19,7,11,3,1
Female,Istanbul,Electronics,Credit Card,Mobile,22,3915.41,1,3915.41,0.0,0.0,11,7,1,4,1
Female,Kayseri,Fashion,Credit Card,Desktop,30,192.51,3,555.29,22.24,0.04,29,5,12,4,0
Female,Bursa,Home & Garden,Bank Transfer,Desktop,32,602.17,1,602.17,0.0,0.0,5,11,4,6,0
Female,Gaziantep,Sports,Debit Card,Mobile,30,444.03,1,444.03,0.0,0.0,18,10,7,1,0
Male,Konya,Beauty,Credit Card,Mobile,33,238.53,5,1192.65,0.0,0.0,9,8,3,6,0
Female,Ankara,Beauty,Debit Card,Desktop,40,28.08,1,28.08,0.0,0.0,25,16,3,5,0
Female,Adana,Food,Digital Wallet,Mobile,27,119.38,1,98.67,20.71,0.17,14,9,8,4,0
Female,Ankara,Sports,Digital Wallet,Desktop,35,221.4,2,442.8,0.0,0.0,20,10,2,0,1
Male,Istanbul,Food,Credit Card,Mobile,26,54.73,2,109.46,0.0,0.0,23,10,6,2,1
Male,Bursa,Books,Cash on Delivery,Tablet,57,44.58,4,170.25,8.07,0.05,12,13,3,2,0
Male,Antalya,Food,Digital Wallet,Mobile,36,123.88,2,224.72,23.04,0.09,21,7,6,3,0
Male,Antalya,Food,Credit Card,Tablet,38,55.8,1,55.8,0.0,0.0,3,4,1,0,0
Male,Eskisehir,Food,Bank Transfer,Desktop,58,16.09,1,16.09,0.0,0.0,23,8,6,6,1
Male,Adana,Sports,Debit Card,Desktop,24,238.78,2,477.56,0.0,0.0,13,9,3,6,0
Male,Gaziantep,Fashion,Credit Card,Desktop,49,155.42,1,119.0,36.42,0.23,22,8,11,1,0
Male,Istanbul,Home & Garden,Debit Card,Mobile,27,958.36,4,3596.75,236.69,0.06,14,12,2,3,1
Female,Konya,Food,Credit Card,Mobile,18,113.58,2,227.16,0.0,0.0,7,11,8,2,1
Female,Eskisehir,Beauty,Credit Card,Mobile,40,105.74,1,105.74,0.0,0.0,13,10,1,1,0
Male,Istanbul,Home & Garden,Digital Wallet,Mobile,43,561.6,5,2808.0,0.0,0.0,20,10,12,3,1
Female,Istanbul,Electronics,Digital Wallet,Tablet,32,269.88,2,495.08,44.68,0.08,13,8,8,6,0
Female,Istanbul,Books,Debit Card,Mobile,39,123.96,3,371.88,0.0,0.0,9,15,3,2,1
Female,Antalya,Food,Debit Card,Mobile,18,14.65,1,14.65,0.0,0.0,37,7,7,5,1
Female,Eskisehir,Beauty,Debit Card,Mobile,26,369.99,1,369.99,0.0,0.0,8,14,8,3,1
Male,Izmir,Food,Bank Transfer,Desktop,42,40.28,3,108.84,12.0,0.1,10,5,5,2,1
Male,Istanbul,Electronics,Bank Transfer,Mobile,18,711.83,1,711.83,0.0,0.0,8,10,12,0,1
Male,Kayseri,Toys,Bank Transfer,Desktop,48,76.93,2,153.86,0.0,0.0,13,9,5,5,1
Female,Bursa,Books,Debit Card,Mobile,28,76.42,2,152.84,0.0,0.0,4,13,12,1,0
Male,Izmir,Home & Garden,Digital Wallet,Desktop,19,555.28,1,555.28,0.0,0.0,7,8,9,4,0
Male,Antalya,Toys,Bank Transfer,Mobile,42,211.66,5,1058.3,0.0,0.0,28,12,6,0,1
Male,Istanbul,Electronics,Debit Card,Mobile,34,1551.18,2,3102.36,0.0,0.0,22,6,4,3,1
Female,Konya,Electronics,Debit Card,Desktop,38,3410.86,1,3135.69,275.17,0.08,4,13,6,5,1
Female,Istanbul,Food,Debit Card,Mobile,27,22.56,1,22.56,0.0,0.0,14,5,5,0,0
Female,Adana,Toys,Credit Card,Mobile,29,226.83,1,226.83,0.0,0.0,8,7,2,4,0
Male,Kayseri,Electronics,Bank Transfer,Mobile,45,1693.6,3,5080.8,0.0,0.0,14,11,1,6,0
Female,Eskisehir,Sports,Credit Card,Mobile,41,270.06,5,1350.3,0.0,0.0,12,8,3,5,0
Male,Bursa,Home & Garden,Credit Card,Mobile,42,504.52,1,404.29,100.23,0.2,17,13,8,1,1
Female,Kayseri,Food,Credit Card,Desktop,18,25.92,2,51.84,0.0,0.0,20,6,1,1,0
Male,Istanbul,Sports,Digital Wallet,Desktop,18,251.74,1,251.74,0.0,0.0,5,10,5,0,0
Female,Konya,Toys,Debit Card,Mobile,35,118.56,2,226.5,10.62,0.04,6,12,8,0,1
Female,Istanbul,Sports,Credit Card,Desktop,21,61.73,1,53.29,8.44,0.14,9,5,8,0,1
Male,Antalya,Food,Debit Card,Desktop,56,95.86,2,191.72,0.0,0.0,10,12,10,1,1
Female,Istanbul,Sports,Debit Card,Desktop,42,454.3,2,908.6,0.0,0.0,7,8,3,3,1
Female,Gaziantep,Fashion,Cash on Delivery,Mobile,49,53.0,4,212.0,0.0,0.0,21,10,1,5,1
Female,Istanbul,Home & Garden,Credit Card,Mobile,32,301.66,3,904.98,0.0,0.0,12,8,5,5,0
Female,Gaziantep,Food,Debit Card,Desktop,20,44.35,3,133.05,0.0,0.0,8,10,6,4,1
Female,Izmir,Sports,Debit Card,Mobile,31,101.45,3,304.35,0.0,0.0,5,12,3,3,1
Male,Konya,Electronics,Credit Card,Tablet,38,1844.87,2,3585.81,103.93,0.03,9,10,6,4,0
Female,Antalya,Books,Credit Card,Desktop,30,80.1,4,306.76,13.64,0.04,11,17,9,2,0
Female,Bursa,Beauty,Debit Card,Mobile,31,205.42,4,800.49,21.19,0.03,16,11,10,3,0
Female,Ankara,Books,Debit Card,Mobile,28,50.22,4,200.88,0.0,0.0,11,13,2,5,1
Male,Gaziantep,Toys,Cash on Delivery,Desktop,44,167.26,1,167.26,0.0,0.0,24,6,10,2,0
Female,Konya,Home & Garden,Bank Transfer,Desktop,21,453.66,1,380.83,72.83,0.16,10,10,6,5,0
Male,Izmir,Sports,Debit Card,Desktop,21,255.47,2,489.92,21.02,0.04,11,8,7,4,0
Female,Izmir,Fashion,Credit Card,Tablet,49,68.45,2,136.9,0.0,0.0,15,13,5,1,1
Female,Konya,Beauty,Debit Card,Mobile,32,101.55,2,203.1,0.0,0.0,3,6,1,3,1
Female,Ankara,Books,Debit Card,Tablet,44,49.28,2,98.56,0.0,0.0,6,7,9,3,1
Female,Antalya,Fashion,Digital Wallet,Mobile,49,40.75,1,34.89,5.86,0.14,2,6,11,3,0
Male,Konya,Toys,Credit Card,Desktop,37,181.68,2,363.36,0.0,0.0,6,6,3,6,0
Male,Kayseri,Books,Digital Wallet,Desktop,45,22.1,2,39.28,4.92,0.11,9,7,2,1,0
Female,Bursa,Sports,Credit Card,Mobile,32,320.97,3,962.91,0.0,0.0,16,14,8,3,1
Male,Antalya,Beauty,Credit Card,Desktop,41,62.76,4,247.33,3.71,0.01,14,5,11,3,1
Male,Adana,Books,Credit Card,Desktop,41,35.45,1,35.45,0.0,0.0,19,12,2,0,1
Male,Istanbul,Fashion,Credit Card,Desktop,29,392.62,1,392.62,0.0,0.0,35,8,8,0,1
Male,Istanbul,Food,Bank Transfer,Mobile,19,104.98,1,104.98,0.0,0.0,13,5,1,3,1
Female,Izmir,Fashion,Digital Wallet,Mobile,18,133.09,2,241.44,24.74,0.09,12,7,5,1,1
Male,Adana,Sports,Credit Card,Mobile,24,428.98,1,428.98,0.0,0.0,20,6,1,1,0
Female,Kayseri,Fashion,Credit Card,Desktop,41,203.53,1,203.53,0.0,0.0,24,5,8,5,0
Male,Istanbul,Sports,Credit Card,Mobile,26,1439.08,4,5756.32,0.0,0.0,9,15,12,0,1
Male,Bursa,Home & Garden,Bank Transfer,Mobile,18,658.11,3,1974.33,0.0,0.0,13,6,7,4,1
Female,Istanbul,Home & Garden,Debit Card,Mobile,37,1563.7,1,1563.7,0.0,0.0,11,9,11,2,1
Female,Adana,Toys,Credit Card,Desktop,18,327.82,1,327.82,0.0,0.0,28,13,6,2,0
Male,Antalya,Home & Garden,Bank Transfer,Desktop,41,500.76,2,1001.52,0.0,0.0,9,12,2,1,1
Male,Ankara,Books,Digital Wallet,Desktop,39,15.43,2,29.89,0.97,0.03,4,7,12,6,0
Female,Istanbul,Fashion,Credit Card,Mobile,18,304.11,4,1216.44,0.0,0.0,16,5,12,0,0
Female,Adana,Electronics,Debit Card,Mobile,38,1499.61,1,1499.61,0.0,0.0,9,8,11,1,0
Male,Istanbul,Food,Credit Card,Mobile,53,85.02,5,425.1,0.0,0.0,8,11,5,0,0
Male,Ankara,Toys,Debit Card,Mobile,34,111.96,1,103.22,8.74,0.08,9,8,3,1,0
Female,Istanbul,Electronics,Bank Transfer,Tablet,20,5278.17,2,10556.34,0.0,0.0,19,7,8,3,1
Female,Izmir,Fashion,Digital Wallet,Desktop,42,155.01,4,620.04,0.0,0.0,26,8,4,6,0
Female,Izmir,Electronics,Credit Card,Desktop,40,488.68,2,977.36,0.0,0.0,13,5,2,0,1
Male,Konya,Food,Digital Wallet,Mobile,27,139.78,1,139.78,0.0,0.0,22,10,2,1,1
Other,Istanbul,Books,Credit Card,Mobile,27,74.45,1,74.45,0.0,0.0,14,8,3,0,0
Male,Antalya,Food,Bank Transfer,Desktop,29,51.69,3,152.39,2.68,0.02,13,9,2,4,1
Male,Kayseri,Sports,Digital Wallet,Mobile,45,356.6,1,356.6,0.0,0.0,3,11,10,3,1
Male,Istanbul,Fashion,Digital Wallet,Desktop,37,182.84,3,548.52,0.0,0.0,21,7,9,0,0
Male,Antalya,Food,Digital Wallet,Tablet,21,116.66,1,116.66,0.0,0.0,24,7,12,2,0
Female,Istanbul,Sports,Debit Card,Mobile,30,612.05,1,612.05,0.0,0.0,9,7,11,1,1
Male,Adana,Toys,Digital Wallet,Desktop,19,386.68,3,1160.04,0.0,0.0,5,11,2,2,1
Female,Ankara,Electronics,Cash on Delivery,Desktop,34,1563.53,3,4690.59,0.0,0.0,5,8,2,3,1
Female,Ankara,Home & Garden,Credit Card,Mobile,44,638.9,2,1136.2,141.6,0.11,13,10,10,6,0
Male,Gaziantep,Home & Garden,Debit Card,Tablet,33,699.75,2,1399.5,0.0,0.0,10,4,4,6,0
Female,Bursa,Fashion,Digital Wallet,Mobile,49,487.7,3,1463.1,0.0,0.0,23,7,5,5,1
Male,Eskisehir,Toys,Debit Card,Mobile,39,146.58,2,293.16,0.0,0.0,25,6,3,1,0
Male,Adana,Beauty,Debit Card,Mobile,31,82.87,4,331.48,0.0,0.0,15,9,12,1,1
Male,Eskisehir,Fashion,Digital Wallet,Desktop,41,157.2,2,272.91,41.49,0.13,2,9,2,6,0
Male,Bursa,Sports,Bank Transfer,Desktop,33,72.16,1,72.16,0.0,0.0,7,14,7,6,1
Male,Kayseri,Home & Garden,Credit Card,Desktop,50,309.65,3,928.95,0.0,0.0,4,10,3,1,0
Male,Konya,Food,Bank Transfer,Mobile,41,59.76,1,59.76,0.0,0.0,5,5,8,5,1
Male,Istanbul,Food,Cash on Delivery,Mobile,44,43.56,1,43.56,0.0,0.0,25,7,2,4,0
Male,Gaziantep,Sports,Credit Card,Mobile,34,122.1,1,122.1,0.0,0.0,28,9,5,0,0
Female,Gaziantep,Toys,Cash on Delivery,Mobile,30,164.95,4,659.8,0.0,0.0,11,8,10,6,0
Male,Kayseri,Electronics,Debit Card,Mobile,30,885.38,1,885.38,0.0,0.0,11,14,1,6,1
Male,Bursa,Beauty,Credit Card,Desktop,56,71.88,5,359.4,0.0,0.0,17,7,8,2,0
Female,Istanbul,Books,Credit Card,Mobile,33,50.17,4,200.68,0.0,0.0,6,10,2,0,1
Male,Istanbul,Toys,Credit Card,Mobile,18,82.92,1,82.92,0.0,0.0,11,12,5,3,1
Female,Konya,Sports,Debit Card,Tablet,59,457.93,2,840.74,75.12,0.08,18,11,12,5,0
Female,Ankara,Fashion,Digital Wallet,Mobile,44,393.1,1,393.1,0.0,0.0,1,8,3,4,1
Female,Izmir,Sports,Credit Card,Mobile,40,493.49,2,986.98,0.0,0.0,18,9,2,6,1
Female,Konya,Beauty,Bank Transfer,Desktop,34,114.54,1,89.14,25.4,0.22,14,9,2,1,1
Female,Bursa,Sports,Debit Card,Desktop,35,217.39,1,217.39,0.0,0.0,10,9,11,5,1
Female,Antalya,Beauty,Digital Wallet,Tablet,24,118.75,1,97.88,20.87,0.18,16,9,11,0,0
Female,Gaziantep,Books,Debit Card,Mobile,37,76.68,1,76.68,0.0,0.0,12,8,2,0,0
Male,Izmir,Electronics,Credit Card,Mobile,57,487.6,1,487.6,0.0,0.0,7,13,1,5,1
Female,Antalya,Home & Garden,Credit Card,Mobile,23,824.77,1,731.86,92.91,0.11,8,13,6,4,1
Female,Istanbul,Home & Garden,Credit Card,Desktop,29,425.71,1,302.46,123.25,0.29,19,8,12,3,0
Other,Izmir,Food,Bank Transfer,Tablet,49,153.38,4,602.17,11.35,0.02,27,7,11,6,1
Female,Izmir,Toys,Digital Wallet,Desktop,38,180.98,1,135.98,45.0,0.25,10,8,5,0,1
Male,Istanbul,Home & Garden,Credit Card,Mobile,46,904.06,1,904.06,0.0,0.0,20,5,9,2,0
Female,Istanbul,Toys,Credit Card,Mobile,24,68.9,1,68.9,0.0,0.0,17,8,3,4,1
Male,Istanbul,Home & Garden,Cash on Delivery,Mobile,41,687.67,2,1375.34,0.0,0.0,17,6,2,3,1
Male,Eskisehir,Electronics,Bank Transfer,Mobile,39,487.57,1,487.57,0.0,0.0,12,10,10,6,1
Male,Ankara,Fashion,Debit Card,Desktop,19,104.09,5,520.45,0.0,0.0,1,12,3,2,1
Male,Izmir,Electronics,Credit Card,Desktop,29,804.1,4,3120.09,96.31,0.03,12,8,1,4,1
Female,Ankara,Books,Debit Card,Desktop,49,29.41,1,29.41,0.0,0.0,34,8,1,5,0
Female,Gaziantep,Sports,Bank Transfer,Mobile,37,270.28,2,540.56,0.0,0.0,4,9,7,5,1
Male,Istanbul,Sports,Credit Card,Mobile,32,93.08,1,93.08,0.0,0.0,13,8,2,6,1
Female,Adana,Beauty,Digital Wallet,Desktop,37,169.55,1,169.55,0.0,0.0,5,8,10,0,1
Female,Adana,Fashion,Credit Card,Mobile,35,332.66,2,665.32,0.0,0.0,26,10,7,6,1
Female,Ankara,Sports,Debit Card,Desktop,32,758.68,1,758.68,0.0,0.0,12,13,1,0,1
Male,Ankara,Electronics,Bank Transfer,Mobile,44,1876.84,2,3357.02,396.66,0.11,16,7,7,2,0
Female,Izmir,Toys,Credit Card,Mobile,49,124.06,5,620.3,0.0,0.0,7,7,10,4,1
Female,Adana,Beauty,Credit Card,Mobile,36,76.06,2,152.12,0.0,0.0,26,10,4,5,0
Female,Ankara,Toys,Credit Card,Mobile,18,399.13,1,399.13,0.0,0.0,24,6,9,4,1
Female,Istanbul,Home & Garden,Credit Card,Mobile,20,1223.37,2,2300.52,146.22,0.06,13,6,4,6,0
Male,Izmir,Beauty,Cash on Delivery,Tablet,37,107.61,1,107.61,0.0,0.0,26,5,1,1,1
Male,Ankara,Food,Debit Card,Desktop,32,21.01,1,21.01,0.0,0.0,9,6,3,6,1
Male,Bursa,Beauty,Credit Card,Desktop,21,49.54,3,143.54,5.08,0.03,17,8,1,6,1
Male,Adana,Sports,Debit Card,Mobile,40,332.41,2,664.82,0.0,0.0,2,9,2,6,1
Female,Gaziantep,Food,Credit Card,Tablet,23,13.96,1,13.96,0.0,0.0,7,6,12,6,1
Male,Antalya,Electronics,Debit Card,Mobile,44,1513.36,3,4540.08,0.0,0.0,19,7,2,0,0
Female,Gaziantep,Electronics,Credit Card,Desktop,68,1318.96,2,2637.92,0.0,0.0,10,10,7,5,1
Female,Bursa,Food,Digital Wallet,Desktop,34,169.96,2,339.92,0.0,0.0,16,9,3,6,1
Female,Gaziantep,Books,Credit Card,Mobile,18,30.28,1,30.28,0.0,0.0,7,3,10,1,1
Male,Antalya,Toys,Credit Card,Tablet,27,459.98,1,459.98,0.0,0.0,5,8,11,5,1
Male,Antalya,Books,Credit Card,Mobile,18,28.85,2,57.7,0.0,0.0,7,12,10,1,0
Male,Kayseri,Beauty,Credit Card,Desktop,44,24.69,1,24.69,0.0,0.0,9,7,6,0,0
Female,Istanbul,Toys,Digital Wallet,Desktop,28,370.28,5,1851.4,0.0,0.0,8,14,3,3,1
Female,Istanbul,Beauty,Debit Card,Mobile,34,50.57,4,202.28,0.0,0.0,1,10,4,6,1
Male,Istanbul,Sports,Debit Card,Desktop,38,378.3,1,378.3,0.0,0.0,19,7,5,6,1
Male,Istanbul,Toys,Credit Card,Desktop,22,33.81,1,29.32,4.49,0.13,2,10,3,3,1
Female,Istanbul,Toys,Credit Card,Mobile,34,121.45,1,121.45,0.0,0.0,8,12,7,3,0
Male,Adana,Sports,Debit Card,Mobile,30,405.37,1,405.37,0.0,0.0,30,14,9,4,1
Female,Antalya,Home & Garden,Debit Card,Desktop,54,928.0,1,841.3,86.7,0.09,14,10,2,4,1
Male,Eskisehir,Beauty,Bank Transfer,Mobile,29,259.2,5,1252.25,43.75,0.03,30,14,2,0,1
Female,Ankara,Toys,Credit Card,Mobile,26,23.78,2,45.38,2.18,0.05,15,9,8,5,0
Male,Izmir,Books,Digital Wallet,Desktop,20,23.74,5,118.7,0.0,0.0,5,13,3,4,0
Female,Istanbul,Toys,Debit Card,Mobile,28,162.62,1,162.62,0.0,0.0,14,5,5,2,1
Female,Bursa,Food,Credit Card,Desktop,38,71.14,4,275.43,9.13,0.03,15,9,3,0,1
Male,Antalya,Electronics,Debit Card,Desktop,46,1461.15,2,2922.3,0.0,0.0,17,13,6,6,0
Male,Antalya,Fashion,Cash on Delivery,Desktop,26,96.62,2,173.74,19.5,0.1,10,8,1,5,0
Male,Ankara,Books,Debit Card,Desktop,37,81.07,1,81.07,0.0,0.0,16,11,8,1,1
Male,Eskisehir,Food,Digital Wallet,Mobile,24,186.45,4,745.8,0.0,0.0,12,16,1,0,1
Male,Izmir,Toys,Credit Card,Mobile,47,212.94,4,851.76,0.0,0.0,11,7,12,2,1
Female,Izmir,Books,Debit Card,Desktop,38,65.35,1,65.35,0.0,0.0,29,9,2,2,0
Male,Adana,Beauty,Credit Card,Desktop,65,150.64,5,753.2,0.0,0.0,18,6,8,5,1
Female,Bursa,Electronics,Credit Card,Mobile,37,3224.47,2,6448.94,0.0,0.0,7,8,12,4,1
Male,Eskisehir,Home & Garden,Digital Wallet,Desktop,35,1647.31,3,4740.2,201.73,0.04,16,11,2,6,0
Male,Gaziantep,Books,Debit Card,Desktop,35,77.66,5,367.94,20.36,0.05,24,8,10,5,0
Female,Antalya,Beauty,Debit Card,Mobile,36,76.01,1,68.13,7.88,0.1,6,11,4,2,0
Female,Istanbul,Sports,Digital Wallet,Desktop,53,307.38,1,307.38,0.0,0.0,41,7,6,1,0
Male,Bursa,Electronics,Digital Wallet,Mobile,19,1843.56,4,7374.24,0.0,0.0,14,13,10,6,1
Female,Istanbul,Electronics,Debit Card,Mobile,33,1404.36,1,1404.36,0.0,0.0,12,10,2,0,1
Female,Istanbul,Electronics,Credit Card,Mobile,38,1222.37,1,1222.37,0.0,0.0,10,10,2,4,0
Female,Izmir,Toys,Debit Card,Mobile,18,82.08,1,82.08,0.0,0.0,16,11,1,4,0
Female,Istanbul,Books,Digital Wallet,Desktop,18,21.01,4,80.05,3.99,0.05,9,4,7,6,0
Female,Bursa,Sports,Credit Card,Mobile,33,462.89,1,462.89,0.0,0.0,12,5,1,3,1
Male,Ankara,Toys,Debit Card,Desktop,40,92.97,5,464.85,0.0,0.0,6,4,5,4,1
Female,Istanbul,Books,Debit Card,Mobile,42,57.87,2,115.74,0.0,0.0,11,13,1,0,1
Male,Istanbul,Food,Credit Card,Mobile,46,79.85,1,79.85,0.0,0.0,10,11,8,5,0
Male,Antalya,Toys,Bank Transfer,Mobile,18,134.69,2,269.38,0.0,0.0,5,12,10,1,1
Male,Istanbul,Food,Credit Card,Desktop,51,31.95,1,31.95,0.0,0.0,24,12,2,2,0
Female,Izmir,Fashion,Digital Wallet,Mobile,34,437.59,2,875.18,0.0,0.0,10,11,7,2,1
Female,Ankara,Home & Garden,Digital Wallet,Desktop,52,522.49,1,522.49,0.0,0.0,25,9,7,4,0
Male,Konya,Books,Credit Card,Desktop,38,112.45,3,337.35,0.0,0.0,10,11,2,3,1
Female,Ankara,Food,Cash on Delivery,Mobile,18,38.89,2,77.78,0.0,0.0,3,12,10,1,1
Male,Gaziantep,Sports,Bank Transfer,Mobile,35,237.61,1,237.61,0.0,0.0,5,9,11,6,0
Male,Bursa,Food,Credit Card,Mobile,34,45.6,2,84.6,6.6,0.07,15,5,3,3,0
Female,Istanbul,Books,Credit Card,Mobile,35,22.82,2,42.52,3.12,0.07,15,7,1,0,0
Female,Izmir,Books,Digital Wallet,Desktop,37,126.96,3,380.88,0.0,0.0,19,8,1,4,1
Male,Istanbul,Toys,Debit Card,Mobile,23,75.74,1,75.74,0.0,0.0,22,5,2,2,1
Male,Bursa,Sports,Credit Card,Mobile,36,618.13,4,2472.52,0.0,0.0,7,9,11,5,1
Male,Ankara,Beauty,Credit Card,Mobile,38,108.65,1,108.65,0.0,0.0,34,5,9,3,1
Male,Ankara,Sports,Credit Card,Mobile,18,709.75,3,2022.53,106.72,0.05,15,16,2,0,0
Female,Eskisehir,Books,Debit Card,Tablet,32,78.75,1,78.75,0.0,0.0,11,10,2,4,0
Male,Istanbul,Toys,Bank Transfer,Mobile,27,102.32,1,102.32,0.0,0.0,6,12,1,5,1
Female,Istanbul,Fashion,Digital Wallet,Mobile,42,85.86,1,85.86,0.0,0.0,17,6,9,1,1
Male,Adana,Home & Garden,Credit Card,Mobile,18,1058.96,1,1058.96,0.0,0.0,22,8,3,5,1
Female,Adana,Sports,Digital Wallet,Mobile,72,254.38,2,508.76,0.0,0.0,12,8,9,0,1
Female,Kayseri,Sports,Credit Card,Desktop,45,256.32,2,512.64,0.0,0.0,8,8,8,0,1
Other,Bursa,Toys,Credit Card,Mobile,35,73.53,1,73.53,0.0,0.0,14,12,10,2,1
Female,Ankara,Home & Garden,Credit Card,Desktop,39,724.61,2,1374.62,74.6,0.05,30,13,1,2,0
Male,Ankara,Sports,Credit Card,Desktop,62,152.03,1,152.03,0.0,0.0,6,8,4,3,1
Other,Antalya,Sports,Bank Transfer,Mobile,35,547.96,3,1499.16,144.72,0.09,14,4,2,0,0
Male,Adana,Beauty,Debit Card,Desktop,26,168.0,3,470.2,33.8,0.07,28,10,6,3,0
Female,Gaziantep,Electronics,Digital Wallet,Mobile,31,1050.25,3,3150.75,0.0,0.0,10,4,10,3,0
Female,Adana,Food,Credit Card,Mobile,27,54.89,4,205.09,14.47,0.07,16,15,5,4,0
Male,Istanbul,Food,Debit Card,Desktop,54,159.09,1,159.09,0.0,0.0,26,13,11,4,1
Male,Istanbul,Toys,Digital Wallet,Desktop,44,160.27,1,160.27,0.0,0.0,23,11,10,0,1
Female,Gaziantep,Food,Credit Card,Desktop,57,148.63,1,148.63,0.0,0.0,6,8,8,2,1
Male,Ankara,Beauty,Digital Wallet,Mobile,31,117.5,1,117.5,0.0,0.0,30,8,3,1,0
Male,Antalya,Food,Credit Card,Desktop,20,26.15,1,26.15,0.0,0.0,25,7,12,3,1
Female,Gaziantep,Sports,Credit Card,Mobile,34,814.53,5,4072.65,0.0,0.0,8,11,5,3,1
Female,Ankara,Food,Credit Card,Mobile,23,191.35,3,574.05,0.0,0.0,8,5,7,1,1
Male,Istanbul,Home & Garden,Credit Card,Mobile,28,470.28,4,1881.12,0.0,0.0,5,7,8,1,0
Female,Adana,Home & Garden,Credit Card,Mobile,36,308.86,2,617.72,0.0,0.0,4,5,6,2,0
Male,Bursa,Food,Bank Transfer,Mobile,25,30.02,3,83.45,6.61,0.07,9,5,9,1,1
Male,Ankara,Food,Credit Card,Mobile,28,93.22,5,466.1,0.0,0.0,13,6,6,6,1
Male,Kayseri,Food,Credit Card,Mobile,33,45.68,4,182.72,0.0,0.0,13,8,12,2,1
Female,Gaziantep,Books,Credit Card,Desktop,18,80.91,2,161.82,0.0,0.0,16,3,4,5,0
Female,Adana,Home & Garden,Credit Card,Desktop,34,398.92,1,398.92,0.0,0.0,22,14,10,2,1
Male,Bursa,Food,Digital Wallet,Desktop,45,76.04,1,76.04,0.0,0.0,24,7,7,5,0
Female,Izmir,Sports,Digital Wallet,Desktop,44,352.01,2,704.02,0.0,0.0,11,7,6,3,0
Male,Bursa,Electronics,Credit Card,Desktop,52,1064.76,2,2129.52,0.0,0.0,10,4,2,6,1
Male,Antalya,Electronics,Credit Card,Desktop,45,1230.21,2,2172.22,288.2,0.12,15,10,11,5,0
Female,Istanbul,Toys,Digital Wallet,Desktop,32,50.02,5,238.3,11.8,0.05,4,5,3,5,0
Female,Bursa,Food,Debit Card,Desktop,18,52.03,2,104.06,0.0,0.0,21,6,4,2,1
Female,Kayseri,Toys,Credit Card,Mobile,24,62.95,1,62.95,0.0,0.0,7,9,10,1,1
Female,Istanbul,Books,Digital Wallet,Desktop,30,49.54,1,49.54,0.0,0.0,14,11,2,3,1
Female,Bursa,Home & Garden,Debit Card,Mobile,38,589.21,2,1178.42,0.0,0.0,12,6,1,1,1
Male,Istanbul,Toys,Credit Card,Mobile,18,24.84,1,23.01,1.83,0.07,13,11,11,5,1
Female,Istanbul,Beauty,Digital Wallet,Mobile,28,70.53,2,141.06,0.0,0.0,8,10,1,4,1
Male,Istanbul,Toys,Credit Card,Desktop,51,101.73,5,508.65,0.0,0.0,15,11,6,6,1
Male,Gaziantep,Food,Credit Card,Desktop,34,16.68,1,16.68,0.0,0.0,14,11,3,6,1
Male,Istanbul,Books,Credit Card,Mobile,41,24.16,2,48.32,0.0,0.0,5,8,10,6,0
Female,Istanbul,Beauty,Bank Transfer,Mobile,30,80.11,1,80.11,0.0,0.0,24,8,10,5,1
Female,Gaziantep,Food,Digital Wallet,Tablet,32,31.58,2,63.16,0.0,0.0,9,10,1,6,1
Male,Gaziantep,Food,Credit Card,Mobile,19,30.37,2,60.74,0.0,0.0,15,6,3,2,1
Male,Istanbul,Fashion,Cash on Delivery,Mobile,18,283.0,1,283.0,0.0,0.0,11,11,11,3,1
Female,Adana,Beauty,Bank Transfer,Mobile,31,69.81,1,61.93,7.88,0.11,12,13,12,2,0
Male,Gaziantep,Books,Debit Card,Mobile,32,21.93,1,21.93,0.0,0.0,16,7,1,3,0
Male,Izmir,Beauty,Debit Card,Desktop,41,88.91,4,355.64,0.0,0.0,15,10,10,3,0
Female,Antalya,Books,Debit Card,Desktop,51,53.54,5,261.31,6.39,0.02,13,7,4,2,1
Male,Adana,Sports,Credit Card,Mobile,30,387.6,1,387.6,0.0,0.0,8,7,1,0,1
Male,Izmir,Home & Garden,Credit Card,Mobile,18,1934.36,3,5803.08,0.0,0.0,19,6,5,6,1
Male,Adana,Sports,Debit Card,Mobile,18,610.72,3,1783.41,48.75,0.03,7,6,3,4,1
Female,Bursa,Sports,Credit Card,Tablet,48,240.41,2,480.82,0.0,0.0,17,8,8,3,0
Male,Konya,Fashion,Credit Card,Desktop,45,1800.31,1,1410.32,389.99,0.22,19,12,2,3,1
Female,Istanbul,Food,Credit Card,Mobile,47,61.71,1,61.71,0.0,0.0,12,9,8,3,0
Female,Gaziantep,Beauty,Bank Transfer,Mobile,31,39.32,5,196.6,0.0,0.0,5,13,3,1,0
Male,Istanbul,Electronics,Bank Transfer,Mobile,29,2644.21,2,4687.08,601.34,0.11,12,4,4,3,1
Male,Istanbul,Beauty,Debit Card,Mobile,46,239.39,2,458.75,20.03,0.04,23,13,8,1,0
Male,Bursa,Fashion,Digital Wallet,Mobile,38,190.0,2,380.0,0.0,0.0,24,8,7,5,1
Female,Istanbul,Electronics,Credit Card,Mobile,24,164.61,1,136.19,28.42,0.17,15,12,1,4,1
Female,Adana,Electronics,Debit Card,Mobile,39,399.4,2,798.8,0.0,0.0,5,9,10,4,1
Female,Gaziantep,Fashion,Credit Card,Desktop,36,702.39,2,1404.78,0.0,0.0,24,8,6,1,0
Male,Antalya,Electronics,Credit Card,Mobile,41,1427.26,1,1277.3,149.96,0.11,12,14,12,2,0
Male,Antalya,Home & Garden,Credit Card,Mobile,33,311.36,1,264.79,46.57,0.15,10,11,11,0,1
Female,Konya,Home & Garden,Cash on Delivery,Mobile,18,448.51,1,448.51,0.0,0.0,19,11,4,5,0
Male,Izmir,Home & Garden,Debit Card,Desktop,25,149.17,2,298.34,0.0,0.0,2,5,5,1,1
Male,Ankara,Fashion,Debit Card,Desktop,30,118.93,2,237.86,0.0,0.0,7,5,1,2,1
Male,Istanbul,Fashion,Digital Wallet,Desktop,41,343.86,5,1719.3,0.0,0.0,6,9,7,3,0
Female,Istanbul,Home & Garden,Cash on Delivery,Desktop,22,437.56,2,875.12,0.0,0.0,12,6,4,6,1
Male,Ankara,Toys,Debit Card,Mobile,44,113.19,3,339.57,0.0,0.0,18,9,1,0,0
Female,Ankara,Fashion,Cash on Delivery,Mobile,35,280.36,5,1401.8,0.0,0.0,20,5,9,4,0
Female,Kayseri,Electronics,Debit Card,Tablet,50,3219.13,4,12876.52,0.0,0.0,7,6,5,2,0
Male,Istanbul,Beauty,Debit Card,Desktop,29,340.48,2,680.96,0.0,0.0,14,4,1,4,1
Male,Adana,Beauty,Debit Card,Mobile,27,71.55,1,71.55,0.0,0.0,13,9,3,1,1
Male,Ankara,Beauty,Debit Card,Desktop,26,29.38,1,29.38,0.0,0.0,4,7,11,5,0
Male,Istanbul,Fashion,Credit Card,Desktop,38,80.98,5,404.9,0.0,0.0,22,11,10,4,0
Male,Istanbul,Books,Credit Card,Mobile,54,12.22,2,23.58,0.86,0.04,6,10,2,0,1
Male,Antalya,Home & Garden,Bank Transfer,Tablet,37,106.17,3,318.51,0.0,0.0,10,6,10,4,1
Female,Kayseri,Beauty,Credit Card,Mobile,72,51.04,1,51.04,0.0,0.0,14,6,8,6,0
Male,Bursa,Sports,Digital Wallet,Desktop,23,907.39,1,826.98,80.41,0.09,24,7,3,5,1
Male,Ankara,Toys,Credit Card,Tablet,26,199.67,1,145.76,53.91,0.27,19,9,1,5,0
Male,Ankara,Beauty,Debit Card,Mobile,32,163.89,1,163.89,0.0,0.0,7,9,5,4,0
Male,Istanbul,Beauty,Credit Card,Desktop,36,253.91,1,253.91,0.0,0.0,8,9,6,1,0
Male,Eskisehir,Fashion,Digital Wallet,Mobile,28,198.8,1,147.94,50.86,0.26,19,10,3,1,1
Female,Bursa,Home & Garden,Credit Card,Mobile,41,1087.17,2,2174.34,0.0,0.0,3,14,3,5,0
Female,Adana,Food,Bank Transfer,Desktop,18,34.71,1,34.71,0.0,0.0,29,6,1,1,1
Male,Istanbul,Electronics,Digital Wallet,Desktop,22,1552.8,4,6211.2,0.0,0.0,13,10,4,3,1
Male,Bursa,Beauty,Digital Wallet,Desktop,22,54.48,2,108.96,0.0,0.0,13,16,8,5,0
Female,Gaziantep,Fashion,Credit Card,Desktop,39,220.64,5,1080.74,22.46,0.02,22,5,4,3,0
Male,Adana,Toys,Digital Wallet,Desktop,39,141.81,1,141.81,0.0,0.0,11,14,11,2,0
Male,Bursa,Electronics,Bank Transfer,Mobile,18,1200.53,4,4802.12,0.0,0.0,10,11,9,2,0
Male,Bursa,Fashion,Credit Card,Mobile,43,158.29,5,751.1,40.35,0.05,2,7,11,6,1
Male,Kayseri,Food,Debit Card,Mobile,30,106.09,1,106.09,0.0,0.0,9,13,8,2,1
Male,Izmir,Food,Debit Card,Desktop,45,100.05,5,500.25,0.0,0.0,18,11,3,6,1
Male,Ankara,Beauty,Credit Card,Mobile,18,41.04,2,82.08,0.0,0.0,16,7,11,2,1
Female,Istanbul,Books,Credit Card,Tablet,25,22.43,4,89.72,0.0,0.0,14,9,9,0,0
Female,Izmir,Books,Debit Card,Mobile,29,38.55,5,192.75,0.0,0.0,11,5,9,1,1
Male,Izmir,Fashion,Credit Card,Mobile,36,336.78,2,673.56,0.0,0.0,7,11,9,2,1
Female,Adana,Sports,Debit Card,Tablet,33,128.59,1,120.04,8.55,0.07,18,14,11,0,1
Female,Izmir,Home & Garden,Digital Wallet,Mobile,39,907.02,2,1566.03,248.01,0.14,22,9,1,2,1
Male,Izmir,Beauty,Credit Card,Desktop,18,403.17,1,403.17,0.0,0.0,16,10,1,3,1
Female,Istanbul,Electronics,Debit Card,Desktop,27,1783.81,2,3066.18,501.44,0.14,7,5,1,0,1
Male,Izmir,Sports,Bank Transfer,Mobile,18,147.34,1,147.34,0.0,0.0,12,12,11,2,0
Other,Antalya,Books,Debit Card,Mobile,38,16.9,2,33.8,0.0,0.0,8,6,10,4,1
Female,Istanbul,Fashion,Bank Transfer,Tablet,19,656.45,1,656.45,0.0,0.0,10,7,10,0,1
Female,Istanbul,Home & Garden,Credit Card,Mobile,46,1038.99,1,974.71,64.28,0.06,11,10,7,1,0
Male,Istanbul,Electronics,Credit Card,Desktop,18,2395.61,3,6876.09,310.74,0.04,17,11,10,4,1
Male,Bursa,Sports,Bank Transfer,Mobile,36,288.48,1,288.48,0.0,0.0,28,11,5,0,1
Female,Konya,Home & Garden,Digital Wallet,Tablet,45,635.52,3,1794.36,112.2,0.06,19,7,12,3,0
Female,Istanbul,Home & Garden,Credit Card,Tablet,48,113.93,2,227.86,0.0,0.0,13,10,1,0,1
Male,Konya,Fashion,Digital Wallet,Desktop,20,96.23,2,192.46,0.0,0.0,26,13,3,3,0
Male,Istanbul,Fashion,Credit Card,Mobile,47,473.55,1,473.55,0.0,0.0,7,13,12,4,1
Female,Kayseri,Sports,Digital Wallet,Desktop,20,2207.18,1,1549.86,657.32,0.3,14,8,5,5,1
Male,Ankara,Home & Garden,Debit Card,Mobile,44,154.79,5,773.95,0.0,0.0,18,10,12,4,1
Male,Kayseri,Beauty,Debit Card,Desktop,43,53.79,1,39.16,14.63,0.27,12,11,10,3,0
Male,Istanbul,Food,Credit Card,Mobile,33,117.98,5,583.91,5.99,0.01,12,11,11,5,0
Female,Eskisehir,Electronics,Credit Card,Mobile,24,599.26,1,599.26,0.0,0.0,6,6,8,2,1
Male,Adana,Home & Garden,Bank Transfer,Tablet,27,353.9,1,324.57,29.33,0.08,29,12,3,0,0
Female,Adana,Books,Debit Card,Tablet,32,19.46,2,36.81,2.11,0.05,20,9,3,5,1
Female,Istanbul,Books,Bank Transfer,Tablet,35,50.04,4,194.34,5.82,0.03,12,10,1,6,0
Other,Ankara,Books,Debit Card,Desktop,18,35.4,2,67.66,3.14,0.04,26,8,1,0,0
Male,Istanbul,Sports,Debit Card,Desktop,40,367.11,4,1468.44,0.0,0.0,10,7,11,0,0
Female,Antalya,Electronics,Credit Card,Tablet,38,1232.62,2,2230.07,235.17,0.1,24,12,11,6,1
Female,Adana,Electronics,Credit Card,Mobile,18,3773.35,3,10323.69,996.36,0.09,19,10,1,0,0
Male,Izmir,Home & Garden,Digital Wallet,Mobile,32,260.93,4,1011.51,32.21,0.03,7,12,10,5,1
Female,Bursa,Toys,Bank Transfer,Mobile,27,216.72,1,216.72,0.0,0.0,20,7,8,5,0
Male,Istanbul,Books,Bank Transfer,Tablet,35,79.14,1,70.7,8.44,0.11,16,9,3,3,1
Male,Adana,Beauty,Digital Wallet,Mobile,32,112.84,2,225.68,0.0,0.0,8,8,10,1,1
Female,Izmir,Sports,Credit Card,Mobile,53,510.29,1,510.29,0.0,0.0,22,8,6,5,1
Female,Bursa,Fashion,Digital Wallet,Desktop,55,289.02,2,578.04,0.0,0.0,21,8,3,2,0
Female,Adana,Toys,Credit Card,Desktop,23,312.39,1,312.39,0.0,0.0,22,12,12,4,0
Male,Izmir,Fashion,Credit Card,Mobile,40,660.12,2,1320.24,0.0,0.0,17,11,5,0,1
Male,Izmir,Toys,Bank Transfer,Mobile,39,116.29,4,465.16,0.0,0.0,1,10,6,4,0
Male,Konya,Food,Credit Card,Mobile,47,43.67,1,43.67,0.0,0.0,6,10,1,0,0
Male,Konya,Toys,Credit Card,Mobile,24,509.08,1,509.08,0.0,0.0,19,9,12,1,1
Male,Istanbul,Beauty,Credit Card,Mobile,35,50.63,5,243.26,9.89,0.04,11,9,11,1,1
Female,Istanbul,Toys,Digital Wallet,Desktop,46,99.16,1,99.16,0.0,0.0,11,9,4,5,1
Female,Kayseri,Beauty,Credit Card,Mobile,32,258.29,1,258.29,0.0,0.0,4,6,11,4,0
Male,Adana,Books,Digital Wallet,Mobile,25,51.81,5,259.05,0.0,0.0,9,7,12,4,0
Male,Ankara,Food,Credit Card,Mobile,39,81.79,1,81.79,0.0,0.0,7,5,1,5,1
Female,Ankara,Toys,Digital Wallet,Mobile,59,54.83,3,164.49,0.0,0.0,19,9,10,2,1
Male,Eskisehir,Books,Credit Card,Mobile,36,46.79,2,93.58,0.0,0.0,10,7,5,4,1
Male,Istanbul,Fashion,Debit Card,Mobile,42,274.43,3,776.25,47.04,0.06,27,9,1,1,1
Male,Adana,Beauty,Credit Card,Mobile,31,336.14,5,1680.7,0.0,0.0,23,7,1,6,0
Male,Antalya,Toys,Credit Card,Tablet,33,281.58,1,281.58,0.0,0.0,6,11,2,0,1
Male,Istanbul,Food,Debit Card,Desktop,57,37.54,1,37.54,0.0,0.0,10,7,1,3,0
Female,Istanbul,Books,Debit Card,Mobile,22,136.26,1,136.26,0.0,0.0,33,15,10,2,1
Female,Konya,Electronics,Credit Card,Tablet,37,311.32,5,1556.6,0.0,0.0,2,10,3,1,0
Male,Eskisehir,Fashion,Bank Transfer,Desktop,44,256.66,2,462.3,51.02,0.1,23,8,6,0,1
Male,Bursa,Beauty,Credit Card,Desktop,32,99.12,5,495.6,0.0,0.0,5,7,3,1,1
Female,Gaziantep,Electronics,Bank Transfer,Desktop,36,1827.6,4,7166.8,143.6,0.02,17,12,5,0,1
Male,Kayseri,Food,Credit Card,Desktop,18,106.17,1,106.17,0.0,0.0,9,8,11,3,0
Male,Istanbul,Fashion,Bank Transfer,Mobile,31,212.61,4,850.44,0.0,0.0,11,9,12,5,0
Female,Bursa,Fashion,Bank Transfer,Desktop,38,198.21,1,198.21,0.0,0.0,20,6,1,0,1
Female,Istanbul,Sports,Credit Card,Mobile,22,333.33,1,296.49,36.84,0.11,17,11,5,0,0
Female,Izmir,Toys,Cash on Delivery,Desktop,32,37.07,2,64.15,9.99,0.13,14,5,12,2,0
Male,Istanbul,Books,Digital Wallet,Mobile,21,51.08,5,255.4,0.0,0.0,23,8,6,5,0
Female,Bursa,Home & Garden,Credit Card,Desktop,34,910.13,1,663.43,246.7,0.27,9,7,7,6,1
Female,Gaziantep,Food,Credit Card,Desktop,22,8.92,1,8.92,0.0,0.0,11,7,6,3,1
Female,Bursa,Fashion,Credit Card,Desktop,42,254.32,2,508.64,0.0,0.0,6,7,2,0,1
Female,Istanbul,Beauty,Cash on Delivery,Desktop,52,32.82,1,32.82,0.0,0.0,2,7,6,3,1
Female,Bursa,Sports,Credit Card,Mobile,18,816.99,4,3113.29,154.67,0.05,8,5,2,4,1
Female,Istanbul,Toys,Debit Card,Mobile,36,74.12,1,58.38,15.74,0.21,29,8,4,4,1
Male,Eskisehir,Electronics,Credit Card,Desktop,38,2663.53,1,2663.53,0.0,0.0,12,12,11,3,1
Male,Konya,Food,Digital Wallet,Mobile,36,74.34,4,297.36,0.0,0.0,16,13,12,1,1
Male,Istanbul,Food,Digital Wallet,Desktop,30,21.21,3,63.63,0.0,0.0,3,6,7,6,1
Male,Izmir,Food,Debit Card,Desktop,18,83.28,1,69.2,14.08,0.17,5,12,5,0,1
Female,Bursa,Electronics,Digital Wallet,Desktop,37,1516.2,4,6064.8,0.0,0.0,35,9,7,2,1
Female,Gaziantep,Fashion,Credit Card,Mobile,37,57.09,1,57.09,0.0,0.0,8,9,2,1,1
Female,Eskisehir,Home & Garden,Credit Card,Mobile,26,466.49,1,466.49,0.0,0.0,4,8,5,5,1
Female,Konya,Electronics,Credit Card,Mobile,47,1637.82,2,3275.64,0.0,0.0,23,5,3,0,1
Male,Izmir,Fashion,Debit Card,Mobile,46,369.08,1,369.08,0.0,0.0,19,19,6,6,1
Female,Ankara,Beauty,Credit Card,Tablet,18,93.74,3,259.2,22.02,0.08,10,7,2,3,1
Male,Bursa,Beauty,Credit Card,Mobile,43,30.1,4,120.4,0.0,0.0,27,7,4,5,0
Male,Bursa,Books,Digital Wallet,Desktop,29,17.74,2,30.23,5.25,0.15,15,9,3,4,0
Male,Ankara,Books,Debit Card,Desktop,36,73.48,2,146.96,0.0,0.0,4,11,7,5,0
Male,Izmir,Books,Credit Card,Mobile,41,76.37,1,76.37,0.0,0.0,14,7,1,2,0
Female,Konya,Electronics,Digital Wallet,Desktop,44,1125.35,1,1125.35,0.0,0.0,25,4,8,6,1
Male,Eskisehir,Sports,Debit Card,Desktop,40,283.62,1,283.62,0.0,0.0,26,9,1,0,1
Male,Istanbul,Books,Digital Wallet,Mobile,49,79.6,1,79.6,0.0,0.0,7,9,11,6,1
Female,Adana,Sports,Digital Wallet,Mobile,50,284.16,1,284.16,0.0,0.0,5,4,1,2,1
Male,Istanbul,Sports,Digital Wallet,Mobile,37,319.4,5,1597.0,0.0,0.0,7,12,3,4,1
Female,Istanbul,Books,Credit Card,Desktop,51,19.36,3,58.08,0.0,0.0,9,12,2,1,1
Male,Gaziantep,Home & Garden,Digital Wallet,Mobile,24,906.6,1,906.6,0.0,0.0,22,14,10,0,1
Male,Gaziantep,Fashion,Digital Wallet,Mobile,26,143.13,2,286.26,0.0,0.0,29,6,12,2,1
Male,Antalya,Fashion,Credit Card,Mobile,51,72.2,2,124.71,19.69,0.14,19,10,3,4,0
Female,Istanbul,Sports,Credit Card,Mobile,26,751.31,1,575.73,175.58,0.23,22,11,7,6,1
Male,Adana,Electronics,Bank Transfer,Mobile,28,1927.25,5,9636.25,0.0,0.0,20,9,10,3,0
Female,Ankara,Sports,Debit Card,Mobile,18,817.5,1,712.69,104.81,0.13,13,12,2,4,1
Female,Eskisehir,Sports,Credit Card,Desktop,18,258.35,2,516.7,0.0,0.0,12,10,9,0,1
Female,Izmir,Food,Debit Card,Mobile,49,150.13,1,150.13,0.0,0.0,14,9,9,4,1
Female,Ankara,Home & Garden,Digital Wallet,Mobile,26,463.13,3,1389.39,0.0,0.0,13,15,12,1,1
Female,Adana,Beauty,Credit Card,Desktop,28,34.21,4,136.84,0.0,0.0,18,10,7,2,0
Female,Ankara,Beauty,Debit Card,Mobile,32,32.13,4,121.68,6.84,0.05,1,10,6,3,1
Female,Istanbul,Toys,Credit Card,Mobile,37,132.88,2,236.1,29.66,0.11,16,10,10,0,1
Female,Istanbul,Beauty,Cash on Delivery,Desktop,57,194.88,4,768.42,11.1,0.01,20,10,5,1,1
Female,Istanbul,Books,Bank Transfer,Desktop,48,60.96,1,60.96,0.0,0.0,10,12,10,6,1
Male,Gaziantep,Toys,Digital Wallet,Desktop,36,80.06,1,68.48,11.58,0.14,2,10,7,1,0
Female,Bursa,Sports,Digital Wallet,Desktop,27,514.23,5,2472.03,99.12,0.04,11,12,11,1,1
Female,Konya,Food,Debit Card,Tablet,18,51.84,5,253.64,5.56,0.02,14,8,9,0,0
Female,Izmir,Fashion,Credit Card,Mobile,41,657.45,1,657.45,0.0,0.0,12,13,2,5,1
Male,Ankara,Beauty,Bank Transfer,Mobile,32,49.52,1,49.52,0.0,0.0,17,13,8,0,1
Male,Adana,Electronics,Credit Card,Mobile,30,1614.36,2,3069.18,159.54,0.05,24,9,10,3,1
Male,Ankara,Electronics,Credit Card,Desktop,24,1768.86,2,3537.72,0.0,0.0,15,12,6,2,0
Female,Izmir,Beauty,Debit Card,Mobile,23,48.95,1,48.95,0.0,0.0,11,9,6,3,1
Male,Istanbul,Fashion,Credit Card,Mobile,29,123.69,1,123.69,0.0,0.0,21,12,10,3,0
Male,Izmir,Electronics,Debit Card,Mobile,29,443.53,1,443.53,0.0,0.0,10,7,1,2,0
Female,Istanbul,Fashion,Credit Card,Mobile,18,281.19,3,843.57,0.0,0.0,17,4,6,0,0
Female,Bursa,Sports,Credit Card,Mobile,32,477.43,4,1865.48,44.24,0.02,8,4,2,6,1
Female,Ankara,Home & Garden,Digital Wallet,Desktop,41,660.42,1,557.92,102.5,0.16,10,10,12,1,1
Male,Gaziantep,Home & Garden,Debit Card,Mobile,18,528.56,1,528.56,0.0,0.0,24,8,3,0,0
Female,Adana,Sports,Bank Transfer,Mobile,29,609.38,5,3046.9,0.0,0.0,8,11,9,6,1
Male,Kayseri,Home & Garden,Digital Wallet,Mobile,44,677.0,3,2031.0,0.0,0.0,14,10,1,6,1
Male,Ankara,Food,Credit Card,Mobile,51,117.19,1,117.19,0.0,0.0,4,8,3,6,1
Female,Istanbul,Food,Bank Transfer,Mobile,54,185.5,3,526.36,30.14,0.05,14,10,10,0,0
Female,Istanbul,Electronics,Credit Card,Mobile,40,912.38,5,4561.9,0.0,0.0,24,13,5,0,1
Male,Istanbul,Fashion,Debit Card,Mobile,18,840.56,1,840.56,0.0,0.0,17,11,1,2,0
Female,Bursa,Books,Digital Wallet,Desktop,20,45.89,1,42.43,3.46,0.08,8,6,9,0,0
Female,Konya,Beauty,Cash on Delivery,Mobile,64,180.82,4,723.28,0.0,0.0,7,8,11,4,0
Female,Istanbul,Home & Garden,Debit Card,Tablet,34,601.2,4,2274.11,130.69,0.05,21,9,12,4,0
Other,Ankara,Food,Credit Card,Mobile,18,19.67,1,19.67,0.0,0.0,18,13,2,0,0
Male,Izmir,Toys,Debit Card,Tablet,30,101.57,1,101.57,0.0,0.0,17,9,5,4,1
Male,Izmir,Sports,Digital Wallet,Desktop,35,213.77,1,213.77,0.0,0.0,3,8,5,2,0
Male,Konya,Sports,Credit Card,Mobile,47,263.81,3,791.43,0.0,0.0,21,6,8,2,1
Female,Antalya,Beauty,Credit Card,Mobile,26,358.67,5,1761.04,32.31,0.02,12,11,2,2,1
Female,Istanbul,Fashion,Digital Wallet,Desktop,36,165.02,1,165.02,0.0,0.0,7,13,2,6,1
Female,Antalya,Fashion,Credit Card,Mobile,41,214.36,1,214.36,0.0,0.0,8,7,2,1,0
Male,Bursa,Food,Credit Card,Mobile,36,11.72,1,11.72,0.0,0.0,27,8,3,3,0
Male,Bursa,Electronics,Credit Card,Desktop,40,1999.27,2,3998.54,0.0,0.0,18,5,2,2,1
Female,Antalya,Books,Bank Transfer,Desktop,41,150.69,4,602.76,0.0,0.0,7,9,7,3,1
Other,Istanbul,Food,Credit Card,Mobile,47,28.72,4,114.88,0.0,0.0,20,10,3,5,0
Female,Konya,Food,Credit Card,Desktop,30,121.47,1,109.32,12.15,0.1,13,9,6,3,1
Female,Antalya,Fashion,Credit Card,Desktop,58,277.94,4,1046.93,64.83,0.06,14,7,3,5,1
Male,Ankara,Fashion,Debit Card,Desktop,25,105.03,1,105.03,0.0,0.0,25,6,3,0,1
Male,Istanbul,Sports,Debit Card,Mobile,27,285.63,3,856.89,0.0,0.0,31,2,11,6,0
Male,Izmir,Home & Garden,Debit Card,Mobile,22,62.17,1,62.17,0.0,0.0,23,9,2,1,1
Male,Kayseri,Toys,Credit Card,Desktop,21,216.16,2,369.05,63.27,0.15,10,8,12,1,1
Male,Ankara,Sports,Debit Card,Mobile,42,265.35,5,1326.75,0.0,0.0,14,7,7,1,1
Male,Bursa,Sports,Bank Transfer,Desktop,46,725.33,5,3626.65,0.0,0.0,12,7,3,1,0
Male,Ankara,Beauty,Debit Card,Mobile,33,144.91,1,144.91,0.0,0.0,11,8,6,0,1
Female,Ankara,Fashion,Debit Card,Mobile,28,369.47,1,369.47,0.0,0.0,9,8,3,6,0
Male,Antalya,Electronics,Debit Card,Tablet,44,758.95,2,1409.61,108.29,0.07,6,7,11,5,1
Male,Ankara,Sports,Bank Transfer,Mobile,41,417.27,5,1987.6,98.75,0.05,5,4,1,1,1
Female,Konya,Home & Garden,Digital Wallet,Mobile,34,172.79,1,141.96,30.83,0.18,16,9,8,2,0
Male,Adana,Fashion,Bank Transfer,Mobile,28,91.46,2,182.92,0.0,0.0,24,10,12,2,0
Male,Kayseri,Home & Garden,Debit Card,Desktop,43,584.64,1,584.64,0.0,0.0,15,5,4,6,0
Female,Adana,Beauty,Digital Wallet,Desktop,26,169.77,1,137.84,31.93,0.19,23,4,2,2,1
Female,Istanbul,Toys,Credit Card,Desktop,42,138.25,1,138.25,0.0,0.0,23,8,12,6,0
Female,Istanbul,Beauty,Credit Card,Desktop,28,149.29,4,597.16,0.0,0.0,12,4,2,1,1
Male,Kayseri,Toys,Credit Card,Mobile,60,171.19,2,342.38,0.0,0.0,22,10,6,5,0
Male,Ankara,Food,Cash on Delivery,Desktop,53,122.83,1,109.87,12.96,0.11,12,10,2,3,1
Male,Antalya,Sports,Digital Wallet,Desktop,35,214.15,2,428.3,0.0,0.0,4,4,2,2,0
Male,Adana,Home & Garden,Digital Wallet,Mobile,45,331.61,2,663.22,0.0,0.0,17,7,11,3,1
Female,Kayseri,Toys,Debit Card,Desktop,22,83.04,1,83.04,0.0,0.0,3,7,6,4,1
Female,Antalya,Beauty,Credit Card,Desktop,35,30.79,1,26.52,4.27,0.14,10,5,8,5,1
Female,Konya,Toys,Debit Card,Desktop,41,76.98,1,57.39,19.59,0.25,29,8,5,0,1
Female,Istanbul,Fashion,Digital Wallet,Mobile,41,158.36,1,125.91,32.45,0.2,11,8,8,5,1
Female,Kayseri,Sports,Digital Wallet,Tablet,22,175.93,2,342.42,9.44,0.03,7,10,4,5,1
Female,Adana,Sports,Credit Card,Desktop,40,176.2,1,176.2,0.0,0.0,31,10,3,0,0
Female,Bursa,Home & Garden,Credit Card,Mobile,25,342.63,1,342.63,0.0,0.0,22,12,5,4,1
Female,Istanbul,Home & Garden,Credit Card,Desktop,40,1023.65,1,1023.65,0.0,0.0,6,15,8,6,1
Male,Bursa,Fashion,Bank Transfer,Desktop,24,125.06,5,600.08,25.22,0.04,14,9,4,5,1
Male,Adana,Toys,Credit Card,Desktop,33,197.36,1,197.36,0.0,0.0,31,5,2,2,1
Female,Gaziantep,Beauty,Credit Card,Desktop,43,94.74,5,462.5,11.2,0.02,6,10,8,2,1
Female,Bursa,Home & Garden,Bank Transfer,Desktop,34,56.64,2,113.28,0.0,0.0,32,8,12,1,1
Male,Istanbul,Sports,Debit Card,Mobile,27,245.99,4,932.99,50.97,0.05,16,9,1,6,0
Female,Konya,Toys,Digital Wallet,Desktop,45,143.87,2,259.37,28.37,0.1,10,10,11,6,0
Female,Bursa,Home & Garden,Credit Card,Tablet,24,854.06,1,630.93,223.13,0.26,6,10,4,5,1
Female,Izmir,Electronics,Debit Card,Mobile,33,5164.64,3,14099.66,1394.26,0.09,11,8,1,6,1
Female,Istanbul,Fashion,Credit Card,Desktop,46,314.02,2,628.04,0.0,0.0,19,9,12,4,0
Male,Gaziantep,Home & Garden,Digital Wallet,Mobile,37,631.56,5,3157.8,0.0,0.0,9,12,1,0,0
Male,Izmir,Fashion,Credit Card,Mobile,30,1151.78,4,4607.12,0.0,0.0,9,6,10,5,0
Male,Istanbul,Books,Digital Wallet,Mobile,39,83.3,4,333.2,0.0,0.0,3,7,6,0,0
Male,Istanbul,Toys,Credit Card,Mobile,21,109.19,2,193.27,25.11,0.11,5,10,8,1,1
Female,Gaziantep,Home & Garden,Debit Card,Tablet,38,1123.05,1,1123.05,0.0,0.0,30,14,6,5,1
Female,Istanbul,Fashion,Cash on Delivery,Desktop,45,91.73,1,91.73,0.0,0.0,16,15,12,4,1
Male,Istanbul,Beauty,Digital Wallet,Desktop,36,129.57,1,129.57,0.0,0.0,5,10,4,1,1
Female,Bursa,Toys,Debit Card,Mobile,43,99.37,2,198.74,0.0,0.0,14,10,6,3,1
Female,Istanbul,Home & Garden,Credit Card,Desktop,47,940.98,5,4578.08,126.82,0.03,8,10,9,4,0
Male,Bursa,Books,Debit Card,Tablet,32,31.73,1,31.73,0.0,0.0,11,6,4,0,0
Female,Ankara,Home & Garden,Credit Card,Desktop,25,712.9,2,1425.8,0.0,0.0,15,4,4,6,1
Female,Bursa,Beauty,Bank Transfer,Desktop,37,51.55,5,257.75,0.0,0.0,10,11,11,2,1
Male,Izmir,Beauty,Debit Card,Mobile,41,113.22,1,113.22,0.0,0.0,5,8,2,1,0
Female,Eskisehir,Books,Debit Card,Mobile,29,15.07,1,11.23,3.84,0.25,11,7,4,5,0
Female,Istanbul,Books,Credit Card,Mobile,43,131.13,1,131.13,0.0,0.0,10,9,4,5,0
Male,Istanbul,Toys,Bank Transfer,Mobile,41,181.88,1,155.46,26.42,0.15,14,9,1,3,1
Male,Izmir,Beauty,Digital Wallet,Desktop,45,17.81,1,17.81,0.0,0.0,15,8,4,3,1
Female,Izmir,Sports,Debit Card,Desktop,40,1176.65,4,4706.6,0.0,0.0,8,11,9,2,0
Female,Ankara,Food,Credit Card,Mobile,39,34.8,5,174.0,0.0,0.0,9,11,1,4,0
Male,Istanbul,Sports,Debit Card,Desktop,58,1784.75,4,6648.75,490.25,0.07,8,5,1,0,1
Female,Gaziantep,Electronics,Debit Card,Mobile,39,1312.56,2,2625.12,0.0,0.0,15,8,9,5,1
Male,Istanbul,Electronics,Debit Card,Mobile,29,607.57,5,3037.85,0.0,0.0,10,5,3,0,1
Male,Bursa,Home & Garden,Credit Card,Mobile,22,823.08,1,823.08,0.0,0.0,23,7,5,6,0
Male,Antalya,Home & Garden,Bank Transfer,Desktop,53,102.22,1,102.22,0.0,0.0,9,8,5,3,1
Female,Ankara,Electronics,Debit Card,Desktop,26,1129.19,2,2258.38,0.0,0.0,2,13,5,1,1
Female,Ankara,Beauty,Debit Card,Mobile,31,73.52,1,53.88,19.64,0.27,12,2,2,1,1
Female,Izmir,Toys,Credit Card,Tablet,50,190.51,5,952.55,0.0,0.0,14,12,2,5,1
Female,Ankara,Books,Credit Card,Mobile,33,110.84,1,110.84,0.0,0.0,15,17,6,3,0
Female,Istanbul,Sports,Digital Wallet,Mobile,40,816.36,2,1632.72,0.0,0.0,20,13,11,5,1
Female,Istanbul,Home & Garden,Credit Card,Tablet,39,1563.79,2,3127.58,0.0,0.0,34,9,5,6,1
Female,Ankara,Books,Credit Card,Tablet,25,28.06,1,28.06,0.0,0.0,17,9,2,4,1
Female,Istanbul,Beauty,Debit Card,Mobile,30,61.36,2,122.72,0.0,0.0,11,8,7,6,0
Female,Eskisehir,Home & Garden,Debit Card,Mobile,31,672.97,2,1345.94,0.0,0.0,14,12,7,1,0
Female,Ankara,Home & Garden,Digital Wallet,Mobile,37,453.05,3,1297.82,61.33,0.05,19,12,1,2,1
Male,Istanbul,Fashion,Debit Card,Desktop,24,390.83,5,1954.15,0.0,0.0,20,7,3,3,1
Male,Antalya,Food,Credit Card,Mobile,23,116.09,3,348.27,0.0,0.0,23,5,11,1,1
Male,Antalya,Beauty,Credit Card,Mobile,42,55.63,2,102.78,8.48,0.08,13,8,3,2,0
Male,Ankara,Sports,Debit Card,Mobile,23,233.41,4,933.64,0.0,0.0,40,11,1,0,0
Male,Bursa,Fashion,Credit Card,Mobile,47,255.81,4,986.1,37.14,0.04,11,7,1,1,0
Male,Ankara,Electronics,Bank Transfer,Mobile,18,576.33,4,2305.32,0.0,0.0,24,11,9,5,1
Male,Ankara,Beauty,Debit Card,Mobile,37,104.11,1,104.11,0.0,0.0,9,6,1,4,1
Female,Gaziantep,Home & Garden,Credit Card,Desktop,32,357.1,1,315.24,41.86,0.12,29,8,3,4,0
Male,Izmir,Food,Debit Card,Desktop,46,42.12,1,42.12,0.0,0.0,18,8,9,4,1
Female,Ankara,Fashion,Credit Card,Desktop,39,94.88,2,189.76,0.0,0.0,53,15,8,1,0
Female,Izmir,Home & Garden,Bank Transfer,Mobile,46,445.45,2,833.1,57.8,0.06,26,11,9,0,1
Male,Ankara,Fashion,Credit Card,Desktop,25,585.96,1,585.96,0.0,0.0,6,12,7,0,0
Female,Izmir,Home & Garden,Debit Card,Tablet,42,144.54,1,144.54,0.0,0.0,39,9,4,1,1
Female,Kayseri,Fashion,Bank Transfer,Desktop,32,669.82,1,669.82,0.0,0.0,9,9,4,5,1
Other,Ankara,Electronics,Cash on Delivery,Mobile,18,883.79,3,2585.38,65.99,0.02,6,10,3,4,0
Male,Kayseri,Toys,Debit Card,Desktop,25,109.94,1,109.94,0.0,0.0,19,8,5,5,1
Female,Ankara,Food,Debit Card,Mobile,43,35.61,2,68.31,2.91,0.04,8,8,5,5,1
Female,Izmir,Fashion,Credit Card,Mobile,18,53.25,1,50.54,2.71,0.05,16,14,1,6,1
Female,Izmir,Sports,Credit Card,Mobile,31,289.01,4,1115.27,40.77,0.04,23,4,11,2,1
Female,Izmir,Food,Credit Card,Desktop,25,32.91,5,162.4,2.15,0.01,32,14,11,1,1
Male,Bursa,Food,Bank Transfer,Desktop,19,80.73,5,403.65,0.0,0.0,25,13,2,0,1
Female,Istanbul,Books,Credit Card,Desktop,35,38.3,4,149.5,3.7,0.02,13,7,9,1,0
Female,Ankara,Fashion,Cash on Delivery,Desktop,23,66.88,2,133.76,0.0,0.0,6,8,11,5,1
Female,Izmir,Beauty,Debit Card,Tablet,29,220.2,1,220.2,0.0,0.0,14,8,5,3,0
Female,Istanbul,Home & Garden,Cash on Delivery,Mobile,57,593.52,3,1780.56,0.0,0.0,12,14,10,6,1
Male,Istanbul,Food,Debit Card,Mobile,34,25.38,1,25.38,0.0,0.0,18,8,11,5,1
Female,Ankara,Toys,Debit Card,Mobile,34,109.49,2,203.53,15.45,0.07,8,6,9,4,0
Male,Istanbul,Beauty,Debit Card,Mobile,26,195.25,3,539.39,46.36,0.08,21,12,7,3,1
Female,Gaziantep,Books,Credit Card,Mobile,18,36.45,1,30.28,6.17,0.17,17,9,12,0,0
Male,Istanbul,Fashion,Credit Card,Desktop,27,412.63,1,412.63,0.0,0.0,27,10,5,2,0
Male,Ankara,Books,Cash on Delivery,Desktop,41,17.25,3,50.68,1.07,0.02,14,17,8,1,0
Female,Istanbul,Beauty,Bank Transfer,Desktop,38,175.06,2,350.12,0.0,0.0,7,6,1,5,1
Female,Bursa,Books,Credit Card,Mobile,34,34.14,5,170.7,0.0,0.0,4,11,8,6,0
Male,Eskisehir,Fashion,Debit Card,Mobile,25,135.83,3,407.49,0.0,0.0,38,11,1,0,1
Female,Bursa,Home & Garden,Bank Transfer,Desktop,38,258.26,1,258.26,0.0,0.0,3,7,8,3,1
Other,Ankara,Home & Garden,Debit Card,Mobile,24,203.54,1,172.7,30.84,0.15,27,14,7,5,1
Male,Istanbul,Books,Digital Wallet,Tablet,53,55.62,1,55.62,0.0,0.0,16,7,11,3,0
Female,Adana,Sports,Debit Card,Tablet,48,758.03,5,3650.02,140.13,0.04,25,10,3,4,0
Female,Bursa,Beauty,Bank Transfer,Tablet,36,253.75,1,231.15,22.6,0.09,14,5,3,2,1
Female,Ankara,Books,Digital Wallet,Tablet,28,38.04,5,186.32,3.88,0.02,8,6,6,3,0
Male,Kayseri,Home & Garden,Digital Wallet,Mobile,48,126.72,1,126.72,0.0,0.0,10,10,7,5,1
Female,Konya,Food,Credit Card,Tablet,47,31.33,2,62.66,0.0,0.0,11,10,3,5,1
Female,Kayseri,Electronics,Digital Wallet,Mobile,44,4051.08,1,4051.08,0.0,0.0,2,13,6,0,0
Female,Gaziantep,Home & Garden,Credit Card,Desktop,60,533.72,5,2668.6,0.0,0.0,7,14,1,4,0
Female,Gaziantep,Beauty,Credit Card,Desktop,39,147.14,1,125.47,21.67,0.15,5,9,5,6,1
Male,Ankara,Food,Bank Transfer,Mobile,23,117.99,2,235.98,0.0,0.0,6,10,4,2,1
Male,Istanbul,Home & Garden,Credit Card,Desktop,18,935.46,1,935.46,0.0,0.0,18,10,7,3,0
Female,Istanbul,Electronics,Bank Transfer,Mobile,37,205.86,1,191.24,14.62,0.07,30,8,3,2,0
Female,Ankara,Food,Credit Card,Desktop,47,32.92,1,32.92,0.0,0.0,13,10,4,0,1
Female,Izmir,Sports,Credit Card,Mobile,46,963.76,3,2702.44,188.84,0.07,11,7,11,5,1
Male,Bursa,Sports,Debit Card,Mobile,27,605.84,3,1721.93,95.59,0.05,12,13,12,2,1
Female,Izmir,Food,Digital Wallet,Desktop,47,61.23,1,53.66,7.57,0.12,17,11,12,6,0
Female,Gaziantep,Toys,Credit Card,Mobile,48,196.68,5,983.4,0.0,0.0,12,6,7,3,1
Female,Antalya,Books,Credit Card,Mobile,28,104.53,3,313.59,0.0,0.0,20,13,7,5,1
Female,Bursa,Fashion,Credit Card,Mobile,23,269.79,3,809.37,0.0,0.0,15,7,4,5,0
Male,Ankara,Toys,Debit Card,Desktop,42,161.82,1,161.82,0.0,0.0,6,9,8,2,1
Female,Adana,Home & Garden,Credit Card,Desktop,33,112.61,3,337.83,0.0,0.0,39,10,2,6,0
Female,Gaziantep,Electronics,Digital Wallet,Desktop,37,1239.73,1,1115.48,124.25,0.1,17,6,12,6,0
Male,Istanbul,Electronics,Credit Card,Mobile,35,491.74,2,915.15,68.33,0.07,13,13,4,3,1
Male,Istanbul,Fashion,Debit Card,Desktop,33,923.5,1,923.5,0.0,0.0,16,7,7,4,0
Male,Istanbul,Toys,Credit Card,Tablet,51,121.5,1,121.5,0.0,0.0,31,7,8,3,0
Female,Istanbul,Beauty,Debit Card,Mobile,37,62.57,3,178.71,9.0,0.05,10,10,2,5,1
Male,Bursa,Home & Garden,Credit Card,Mobile,42,621.14,5,3105.7,0.0,0.0,16,7,10,3,1
Male,Gaziantep,Books,Debit Card,Mobile,33,38.51,1,38.51,0.0,0.0,3,8,8,3,0
Male,Ankara,Food,Debit Card,Desktop,20,25.17,2,50.34,0.0,0.0,22,5,3,6,0
Female,Kayseri,Toys,Bank Transfer,Desktop,41,48.1,2,96.2,0.0,0.0,19,8,7,0,1
Male,Ankara,Beauty,Credit Card,Desktop,36,52.48,1,52.48,0.0,0.0,24,7,7,5,0
Female,Kayseri,Food,Credit Card,Mobile,29,58.0,3,174.0,0.0,0.0,30,13,2,3,0
Female,Ankara,Electronics,Digital Wallet,Mobile,34,1897.1,1,1897.1,0.0,0.0,21,11,1,2,1
Female,Adana,Books,Debit Card,Mobile,46,79.71,2,138.44,20.98,0.13,9,11,9,6,1
Male,Adana,Home & Garden,Credit Card,Mobile,32,243.43,1,243.43,0.0,0.0,18,14,11,4,1
Male,Adana,Home & Garden,Credit Card,Desktop,39,542.96,1,542.96,0.0,0.0,33,9,6,3,0
Male,Antalya,Home & Garden,Credit Card,Desktop,52,1217.93,1,1217.93,0.0,0.0,17,6,7,4,0
Male,Konya,Fashion,Debit Card,Mobile,50,306.31,1,306.31,0.0,0.0,10,8,5,1,1
Female,Eskisehir,Beauty,Debit Card,Desktop,18,50.19,1,50.19,0.0,0.0,19,12,7,0,0
Other,Bursa,Electronics,Digital Wallet,Desktop,35,351.67,1,351.67,0.0,0.0,31,8,2,6,0
Female,Istanbul,Food,Credit Card,Mobile,40,152.36,1,152.36,0.0,0.0,11,8,11,6,1
Other,Gaziantep,Electronics,Credit Card,Desktop,43,876.89,2,1753.78,0.0,0.0,19,12,12,6,0
Male,Bursa,Toys,Debit Card,Desktop,38,120.24,1,108.66,11.58,0.1,17,13,11,6,1
Female,Gaziantep,Sports,Bank Transfer,Mobile,43,189.85,4,759.4,0.0,0.0,34,8,2,1,1
Male,Izmir,Books,Bank Transfer,Mobile,23,18.49,1,16.07,2.42,0.13,11,8,3,3,0
Female,Izmir,Home & Garden,Digital Wallet,Desktop,51,672.23,2,1344.46,0.0,0.0,33,10,2,4,1
Female,Gaziantep,Sports,Credit Card,Mobile,24,274.82,2,485.36,64.28,0.12,3,13,9,6,1
Female,Bursa,Food,Digital Wallet,Mobile,20,67.66,2,135.32,0.0,0.0,7,8,10,5,1
Male,Istanbul,Beauty,Digital Wallet,Mobile,18,66.94,3,200.82,0.0,0.0,8,8,7,1,1
Female,Istanbul,Food,Credit Card,Mobile,33,56.31,5,270.3,11.25,0.04,15,10,4,4,1
Male,Istanbul,Food,Credit Card,Mobile,22,17.16,2,34.32,0.0,0.0,14,3,5,1,1
Female,Konya,Books,Debit Card,Tablet,34,50.46,1,43.75,6.71,0.13,25,10,12,2,1
Female,Istanbul,Books,Credit Card,Desktop,21,15.46,1,14.38,1.08,0.07,15,5,7,3,1
Male,Ankara,Food,Credit Card,Mobile,24,129.47,3,388.41,0.0,0.0,21,9,5,2,1
Female,Istanbul,Toys,Credit Card,Mobile,39,49.53,1,46.8,2.73,0.06,11,8,7,4,0
Male,Istanbul,Beauty,Credit Card,Desktop,18,50.75,5,249.84,3.91,0.02,19,11,11,3,1
Male,Adana,Electronics,Debit Card,Desktop,20,3051.01,3,9153.03,0.0,0.0,10,8,8,3,1
Female,Kayseri,Electronics,Digital Wallet,Desktop,22,1220.01,4,4880.04,0.0,0.0,19,12,2,2,1
Male,Izmir,Sports,Credit Card,Desktop,44,242.67,1,242.67,0.0,0.0,18,7,3,0,1
Male,Istanbul,Food,Debit Card,Mobile,34,107.92,1,107.92,0.0,0.0,22,10,12,3,1
Male,Antalya,Food,Digital Wallet,Desktop,43,140.01,1,116.81,23.2,0.17,13,9,1,6,0
Male,Antalya,Books,Credit Card,Mobile,38,14.42,4,57.68,0.0,0.0,8,10,5,5,1
Male,Izmir,Beauty,Debit Card,Desktop,31,93.65,4,374.6,0.0,0.0,3,15,4,4,0
Male,Antalya,Toys,Debit Card,Desktop,49,128.92,2,257.84,0.0,0.0,33,9,6,5,1
Female,Gaziantep,Fashion,Credit Card,Desktop,35,541.49,1,420.3,121.19,0.22,8,6,10,6,0
Male,Istanbul,Fashion,Credit Card,Desktop,21,225.65,4,902.6,0.0,0.0,22,4,3,5,1
Female,Bursa,Home & Garden,Credit Card,Mobile,25,742.93,3,2228.79,0.0,0.0,9,10,9,5,0
Male,Konya,Fashion,Digital Wallet,Mobile,47,309.32,3,927.96,0.0,0.0,53,7,11,2,1
Female,Konya,Electronics,Digital Wallet,Desktop,42,1770.42,1,1663.87,106.55,0.06,10,13,11,1,1
Male,Adana,Books,Credit Card,Mobile,48,44.32,1,44.32,0.0,0.0,4,9,3,5,1
Male,Gaziantep,Books,Cash on Delivery,Desktop,32,37.39,2,74.78,0.0,0.0,13,4,10,5,0
Male,Istanbul,Home & Garden,Bank Transfer,Desktop,31,246.03,4,984.12,0.0,0.0,13,9,1,6,0
Male,Ankara,Books,Digital Wallet,Tablet,27,26.41,1,26.41,0.0,0.0,32,11,11,0,0
Male,Adana,Books,Cash on Delivery,Mobile,28,89.32,1,89.32,0.0,0.0,4,6,10,6,1
Male,Kayseri,Beauty,Debit Card,Desktop,34,71.37,1,71.37,0.0,0.0,12,9,2,3,0
Female,Istanbul,Sports,Cash on Delivery,Desktop,40,755.61,5,3778.05,0.0,0.0,21,10,1,6,1
Female,Istanbul,Food,Credit Card,Desktop,32,174.31,1,157.97,16.34,0.09,16,12,12,2,0
Female,Ankara,Beauty,Debit Card,Tablet,18,116.72,4,447.84,19.04,0.04,8,7,5,5,0
Male,Ankara,Books,Credit Card,Mobile,48,140.48,4,561.92,0.0,0.0,10,10,4,0,1
Female,Izmir,Electronics,Digital Wallet,Mobile,25,929.21,5,4646.05,0.0,0.0,14,10,1,1,1
Male,Istanbul,Fashion,Credit Card,Tablet,36,367.83,1,337.67,30.16,0.08,21,11,7,6,0
Female,Izmir,Food,Debit Card,Desktop,19,89.9,1,89.9,0.0,0.0,24,5,12,5,0
Female,Adana,Sports,Credit Card,Desktop,37,231.52,5,1157.6,0.0,0.0,16,8,2,5,0
Male,Kayseri,Electronics,Bank Transfer,Desktop,32,2699.1,2,4917.33,480.87,0.09,23,8,1,2,0
Male,Izmir,Books,Credit Card,Mobile,43,14.61,2,29.22,0.0,0.0,11,4,3,3,0
Female,Istanbul,Sports,Debit Card,Mobile,29,248.89,5,1213.6,30.85,0.02,11,6,10,0,0
Male,Bursa,Home & Garden,Credit Card,Desktop,34,155.49,3,445.11,21.36,0.05,18,7,12,1,0
Male,Ankara,Beauty,Digital Wallet,Mobile,42,90.99,1,90.99,0.0,0.0,11,8,8,3,1
Female,Izmir,Home & Garden,Cash on Delivery,Mobile,50,382.03,2,764.06,0.0,0.0,13,7,3,0,0
Female,Bursa,Books,Debit Card,Desktop,21,59.34,3,178.02,0.0,0.0,9,14,9,4,1
Female,Adana,Toys,Cash on Delivery,Mobile,30,207.2,2,414.4,0.0,0.0,18,16,4,1,1
Female,Izmir,Beauty,Digital Wallet,Desktop,39,64.15,2,128.3,0.0,0.0,5,11,9,2,1
Male,Antalya,Toys,Debit Card,Mobile,32,179.27,3,537.81,0.0,0.0,12,9,11,5,0
Female,Izmir,Beauty,Credit Card,Mobile,43,28.39,1,28.39,0.0,0.0,13,10,1,1,1
Male,Ankara,Books,Debit Card,Tablet,37,33.26,1,33.26,0.0,0.0,5,7,12,0,1
Male,Istanbul,Food,Bank Transfer,Mobile,35,92.68,4,370.72,0.0,0.0,5,7,8,1,1
Male,Izmir,Fashion,Bank Transfer,Mobile,52,337.05,1,337.05,0.0,0.0,8,11,3,4,0
Female,Izmir,Home & Garden,Cash on Delivery,Mobile,34,580.0,1,580.0,0.0,0.0,8,8,2,3,0
Female,Gaziantep,Home & Garden,Digital Wallet,Mobile,39,892.5,4,3468.87,101.13,0.03,6,14,8,0,1
Male,Gaziantep,Electronics,Debit Card,Mobile,44,952.19,1,952.19,0.0,0.0,33,8,1,4,1
Male,Ankara,Fashion,Credit Card,Desktop,47,269.58,5,1347.9,0.0,0.0,19,7,11,3,0
Female,Kayseri,Food,Bank Transfer,Mobile,30,35.98,5,175.76,4.14,0.02,2,13,11,0,1
Male,Konya,Electronics,Credit Card,Mobile,39,3521.58,1,3521.58,0.0,0.0,3,9,11,3,1
Female,Bursa,Beauty,Debit Card,Mobile,32,107.44,3,322.32,0.0,0.0,10,10,10,5,1
Female,Ankara,Fashion,Digital Wallet,Mobile,39,174.28,1,154.22,20.06,0.12,18,11,6,2,0
Male,Antalya,Food,Bank Transfer,Mobile,44,56.48,3,169.44,0.0,0.0,13,8,12,5,1
Male,Istanbul,Sports,Credit Card,Desktop,41,260.52,1,222.91,37.61,0.14,13,5,3,3,1
Male,Izmir,Books,Debit Card,Mobile,25,75.52,1,75.52,0.0,0.0,7,17,11,1,1
Female,Izmir,Fashion,Debit Card,Mobile,48,350.76,4,1351.23,51.81,0.04,22,10,7,4,0
Male,Istanbul,Fashion,Debit Card,Mobile,46,175.37,3,526.11,0.0,0.0,17,10,9,4,1
Female,Istanbul,Food,Cash on Delivery,Mobile,39,33.52,2,67.04,0.0,0.0,22,10,1,6,0
Male,Gaziantep,Books,Credit Card,Desktop,60,64.23,3,192.69,0.0,0.0,22,8,3,6,0
Female,Ankara,Books,Credit Card,Tablet,43,38.26,1,38.26,0.0,0.0,10,8,1,6,1
Female,Ankara,Home & Garden,Debit Card,Mobile,42,239.92,1,239.92,0.0,0.0,18,11,3,5,1
Male,Antalya,Electronics,Credit Card,Mobile,28,1682.35,3,5047.05,0.0,0.0,10,8,6,0,0
Male,Istanbul,Electronics,Bank Transfer,Desktop,18,1804.73,3,5085.93,328.26,0.06,6,6,10,1,1
Female,Istanbul,Books,Debit Card,Mobile,40,24.73,1,24.73,0.0,0.0,5,16,5,3,0
Female,Kayseri,Toys,Digital Wallet,Desktop,29,299.45,2,598.9,0.0,0.0,7,7,1,2,1
Male,Bursa,Fashion,Digital Wallet,Desktop,32,603.92,2,1207.84,0.0,0.0,12,6,2,4,1
Male,Istanbul,Toys,Debit Card,Mobile,44,76.59,1,76.59,0.0,0.0,19,9,8,5,1
Male,Istanbul,Food,Credit Card,Tablet,34,62.6,4,250.4,0.0,0.0,11,13,12,6,0
Male,Izmir,Food,Debit Card,Desktop,38,166.67,5,833.35,0.0,0.0,10,7,6,6,1
Male,Antalya,Home & Garden,Digital Wallet,Desktop,47,269.47,1,269.47,0.0,0.0,4,9,6,1,1
Female,Istanbul,Beauty,Credit Card,Mobile,42,66.52,2,133.04,0.0,0.0,12,5,11,4,1
Female,Izmir,Electronics,Debit Card,Mobile,54,3579.67,1,3579.67,0.0,0.0,10,7,11,6,1
Female,Izmir,Books,Cash on Delivery,Desktop,39,25.37,1,25.37,0.0,0.0,25,9,5,0,1
Male,Antalya,Beauty,Credit Card,Desktop,67,144.92,5,705.72,18.88,0.03,4,7,10,2,1
Female,Ankara,Toys,Bank Transfer,Mobile,18,182.27,1,182.27,0.0,0.0,21,12,4,2,1
Female,Ankara,Home & Garden,Credit Card,Mobile,18,319.51,1,273.35,46.16,0.14,9,11,10,2,1
Male,Ankara,Food,Credit Card,Tablet,36,67.47,5,325.34,12.01,0.04,7,11,6,4,0
Female,Antalya,Fashion,Credit Card,Mobile,23,501.52,2,1003.04,0.0,0.0,1,8,2,5,1
Male,Adana,Electronics,Credit Card,Desktop,35,1677.85,2,3355.7,0.0,0.0,17,5,9,2,0
Female,Izmir,Books,Credit Card,Mobile,43,29.25,2,58.5,0.0,0.0,4,5,1,1,0
Male,Gaziantep,Electronics,Debit Card,Desktop,43,2102.0,3,5729.07,576.93,0.09,4,12,2,2,1
Male,Ankara,Fashion,Digital Wallet,Desktop,34,439.35,2,878.7,0.0,0.0,21,7,3,2,1
Female,Eskisehir,Electronics,Digital Wallet,Desktop,18,1460.68,1,1460.68,0.0,0.0,9,8,9,4,0
Male,Ankara,Food,Credit Card,Desktop,24,52.2,2,104.4,0.0,0.0,15,12,1,6,1
Female,Istanbul,Beauty,Digital Wallet,Desktop,24,117.6,1,117.6,0.0,0.0,10,10,8,3,1
Female,Bursa,Books,Debit Card,Mobile,43,103.34,1,103.34,0.0,0.0,20,8,10,5,1
Female,Istanbul,Books,Credit Card,Mobile,28,69.52,4,278.08,0.0,0.0,40,9,1,0,0
Male,Antalya,Sports,Debit Card,Mobile,18,227.16,1,227.16,0.0,0.0,9,6,7,0,0
Female,Ankara,Sports,Credit Card,Mobile,32,194.41,1,194.41,0.0,0.0,26,8,1,1,0
Female,Istanbul,Books,Credit Card,Mobile,39,44.85,1,44.85,0.0,0.0,20,12,1,4,1
Male,Ankara,Fashion,Debit Card,Mobile,26,238.75,1,224.07,14.68,0.06,16,14,9,6,0
Female,Istanbul,Beauty,Digital Wallet,Mobile,28,66.38,1,51.56,14.82,0.22,10,11,3,3,1
Female,Konya,Home & Garden,Debit Card,Mobile,21,282.58,1,282.58,0.0,0.0,12,10,12,3,0
Male,Istanbul,Fashion,Bank Transfer,Mobile,54,287.19,1,287.19,0.0,0.0,9,10,5,0,0
Male,Bursa,Home & Garden,Credit Card,Mobile,22,320.76,1,320.76,0.0,0.0,17,12,3,5,1
Male,Bursa,Beauty,Debit Card,Mobile,33,166.69,1,166.69,0.0,0.0,4,8,6,5,0
Male,Bursa,Books,Debit Card,Mobile,34,22.97,1,22.97,0.0,0.0,9,9,11,4,1
Male,Bursa,Home & Garden,Digital Wallet,Desktop,34,1518.15,3,4554.45,0.0,0.0,24,10,1,0,0
Female,Adana,Electronics,Debit Card,Mobile,32,982.26,2,1964.52,0.0,0.0,11,6,8,3,1
Male,Gaziantep,Fashion,Credit Card,Mobile,40,149.07,5,745.35,0.0,0.0,14,6,3,2,1
Female,Izmir,Electronics,Credit Card,Mobile,18,1429.49,4,5496.54,221.42,0.04,13,10,7,1,1
Female,Antalya,Electronics,Digital Wallet,Desktop,45,2341.54,4,9366.16,0.0,0.0,1,10,7,5,1
Male,Istanbul,Fashion,Bank Transfer,Mobile,18,177.98,5,861.61,28.29,0.03,9,9,2,6,0
Female,Bursa,Home & Garden,Credit Card,Mobile,48,884.81,5,4424.05,0.0,0.0,31,13,1,2,1
Male,Izmir,Food,Credit Card,Desktop,23,25.46,1,25.46,0.0,0.0,11,11,5,6,0
Male,Bursa,Beauty,Digital Wallet,Desktop,18,88.54,1,70.9,17.64,0.2,21,5,5,5,0
Male,Antalya,Food,Debit Card,Desktop,39,253.81,1,225.65,28.16,0.11,14,8,5,1,0
Male,Izmir,Toys,Debit Card,Mobile,31,141.71,2,251.52,31.9,0.11,9,4,8,2,1
Male,Antalya,Food,Bank Transfer,Mobile,39,18.18,1,18.18,0.0,0.0,8,14,7,6,0
Male,Ankara,Home & Garden,Credit Card,Mobile,19,1210.46,1,1210.46,0.0,0.0,4,9,7,6,0
Female,Istanbul,Fashion,Digital Wallet,Mobile,18,509.89,1,509.89,0.0,0.0,12,5,2,2,1
Female,Izmir,Food,Digital Wallet,Mobile,21,50.14,4,197.95,2.61,0.01,42,13,5,2,1
Female,Bursa,Electronics,Debit Card,Mobile,40,2869.05,1,2470.9,398.15,0.14,15,7,10,5,0
Female,Konya,Beauty,Credit Card,Tablet,39,83.67,1,83.67,0.0,0.0,17,11,10,2,0
Female,Izmir,Home & Garden,Digital Wallet,Mobile,49,301.9,1,301.9,0.0,0.0,22,7,1,5,1
Male,Antalya,Home & Garden,Debit Card,Mobile,42,473.45,3,1312.64,107.71,0.08,3,7,12,4,1
Female,Ankara,Electronics,Digital Wallet,Desktop,18,1310.74,5,6553.7,0.0,0.0,18,8,1,0,0
Male,Konya,Toys,Credit Card,Desktop,34,75.57,5,377.85,0.0,0.0,22,4,3,0,1
Male,Eskisehir,Books,Bank Transfer,Mobile,18,87.3,2,174.6,0.0,0.0,3,11,2,1,0
Female,Istanbul,Beauty,Credit Card,Mobile,42,43.39,3,123.17,7.0,0.05,35,7,11,0,1
Female,Gaziantep,Sports,Bank Transfer,Mobile,56,71.21,1,71.21,0.0,0.0,23,15,12,4,0
Male,Ankara,Fashion,Credit Card,Desktop,25,71.38,3,207.6,6.54,0.03,11,15,10,1,0
Male,Antalya,Fashion,Credit Card,Mobile,23,274.67,2,549.34,0.0,0.0,24,16,6,2,0
Male,Istanbul,Fashion,Debit Card,Mobile,71,254.01,2,508.02,0.0,0.0,11,11,2,4,0
Female,Istanbul,Books,Digital Wallet,Mobile,18,39.94,1,39.94,0.0,0.0,7,10,12,6,0
Female,Bursa,Books,Debit Card,Mobile,38,93.94,5,469.7,0.0,0.0,10,10,9,0,0
Female,Izmir,Beauty,Digital Wallet,Mobile,18,97.9,1,97.9,0.0,0.0,5,7,1,3,1
Female,Konya,Food,Digital Wallet,Mobile,32,51.38,1,51.38,0.0,0.0,17,8,2,2,1
Female,Istanbul,Food,Bank Transfer,Desktop,39,11.65,1,11.65,0.0,0.0,18,10,7,5,1
Female,Konya,Food,Digital Wallet,Mobile,23,110.67,2,221.34,0.0,0.0,17,6,5,6,0
Male,Bursa,Fashion,Cash on Delivery,Mobile,49,66.25,5,331.25,0.0,0.0,11,11,5,0,1
Female,Istanbul,Electronics,Debit Card,Mobile,45,2799.92,3,7990.67,409.09,0.05,11,7,3,2,1
Female,Izmir,Food,Digital Wallet,Mobile,29,60.45,5,294.31,7.94,0.03,6,11,6,4,1
Female,Eskisehir,Beauty,Credit Card,Tablet,55,62.08,2,124.16,0.0,0.0,15,6,1,2,0
Female,Ankara,Beauty,Credit Card,Desktop,21,84.52,5,407.49,15.11,0.04,5,9,9,5,1
Other,Kayseri,Toys,Credit Card,Desktop,31,70.92,3,212.76,0.0,0.0,24,8,1,6,1
Female,Istanbul,Sports,Credit Card,Mobile,45,235.65,1,235.65,0.0,0.0,2,11,4,5,0
Female,Eskisehir,Sports,Debit Card,Desktop,25,261.92,4,1047.68,0.0,0.0,9,18,9,6,0
Female,Eskisehir,Sports,Bank Transfer,Mobile,32,455.21,1,337.93,117.28,0.26,17,6,9,1,0
Male,Istanbul,Sports,Digital Wallet,Mobile,32,191.49,2,359.98,23.0,0.06,16,10,4,2,0
Female,Adana,Books,Digital Wallet,Desktop,23,31.63,1,28.15,3.48,0.11,12,9,5,5,0
Female,Izmir,Beauty,Credit Card,Desktop,32,110.32,1,110.32,0.0,0.0,4,8,3,5,0
Male,Istanbul,Toys,Digital Wallet,Mobile,28,375.68,4,1502.72,0.0,0.0,4,8,9,4,1
Male,Bursa,Home & Garden,Credit Card,Mobile,44,641.47,1,539.01,102.46,0.16,10,18,9,4,1
Female,Ankara,Electronics,Digital Wallet,Mobile,55,1620.42,4,6481.68,0.0,0.0,8,9,5,1,1
Female,Izmir,Fashion,Credit Card,Desktop,40,397.87,1,349.86,48.01,0.12,22,10,1,0,0
Male,Konya,Home & Garden,Bank Transfer,Mobile,18,834.19,4,3336.76,0.0,0.0,14,7,3,5,1
Female,Adana,Food,Debit Card,Desktop,35,45.1,3,135.3,0.0,0.0,24,9,7,1,1
Female,Istanbul,Beauty,Bank Transfer,Desktop,27,133.0,2,266.0,0.0,0.0,8,9,5,1,1
Female,Gaziantep,Books,Credit Card,Desktop,23,20.96,1,20.96,0.0,0.0,14,7,9,5,0
Male,Konya,Fashion,Credit Card,Mobile,30,184.92,1,184.92,0.0,0.0,17,10,12,6,0
Female,Adana,Toys,Debit Card,Mobile,45,290.37,1,290.37,0.0,0.0,11,7,1,5,0
Male,Adana,Books,Credit Card,Desktop,30,20.37,2,36.79,3.95,0.1,9,10,1,5,1
Female,Antalya,Beauty,Bank Transfer,Desktop,20,52.53,1,45.84,6.69,0.13,15,11,3,6,1
Female,Istanbul,Books,Bank Transfer,Mobile,27,77.76,3,233.28,0.0,0.0,8,7,7,1,1
Male,Gaziantep,Fashion,Debit Card,Mobile,32,236.86,3,710.58,0.0,0.0,11,9,1,2,0
Male,Istanbul,Books,Bank Transfer,Mobile,36,109.93,1,109.93,0.0,0.0,48,10,1,5,1
Male,Ankara,Food,Debit Card,Tablet,56,40.83,2,81.66,0.0,0.0,11,7,1,6,1
Male,Konya,Books,Digital Wallet,Mobile,40,34.9,2,69.8,0.0,0.0,20,6,1,4,0
Male,Bursa,Books,Cash on Delivery,Mobile,18,116.76,3,350.28,0.0,0.0,8,15,1,4,1
Male,Bursa,Books,Credit Card,Desktop,54,49.49,5,247.45,0.0,0.0,15,16,3,2,1
Female,Antalya,Home & Garden,Bank Transfer,Mobile,45,1097.77,2,1935.23,260.31,0.12,10,9,2,6,1
Female,Istanbul,Books,Credit Card,Tablet,37,62.59,5,312.95,0.0,0.0,27,9,2,6,1
Male,Eskisehir,Beauty,Debit Card,Desktop,50,49.35,5,246.75,0.0,0.0,7,9,5,1,0
Female,Istanbul,Home & Garden,Bank Transfer,Mobile,18,325.39,1,260.79,64.6,0.2,29,12,6,2,1
Male,Konya,Home & Garden,Credit Card,Desktop,32,265.45,2,530.9,0.0,0.0,2,8,10,6,0
Female,Bursa,Books,Debit Card,Mobile,53,121.83,1,121.83,0.0,0.0,19,7,6,0,0
Female,Istanbul,Books,Credit Card,Desktop,37,28.73,1,28.73,0.0,0.0,16,9,9,3,0
Male,Bursa,Electronics,Credit Card,Desktop,24,2019.23,3,6057.69,0.0,0.0,6,8,5,2,1
Male,Istanbul,Electronics,Debit Card,Mobile,27,3237.97,2,6475.94,0.0,0.0,6,8,10,1,0
Female,Adana,Electronics,Credit Card,Mobile,27,3046.3,5,14477.83,753.67,0.05,13,13,3,3,0
Female,Kayseri,Food,Digital Wallet,Mobile,20,18.3,5,91.5,0.0,0.0,9,8,8,5,1
Male,Eskisehir,Home & Garden,Debit Card,Tablet,30,2182.37,2,4364.74,0.0,0.0,13,9,4,5,1
Female,Gaziantep,Fashion,Credit Card,Mobile,48,813.22,2,1473.19,153.25,0.09,11,8,7,0,0
Female,Izmir,Sports,Digital Wallet,Mobile,25,375.39,1,375.39,0.0,0.0,8,9,7,0,1
Female,Istanbul,Electronics,Credit Card,Mobile,33,971.23,2,1833.55,108.91,0.06,25,6,11,3,1
Male,Istanbul,Fashion,Credit Card,Desktop,38,176.32,1,176.32,0.0,0.0,19,14,7,5,0
Male,Izmir,Food,Credit Card,Mobile,49,176.39,1,176.39,0.0,0.0,9,10,2,1,1
Male,Bursa,Fashion,Credit Card,Desktop,28,89.18,3,267.54,0.0,0.0,13,12,3,1,1
Male,Bursa,Beauty,Digital Wallet,Mobile,38,31.06,1,31.06,0.0,0.0,23,10,6,1,1
Male,Konya,Sports,Credit Card,Mobile,62,953.88,2,1907.76,0.0,0.0,14,11,2,5,1
Female,Ankara,Sports,Debit Card,Mobile,29,118.19,4,441.98,30.78,0.07,16,8,1,6,1
Male,Bursa,Fashion,Cash on Delivery,Desktop,45,146.12,2,292.24,0.0,0.0,42,7,12,1,1
Male,Istanbul,Beauty,Credit Card,Desktop,44,132.63,1,117.59,15.04,0.11,13,11,2,3,0
Male,Izmir,Toys,Digital Wallet,Mobile,18,150.91,2,301.82,0.0,0.0,8,11,2,2,1
Male,Antalya,Fashion,Digital Wallet,Desktop,30,712.9,1,712.9,0.0,0.0,13,11,3,4,0
Male,Istanbul,Fashion,Debit Card,Mobile,38,346.39,2,692.78,0.0,0.0,41,10,10,1,1
Female,Izmir,Sports,Credit Card,Mobile,37,73.7,2,147.4,0.0,0.0,9,13,9,1,0
Male,Antalya,Sports,Cash on Delivery,Mobile,18,571.79,1,479.5,92.29,0.16,18,11,2,4,0
Male,Istanbul,Sports,Digital Wallet,Mobile,58,1059.63,5,5192.79,105.36,0.02,16,7,7,2,1
Male,Istanbul,Fashion,Credit Card,Mobile,50,194.15,1,194.15,0.0,0.0,6,8,8,6,0
Female,Ankara,Books,Credit Card,Desktop,40,108.07,1,108.07,0.0,0.0,19,9,7,0,1
Other,Kayseri,Home & Garden,Digital Wallet,Mobile,30,743.89,2,1487.78,0.0,0.0,6,8,11,6,0
Female,Istanbul,Fashion,Credit Card,Mobile,18,374.72,4,1498.88,0.0,0.0,18,7,1,3,1
Male,Kayseri,Home & Garden,Credit Card,Mobile,29,262.87,1,220.17,42.7,0.16,17,8,11,1,1
Female,Ankara,Food,Credit Card,Desktop,49,72.9,2,145.8,0.0,0.0,19,9,4,5,0
Female,Gaziantep,Toys,Debit Card,Desktop,18,106.13,1,106.13,0.0,0.0,9,10,1,5,1
Female,Bursa,Home & Garden,Credit Card,Mobile,32,1214.17,2,2354.3,74.04,0.03,12,6,2,3,1
Male,Konya,Home & Garden,Credit Card,Desktop,21,934.88,5,4674.4,0.0,0.0,12,6,4,6,1
Male,Ankara,Fashion,Cash on Delivery,Mobile,42,125.69,2,215.07,36.31,0.14,9,11,3,2,1
Male,Adana,Electronics,Credit Card,Desktop,45,3857.82,2,7715.64,0.0,0.0,23,10,6,1,1
Male,Istanbul,Sports,Digital Wallet,Mobile,36,614.69,5,3073.45,0.0,0.0,4,9,6,0,0
Female,Ankara,Electronics,Cash on Delivery,Desktop,53,1121.67,5,5608.35,0.0,0.0,18,8,1,6,0
Male,Ankara,Beauty,Bank Transfer,Mobile,40,79.78,1,79.78,0.0,0.0,3,9,10,0,1
Male,Adana,Books,Credit Card,Mobile,23,84.3,5,421.5,0.0,0.0,9,6,8,6,0
Female,Istanbul,Fashion,Digital Wallet,Mobile,50,139.9,2,279.8,0.0,0.0,12,11,6,3,1
Female,Izmir,Beauty,Debit Card,Mobile,18,145.64,1,145.64,0.0,0.0,5,14,9,4,0
Female,Gaziantep,Books,Credit Card,Mobile,40,60.24,1,60.24,0.0,0.0,12,9,3,1,1
Male,Istanbul,Food,Debit Card,Tablet,59,25.77,3,75.51,1.8,0.02,6,13,3,1,1
Male,Bursa,Toys,Credit Card,Mobile,60,98.76,2,177.33,20.19,0.1,5,9,5,6,1
Female,Ankara,Toys,Digital Wallet,Mobile,27,63.47,1,63.47,0.0,0.0,15,9,1,4,1
Female,Kayseri,Sports,Credit Card,Tablet,39,589.24,4,2356.96,0.0,0.0,15,9,4,6,1
Male,Eskisehir,Home & Garden,Digital Wallet,Mobile,30,336.8,4,1347.2,0.0,0.0,11,11,2,1,1
Female,Antalya,Fashion,Debit Card,Desktop,37,281.75,3,808.64,36.61,0.04,11,6,2,3,0
Male,Ankara,Food,Debit Card,Tablet,60,49.39,1,49.39,0.0,0.0,14,12,1,5,1
Female,Adana,Home & Garden,Credit Card,Mobile,18,601.1,1,601.1,0.0,0.0,18,12,6,2,0
Male,Konya,Books,Credit Card,Desktop,26,22.73,1,17.23,5.5,0.24,16,9,9,5,0
Male,Gaziantep,Electronics,Digital Wallet,Mobile,37,3148.04,5,15740.2,0.0,0.0,15,10,3,0,0
Male,Ankara,Toys,Cash on Delivery,Tablet,30,153.45,2,277.47,29.43,0.1,8,9,10,0,0
Male,Adana,Home & Garden,Digital Wallet,Desktop,38,384.08,1,384.08,0.0,0.0,8,8,11,4,1
Female,Konya,Books,Credit Card,Tablet,30,54.38,5,271.9,0.0,0.0,15,8,3,5,0
Male,Adana,Home & Garden,Debit Card,Tablet,30,584.55,1,584.55,0.0,0.0,6,12,6,0,0
Female,Kayseri,Books,Debit Card,Desktop,49,33.93,2,67.86,0.0,0.0,5,10,12,6,1
Female,Konya,Books,Debit Card,Desktop,32,53.31,1,44.27,9.04,0.17,13,8,1,2,1
Female,Antalya,Electronics,Credit Card,Mobile,45,812.13,5,4060.65,0.0,0.0,5,8,4,5,0
Female,Izmir,Sports,Credit Card,Desktop,28,440.35,2,880.7,0.0,0.0,13,11,2,5,1
Male,Gaziantep,Books,Credit Card,Mobile,30,40.03,2,69.24,10.82,0.14,3,12,7,5,1
Male,Gaziantep,Food,Digital Wallet,Mobile,54,65.3,5,321.41,5.09,0.02,10,10,10,0,1
Female,Izmir,Books,Debit Card,Mobile,26,53.0,1,53.0,0.0,0.0,12,8,1,4,0
Male,Izmir,Toys,Credit Card,Mobile,35,88.56,1,67.6,20.96,0.24,24,16,2,3,0
Male,Istanbul,Food,Debit Card,Mobile,35,28.6,1,28.6,0.0,0.0,15,8,8,2,1
Male,Kayseri,Food,Debit Card,Desktop,33,49.29,5,246.45,0.0,0.0,3,9,1,0,1
Male,Konya,Toys,Credit Card,Mobile,39,335.9,2,671.8,0.0,0.0,12,4,6,6,0
Female,Ankara,Electronics,Cash on Delivery,Mobile,29,2098.95,2,4197.9,0.0,0.0,29,5,3,2,0
Male,Antalya,Electronics,Debit Card,Tablet,19,2070.84,1,1701.71,369.13,0.18,17,9,11,5,0
Male,Adana,Home & Garden,Credit Card,Mobile,29,1253.02,2,2209.32,296.72,0.12,14,6,4,2,1
Male,Ankara,Electronics,Digital Wallet,Mobile,50,3440.0,4,13760.0,0.0,0.0,13,7,2,6,0
Female,Adana,Home & Garden,Debit Card,Mobile,47,1137.38,2,2274.76,0.0,0.0,7,9,10,5,1
Female,Izmir,Sports,Digital Wallet,Mobile,39,568.76,3,1564.46,141.82,0.08,21,6,11,0,1
Male,Izmir,Food,Credit Card,Desktop,19,50.26,1,50.26,0.0,0.0,7,6,8,5,1
Female,Adana,Sports,Debit Card,Tablet,38,438.41,3,1237.58,77.65,0.06,9,8,4,0,0
Female,Antalya,Home & Garden,Credit Card,Mobile,25,939.97,5,4699.85,0.0,0.0,9,11,7,2,1
Male,Kayseri,Fashion,Digital Wallet,Desktop,46,201.44,2,402.88,0.0,0.0,22,12,3,1,1
Female,Adana,Fashion,Credit Card,Desktop,53,656.19,5,3280.95,0.0,0.0,10,14,11,2,1
Female,Istanbul,Home & Garden,Debit Card,Desktop,50,800.7,1,662.24,138.46,0.17,14,5,3,0,0
Female,Antalya,Beauty,Credit Card,Mobile,38,83.88,1,83.88,0.0,0.0,10,11,2,4,0
Male,Istanbul,Beauty,Credit Card,Desktop,32,183.13,4,712.15,20.37,0.03,25,8,6,1,0
Male,Eskisehir,Food,Credit Card,Mobile,28,116.47,3,349.41,0.0,0.0,48,7,6,1,0
Male,Konya,Beauty,Credit Card,Mobile,31,65.93,4,263.72,0.0,0.0,6,11,10,5,0
Female,Istanbul,Food,Credit Card,Mobile,28,25.98,2,51.96,0.0,0.0,8,11,10,4,0
Female,Ankara,Sports,Credit Card,Desktop,38,292.22,1,292.22,0.0,0.0,6,10,2,6,1
Male,Istanbul,Books,Digital Wallet,Mobile,31,39.77,1,39.77,0.0,0.0,12,6,1,1,0
Female,Konya,Food,Credit Card,Tablet,18,89.62,1,68.81,20.81,0.23,16,8,6,0,0
Male,Izmir,Beauty,Credit Card,Mobile,30,247.09,5,1235.45,0.0,0.0,26,9,12,5,1
Female,Gaziantep,Food,Debit Card,Tablet,35,137.27,2,274.54,0.0,0.0,11,12,10,1,0
Male,Bursa,Toys,Bank Transfer,Desktop,22,205.83,1,205.83,0.0,0.0,7,9,6,2,0
Female,Istanbul,Sports,Credit Card,Mobile,29,521.91,1,521.91,0.0,0.0,27,10,1,3,1
Male,Istanbul,Food,Credit Card,Mobile,43,37.26,5,182.75,3.55,0.02,11,9,6,0,1
Male,Konya,Electronics,Credit Card,Mobile,20,528.28,1,528.28,0.0,0.0,9,9,2,5,1
Male,Istanbul,Fashion,Digital Wallet,Mobile,18,137.71,1,137.71,0.0,0.0,10,12,8,2,0
Male,Konya,Electronics,Digital Wallet,Tablet,40,750.15,1,750.15,0.0,0.0,12,3,8,1,1
Female,Eskisehir,Home & Garden,Cash on Delivery,Desktop,45,813.32,2,1626.64,0.0,0.0,26,9,6,0,0
Male,Ankara,Food,Credit Card,Tablet,18,111.43,2,222.86,0.0,0.0,5,6,7,5,0
Male,Izmir,Food,Debit Card,Mobile,18,61.03,1,61.03,0.0,0.0,14,6,7,2,1
Female,Bursa,Fashion,Credit Card,Mobile,42,137.11,1,119.63,17.48,0.13,3,8,7,0,0
Female,Konya,Beauty,Debit Card,Mobile,26,66.95,1,66.95,0.0,0.0,34,6,11,0,1
Male,Izmir,Books,Digital Wallet,Mobile,32,42.77,1,42.77,0.0,0.0,9,6,3,4,1
Male,Izmir,Beauty,Debit Card,Tablet,43,57.26,1,50.58,6.68,0.12,13,5,3,6,1
Female,Istanbul,Toys,Credit Card,Mobile,51,314.06,4,1256.24,0.0,0.0,8,7,10,0,1
Female,Antalya,Beauty,Digital Wallet,Mobile,63,124.94,2,223.36,26.52,0.11,25,10,2,4,1
Male,Ankara,Food,Bank Transfer,Mobile,38,38.77,3,108.43,7.88,0.07,18,7,3,0,0
Male,Izmir,Beauty,Cash on Delivery,Mobile,34,254.18,2,508.36,0.0,0.0,9,17,2,5,0
Female,Istanbul,Books,Digital Wallet,Desktop,31,35.15,2,70.3,0.0,0.0,4,11,9,5,0
Male,Istanbul,Books,Debit Card,Desktop,18,84.59,2,169.18,0.0,0.0,12,7,2,0,0
Male,Bursa,Electronics,Credit Card,Desktop,29,2340.15,4,8958.5,402.1,0.04,9,14,1,6,1
Male,Istanbul,Food,Debit Card,Desktop,18,79.51,4,318.04,0.0,0.0,5,9,1,6,1
Male,Gaziantep,Beauty,Cash on Delivery,Desktop,26,188.4,2,376.8,0.0,0.0,11,7,1,2,1
Male,Istanbul,Books,Debit Card,Tablet,48,118.65,3,346.8,9.15,0.03,11,6,8,2,1
Female,Gaziantep,Toys,Debit Card,Mobile,40,97.2,2,194.4,0.0,0.0,21,8,3,4,0
Male,Antalya,Books,Bank Transfer,Mobile,34,73.62,2,129.37,17.87,0.12,9,7,7,3,0
Female,Istanbul,Home & Garden,Digital Wallet,Desktop,41,573.39,5,2830.15,36.8,0.01,3,4,5,1,0
Female,Ankara,Sports,Digital Wallet,Desktop,39,617.46,1,617.46,0.0,0.0,19,11,7,0,1
Female,Izmir,Sports,Credit Card,Mobile,18,572.97,4,2291.88,0.0,0.0,64,6,12,5,1
Male,Istanbul,Beauty,Bank Transfer,Desktop,29,62.42,1,54.75,7.67,0.12,16,10,12,5,1
Male,Adana,Sports,Credit Card,Mobile,60,111.83,2,223.66,0.0,0.0,24,13,3,5,0
Male,Bursa,Books,Debit Card,Desktop,25,50.02,3,136.19,13.87,0.09,20,6,3,0,0
Male,Antalya,Beauty,Credit Card,Desktop,36,100.04,1,72.95,27.09,0.27,7,5,9,5,0
Male,Adana,Home & Garden,Debit Card,Mobile,23,632.11,1,560.75,71.36,0.11,21,12,5,2,1
Male,Bursa,Beauty,Digital Wallet,Mobile,29,92.42,1,72.84,19.58,0.21,3,6,4,2,1
Male,Gaziantep,Home & Garden,Bank Transfer,Mobile,51,623.17,4,2492.68,0.0,0.0,14,4,6,3,1
Male,Ankara,Home & Garden,Digital Wallet,Desktop,18,501.18,3,1503.54,0.0,0.0,20,7,1,5,1
Female,Bursa,Toys,Credit Card,Mobile,59,78.11,1,78.11,0.0,0.0,15,7,2,5,0
Female,Ankara,Sports,Digital Wallet,Mobile,39,598.76,1,598.76,0.0,0.0,14,7,1,4,0
Male,Istanbul,Books,Debit Card,Desktop,35,50.83,1,41.33,9.5,0.19,9,10,3,2,1
Male,Bursa,Books,Credit Card,Mobile,18,20.51,4,77.61,4.43,0.05,4,12,5,0,1
Male,Bursa,Food,Debit Card,Mobile,39,60.37,1,60.37,0.0,0.0,20,12,7,5,0
Male,Bursa,Beauty,Debit Card,Mobile,35,53.12,4,205.36,7.12,0.03,18,10,10,1,1
Female,Antalya,Electronics,Debit Card,Mobile,40,419.29,3,1214.59,43.28,0.03,11,8,8,2,1
Male,Eskisehir,Electronics,Digital Wallet,Mobile,49,2209.35,1,2209.35,0.0,0.0,10,13,3,4,0
Male,Ankara,Fashion,Debit Card,Desktop,26,147.92,3,413.14,30.62,0.07,12,8,12,6,1
Male,Istanbul,Fashion,Credit Card,Mobile,51,76.66,1,76.66,0.0,0.0,9,9,2,6,1
Female,Ankara,Food,Digital Wallet,Desktop,24,54.17,1,54.17,0.0,0.0,11,12,9,3,1
Female,Istanbul,Toys,Credit Card,Desktop,38,43.4,5,217.0,0.0,0.0,9,9,11,4,0
Female,Konya,Home & Garden,Credit Card,Desktop,19,530.24,2,986.59,73.89,0.07,21,9,1,0,1
Female,Istanbul,Books,Credit Card,Mobile,43,53.32,4,213.28,0.0,0.0,5,9,3,0,0
Female,Istanbul,Books,Debit Card,Desktop,18,21.18,5,105.9,0.0,0.0,14,5,7,0,0
Female,Izmir,Home & Garden,Debit Card,Desktop,30,190.97,3,572.91,0.0,0.0,38,12,3,4,0
Female,Konya,Food,Credit Card,Desktop,42,112.0,2,194.5,29.5,0.13,11,4,12,1,1
Male,Ankara,Electronics,Bank Transfer,Desktop,32,1153.29,1,1153.29,0.0,0.0,13,7,2,3,1
Female,Antalya,Sports,Digital Wallet,Mobile,36,588.71,2,1131.28,46.14,0.04,20,6,1,1,1
Female,Adana,Beauty,Credit Card,Desktop,55,141.27,5,691.96,14.39,0.02,33,8,2,1,0
Male,Antalya,Home & Garden,Cash on Delivery,Mobile,52,235.8,5,1179.0,0.0,0.0,12,12,6,6,0
Male,Ankara,Food,Credit Card,Mobile,29,82.89,5,414.45,0.0,0.0,13,12,3,0,1
Female,Istanbul,Toys,Digital Wallet,Mobile,58,123.09,5,580.61,34.84,0.06,12,10,9,5,1
Male,Istanbul,Food,Digital Wallet,Mobile,38,77.51,1,77.51,0.0,0.0,15,8,1,0,1
Female,Eskisehir,Fashion,Bank Transfer,Mobile,38,288.07,2,536.47,39.67,0.07,12,12,11,2,1
Female,Kayseri,Electronics,Debit Card,Mobile,18,1760.08,1,1760.08,0.0,0.0,18,5,1,2,0
Male,Istanbul,Books,Debit Card,Tablet,36,73.37,1,64.38,8.99,0.12,19,7,3,4,1
Male,Istanbul,Electronics,Bank Transfer,Mobile,36,1911.31,3,5733.93,0.0,0.0,5,8,12,4,0
Male,Bursa,Beauty,Bank Transfer,Desktop,18,267.26,2,534.52,0.0,0.0,15,10,2,6,0
Female,Istanbul,Electronics,Bank Transfer,Mobile,44,504.27,1,424.15,80.12,0.16,12,10,4,5,1
Other,Bursa,Electronics,Credit Card,Mobile,54,1086.3,1,1086.3,0.0,0.0,25,9,3,5,1
Male,Izmir,Home & Garden,Credit Card,Mobile,41,1016.3,2,2032.6,0.0,0.0,22,10,1,5,1
Male,Eskisehir,Fashion,Cash on Delivery,Mobile,26,342.04,2,581.88,102.2,0.15,22,4,2,3,0
Female,Bursa,Fashion,Digital Wallet,Mobile,30,192.75,3,578.25,0.0,0.0,12,10,8,5,1
Male,Gaziantep,Books,Credit Card,Desktop,28,73.85,1,73.85,0.0,0.0,26,14,2,2,0
Male,Gaziantep,Toys,Debit Card,Desktop,45,241.65,5,1176.54,31.71,0.03,7,6,6,3,1
Male,Gaziantep,Sports,Credit Card,Mobile,37,170.57,1,149.53,21.04,0.12,24,12,3,6,0
Male,Ankara,Food,Credit Card,Desktop,28,204.85,1,186.06,18.79,0.09,18,9,7,2,1
Female,Adana,Sports,Debit Card,Mobile,53,226.36,1,226.36,0.0,0.0,14,11,6,3,0
Female,Adana,Home & Garden,Credit Card,Tablet,29,691.25,1,617.64,73.61,0.11,11,6,7,0,0
Female,Izmir,Fashion,Credit Card,Desktop,20,608.26,1,524.8,83.46,0.14,24,4,10,3,1
Male,Ankara,Food,Bank Transfer,Mobile,46,41.16,4,164.64,0.0,0.0,7,8,7,3,0
Female,Adana,Sports,Debit Card,Desktop,31,480.63,3,1298.06,143.83,0.1,18,4,3,3,1
Female,Istanbul,Electronics,Digital Wallet,Tablet,28,555.8,2,1111.6,0.0,0.0,31,12,5,1,1
Male,Istanbul,Beauty,Credit Card,Tablet,27,199.4,2,398.8,0.0,0.0,13,8,2,5,1
Male,Istanbul,Sports,Digital Wallet,Mobile,60,460.59,4,1842.36,0.0,0.0,25,5,2,5,0
Male,Konya,Fashion,Debit Card,Mobile,18,149.89,1,149.89,0.0,0.0,9,10,9,3,1
Male,Istanbul,Food,Debit Card,Mobile,39,52.97,1,52.97,0.0,0.0,12,6,11,0,1
Female,Istanbul,Beauty,Debit Card,Desktop,43,210.09,1,168.42,41.67,0.2,25,6,7,4,1
Female,Ankara,Electronics,Debit Card,Mobile,30,2583.79,3,7751.37,0.0,0.0,3,10,12,4,1
Female,Istanbul,Sports,Digital Wallet,Desktop,22,1597.46,4,6389.84,0.0,0.0,5,8,7,0,1
Female,Izmir,Beauty,Digital Wallet,Desktop,22,223.37,1,223.37,0.0,0.0,7,10,1,3,1
Female,Adana,Sports,Credit Card,Desktop,36,53.24,4,212.96,0.0,0.0,13,12,7,0,1
Male,Antalya,Home & Garden,Bank Transfer,Desktop,37,565.45,1,565.45,0.0,0.0,19,15,7,6,1
Female,Antalya,Books,Digital Wallet,Mobile,25,22.31,1,22.31,0.0,0.0,24,4,8,5,1
Male,Istanbul,Beauty,Debit Card,Desktop,25,231.31,3,693.93,0.0,0.0,9,8,1,5,0
Female,Ankara,Home & Garden,Credit Card,Mobile,37,713.19,2,1362.55,63.83,0.04,7,10,1,0,1
Female,Ankara,Electronics,Digital Wallet,Desktop,40,1095.73,1,786.88,308.85,0.28,18,5,8,0,0
Male,Ankara,Sports,Debit Card,Desktop,35,87.07,3,261.21,0.0,0.0,6,8,1,3,0
Female,Konya,Beauty,Bank Transfer,Tablet,49,27.83,3,83.49,0.0,0.0,22,6,6,6,1
Male,Ankara,Home & Garden,Debit Card,Mobile,25,827.33,3,2481.99,0.0,0.0,4,12,8,4,1
Female,Ankara,Food,Credit Card,Mobile,53,44.2,1,39.67,4.53,0.1,14,7,12,0,0
Female,Gaziantep,Food,Credit Card,Mobile,44,35.85,4,143.4,0.0,0.0,5,7,2,5,0
Female,Istanbul,Home & Garden,Credit Card,Desktop,32,153.87,4,615.48,0.0,0.0,7,11,1,3,1
Female,Ankara,Sports,Debit Card,Mobile,22,587.22,2,1174.44,0.0,0.0,10,8,8,2,0
Female,Bursa,Beauty,Debit Card,Tablet,51,232.91,1,232.91,0.0,0.0,13,17,1,6,1
Female,Adana,Home & Garden,Credit Card,Desktop,25,771.73,2,1498.91,44.55,0.03,23,10,10,1,1
Female,Izmir,Food,Digital Wallet,Mobile,59,174.27,2,348.54,0.0,0.0,10,10,7,5,0
Male,Istanbul,Electronics,Debit Card,Mobile,22,1027.22,2,2054.44,0.0,0.0,11,6,8,5,0
Male,Antalya,Food,Debit Card,Desktop,18,169.34,1,145.46,23.88,0.14,14,16,9,4,0
Male,Bursa,Electronics,Credit Card,Desktop,37,2450.69,1,2450.69,0.0,0.0,31,8,2,0,1
Male,Izmir,Fashion,Credit Card,Desktop,26,347.56,1,277.16,70.4,0.2,12,11,10,2,1
Female,Istanbul,Books,Digital Wallet,Tablet,37,26.17,4,104.68,0.0,0.0,8,4,2,0,0
Male,Istanbul,Sports,Debit Card,Desktop,28,404.06,5,2020.3,0.0,0.0,15,8,12,6,1
Female,Izmir,Books,Credit Card,Desktop,32,21.5,4,86.0,0.0,0.0,12,9,2,5,1
Male,Izmir,Home & Garden,Credit Card,Desktop,35,204.11,5,1020.55,0.0,0.0,24,11,4,2,0
Male,Izmir,Books,Debit Card,Mobile,18,55.51,1,55.51,0.0,0.0,12,5,9,5,0
Male,Kayseri,Fashion,Debit Card,Tablet,33,150.41,3,451.23,0.0,0.0,12,12,3,4,1
Female,Ankara,Food,Digital Wallet,Mobile,50,178.29,1,125.07,53.22,0.3,25,9,12,4,0
Male,Izmir,Home & Garden,Credit Card,Tablet,37,961.44,1,744.3,217.14,0.23,20,5,4,2,1
Male,Kayseri,Sports,Credit Card,Desktop,43,193.87,2,387.74,0.0,0.0,10,11,2,6,0
Male,Antalya,Fashion,Credit Card,Desktop,23,125.88,1,90.44,35.44,0.28,15,11,5,2,0
Female,Istanbul,Sports,Digital Wallet,Mobile,39,270.79,4,1083.16,0.0,0.0,3,10,1,3,0
Female,Adana,Home & Garden,Credit Card,Mobile,18,249.45,1,249.45,0.0,0.0,20,10,3,0,0
Female,Gaziantep,Beauty,Credit Card,Desktop,24,63.25,2,126.5,0.0,0.0,8,12,6,4,0
Male,Kayseri,Electronics,Debit Card,Desktop,19,1657.85,1,1657.85,0.0,0.0,4,10,9,0,0
Male,Izmir,Books,Credit Card,Desktop,35,71.89,1,71.89,0.0,0.0,3,1,4,0,0
Male,Izmir,Home & Garden,Debit Card,Mobile,18,1049.63,1,1049.63,0.0,0.0,4,9,12,0,0
Male,Istanbul,Beauty,Digital Wallet,Desktop,41,166.3,2,332.6,0.0,0.0,6,10,4,5,0
Male,Gaziantep,Toys,Cash on Delivery,Mobile,48,118.84,1,108.6,10.24,0.09,9,7,4,0,1
Female,Izmir,Fashion,Digital Wallet,Desktop,39,289.96,3,869.88,0.0,0.0,11,13,2,4,0
Male,Kayseri,Beauty,Debit Card,Mobile,44,31.21,4,124.84,0.0,0.0,7,13,2,1,1
Female,Ankara,Books,Credit Card,Desktop,34,20.94,2,41.88,0.0,0.0,12,10,8,4,0
Female,Bursa,Books,Debit Card,Mobile,44,58.66,1,41.48,17.18,0.29,11,11,9,2,1
Male,Antalya,Fashion,Cash on Delivery,Desktop,46,371.31,3,1003.41,110.52,0.1,9,11,12,6,1
Female,Adana,Beauty,Bank Transfer,Mobile,39,110.03,1,110.03,0.0,0.0,8,13,6,6,1
Male,Istanbul,Books,Debit Card,Mobile,34,44.9,3,132.19,2.51,0.02,3,8,10,5,1
Male,Bursa,Home & Garden,Debit Card,Mobile,41,261.54,2,454.16,68.92,0.13,10,11,9,0,1
Male,Adana,Beauty,Debit Card,Mobile,53,66.02,1,66.02,0.0,0.0,23,11,3,6,1
Female,Istanbul,Toys,Debit Card,Desktop,28,127.29,2,254.58,0.0,0.0,9,15,1,4,1
Female,Eskisehir,Books,Debit Card,Desktop,23,18.46,3,55.38,0.0,0.0,6,8,12,5,0
Female,Adana,Books,Debit Card,Desktop,61,42.78,2,76.22,9.34,0.11,9,8,2,0,0
Male,Konya,Sports,Bank Transfer,Mobile,36,518.32,1,518.32,0.0,0.0,11,8,9,5,1
Female,Eskisehir,Sports,Credit Card,Desktop,27,218.56,1,218.56,0.0,0.0,14,14,6,6,1
Male,Istanbul,Sports,Debit Card,Desktop,42,467.56,4,1870.24,0.0,0.0,21,9,4,4,1
Male,Bursa,Fashion,Credit Card,Desktop,46,103.15,1,103.15,0.0,0.0,16,7,2,2,1
Female,Izmir,Electronics,Bank Transfer,Tablet,52,648.52,5,3242.6,0.0,0.0,4,7,8,0,0
Male,Istanbul,Home & Garden,Credit Card,Mobile,22,730.66,1,730.66,0.0,0.0,8,13,6,6,0
Male,Gaziantep,Food,Credit Card,Desktop,28,6.35,2,12.7,0.0,0.0,30,11,9,5,1
Female,Antalya,Home & Garden,Credit Card,Desktop,30,603.6,1,603.6,0.0,0.0,11,10,3,0,1
Male,Konya,Food,Credit Card,Mobile,18,74.06,2,148.12,0.0,0.0,12,10,12,2,1
Female,Izmir,Fashion,Digital Wallet,Desktop,54,154.69,1,126.89,27.8,0.18,5,9,7,2,1
Female,Istanbul,Fashion,Credit Card,Desktop,26,100.18,1,100.18,0.0,0.0,7,7,2,0,0
Male,Istanbul,Fashion,Credit Card,Tablet,41,257.62,5,1225.95,62.15,0.05,24,7,1,0,0
Female,Ankara,Electronics,Debit Card,Tablet,38,789.2,1,789.2,0.0,0.0,17,9,3,4,1
Male,Istanbul,Food,Debit Card,Mobile,23,74.07,1,74.07,0.0,0.0,5,9,9,5,1
Female,Istanbul,Toys,Credit Card,Mobile,34,120.24,2,240.48,0.0,0.0,14,10,10,1,0
Female,Eskisehir,Fashion,Digital Wallet,Mobile,38,370.31,5,1851.55,0.0,0.0,10,6,4,6,1
Male,Izmir,Electronics,Credit Card,Mobile,45,1168.95,1,1168.95,0.0,0.0,14,13,1,4,1
Female,Istanbul,Beauty,Credit Card,Mobile,45,70.69,1,70.69,0.0,0.0,4,7,3,4,0
Female,Antalya,Food,Digital Wallet,Desktop,26,87.96,2,175.92,0.0,0.0,11,7,7,0,1
Male,Ankara,Fashion,Credit Card,Desktop,21,114.07,1,114.07,0.0,0.0,15,5,7,6,0
Male,Istanbul,Home & Garden,Debit Card,Mobile,28,266.94,3,800.82,0.0,0.0,15,7,5,2,1
Female,Istanbul,Books,Debit Card,Mobile,35,26.68,1,24.47,2.21,0.08,11,3,3,5,1
Female,Istanbul,Beauty,Credit Card,Desktop,38,216.17,1,192.18,23.99,0.11,3,9,8,1,0
Male,Antalya,Toys,Bank Transfer,Mobile,35,63.25,3,189.75,0.0,0.0,2,10,12,2,1
Male,Ankara,Electronics,Digital Wallet,Mobile,41,1206.78,5,6033.9,0.0,0.0,10,5,7,2,0
Female,Bursa,Fashion,Credit Card,Mobile,48,163.1,3,457.3,32.0,0.07,5,12,5,0,1
Male,Adana,Books,Credit Card,Mobile,40,34.79,2,69.58,0.0,0.0,16,7,7,6,1
Female,Izmir,Food,Digital Wallet,Desktop,27,37.4,3,112.2,0.0,0.0,11,9,2,1,1
Female,Istanbul,Beauty,Credit Card,Desktop,18,136.91,3,410.73,0.0,0.0,9,7,8,0,1
Female,Ankara,Electronics,Credit Card,Mobile,49,2551.46,1,1799.22,752.24,0.29,8,9,10,4,0
Male,Antalya,Beauty,Credit Card,Mobile,37,58.64,5,276.81,16.39,0.06,9,14,2,4,1
Female,Konya,Home & Garden,Bank Transfer,Mobile,44,322.86,1,322.86,0.0,0.0,14,14,6,1,1
Female,Izmir,Sports,Cash on Delivery,Mobile,51,1077.36,2,2154.72,0.0,0.0,19,6,4,4,1
Male,Izmir,Food,Digital Wallet,Mobile,24,79.58,2,159.16,0.0,0.0,18,10,1,3,1
Female,Izmir,Home & Garden,Credit Card,Desktop,31,408.74,1,408.74,0.0,0.0,17,10,7,0,0
Female,Istanbul,Toys,Debit Card,Tablet,33,151.53,1,151.53,0.0,0.0,16,6,5,3,1
Male,Ankara,Books,Credit Card,Desktop,42,71.26,3,196.54,17.24,0.08,17,11,9,5,1
Male,Antalya,Electronics,Debit Card,Desktop,39,890.91,1,890.91,0.0,0.0,8,8,6,4,1
Female,Ankara,Home & Garden,Debit Card,Mobile,47,515.08,3,1545.24,0.0,0.0,12,8,4,0,1
Male,Gaziantep,Beauty,Digital Wallet,Mobile,18,159.18,2,318.36,0.0,0.0,7,9,4,6,0
Male,Istanbul,Electronics,Bank Transfer,Desktop,54,526.35,3,1579.05,0.0,0.0,20,12,8,0,0
Female,Bursa,Toys,Credit Card,Desktop,27,152.28,1,152.28,0.0,0.0,10,6,5,6,1
Female,Adana,Electronics,Credit Card,Mobile,28,429.41,2,764.79,94.03,0.11,20,10,3,1,0
Female,Istanbul,Toys,Credit Card,Desktop,28,289.01,1,289.01,0.0,0.0,11,5,12,5,1
Male,Istanbul,Electronics,Credit Card,Mobile,50,1393.07,4,5572.28,0.0,0.0,11,8,7,2,1
Female,Ankara,Sports,Bank Transfer,Desktop,36,70.14,4,280.56,0.0,0.0,17,11,8,2,0
Male,Kayseri,Home & Garden,Credit Card,Desktop,39,672.26,5,3361.3,0.0,0.0,14,7,8,1,1
Female,Istanbul,Home & Garden,Digital Wallet,Desktop,20,252.6,1,192.7,59.9,0.24,12,6,7,1,1
Female,Istanbul,Beauty,Credit Card,Desktop,37,210.25,1,210.25,0.0,0.0,18,10,3,5,1
Male,Adana,Books,Credit Card,Desktop,24,69.48,1,69.48,0.0,0.0,12,7,6,1,1
Male,Izmir,Food,Credit Card,Mobile,18,13.18,1,11.73,1.45,0.11,27,6,10,1,0
Female,Istanbul,Food,Bank Transfer,Mobile,40,107.71,5,513.15,25.4,0.05,11,15,1,1,1
Male,Istanbul,Home & Garden,Credit Card,Mobile,44,362.65,5,1733.36,79.89,0.04,12,8,9,2,1
Female,Istanbul,Beauty,Bank Transfer,Tablet,24,43.99,4,175.96,0.0,0.0,11,8,11,0,0
Male,Ankara,Electronics,Debit Card,Mobile,47,1287.11,1,955.22,331.89,0.26,4,8,2,4,1
Female,Antalya,Toys,Debit Card,Mobile,30,227.93,1,227.93,0.0,0.0,6,9,9,3,1
Male,Ankara,Food,Digital Wallet,Mobile,26,55.55,3,159.74,6.91,0.04,18,14,2,6,0
Female,Kayseri,Home & Garden,Debit Card,Mobile,24,939.58,1,939.58,0.0,0.0,21,12,10,6,1
Female,Ankara,Books,Debit Card,Mobile,39,50.15,1,50.15,0.0,0.0,19,9,6,6,0
Male,Antalya,Electronics,Credit Card,Mobile,21,969.29,5,4633.58,212.87,0.04,15,5,8,1,0
Male,Istanbul,Beauty,Credit Card,Mobile,43,244.93,1,244.93,0.0,0.0,3,6,7,6,1
Female,Istanbul,Sports,Credit Card,Mobile,45,336.19,2,672.38,0.0,0.0,7,12,3,0,0
Female,Istanbul,Sports,Credit Card,Desktop,35,457.88,2,915.76,0.0,0.0,5,8,1,2,1
Other,Istanbul,Food,Credit Card,Desktop,35,95.58,1,74.93,20.65,0.22,9,10,4,3,0
Female,Istanbul,Home & Garden,Bank Transfer,Desktop,43,1228.33,2,2456.66,0.0,0.0,6,8,1,5,1
Other,Izmir,Electronics,Bank Transfer,Desktop,36,1824.08,3,5472.24,0.0,0.0,4,8,3,0,1
Other,Istanbul,Food,Cash on Delivery,Mobile,41,84.1,1,84.1,0.0,0.0,21,5,1,6,0
Male,Istanbul,Books,Digital Wallet,Desktop,25,47.6,5,228.5,9.5,0.04,40,6,10,0,1
Female,Izmir,Beauty,Credit Card,Mobile,21,38.99,1,27.72,11.27,0.29,13,4,1,6,1
Male,Izmir,Sports,Credit Card,Mobile,19,189.59,1,189.59,0.0,0.0,8,10,7,1,0
Female,Izmir,Toys,Debit Card,Desktop,48,368.72,1,368.72,0.0,0.0,15,8,2,2,0
Female,Istanbul,Toys,Credit Card,Mobile,33,120.18,2,229.24,11.12,0.05,12,6,3,2,0
Male,Adana,Beauty,Credit Card,Desktop,43,120.67,2,233.46,7.88,0.03,10,8,3,1,1
Female,Izmir,Electronics,Debit Card,Mobile,43,565.05,1,409.84,155.21,0.27,38,8,3,5,0
Female,Izmir,Sports,Digital Wallet,Mobile,18,466.79,2,933.58,0.0,0.0,13,10,2,2,1
Male,Bursa,Home & Garden,Credit Card,Mobile,25,333.41,1,333.41,0.0,0.0,1,8,7,3,0
Female,Izmir,Home & Garden,Credit Card,Desktop,37,239.81,5,1199.05,0.0,0.0,18,8,2,1,1
Female,Kayseri,Beauty,Digital Wallet,Mobile,49,82.23,1,82.23,0.0,0.0,10,7,11,3,0
Male,Istanbul,Home & Garden,Credit Card,Mobile,21,630.83,5,2987.56,166.59,0.05,12,9,5,4,1
Female,Gaziantep,Books,Bank Transfer,Mobile,44,67.57,1,57.81,9.76,0.14,19,9,2,5,0
Male,Antalya,Books,Credit Card,Desktop,36,25.53,1,25.53,0.0,0.0,20,9,4,5,1
Female,Bursa,Food,Digital Wallet,Desktop,29,52.68,2,105.36,0.0,0.0,8,7,7,4,1
Male,Antalya,Sports,Credit Card,Mobile,54,190.99,2,381.98,0.0,0.0,15,11,12,3,0
Female,Izmir,Electronics,Digital Wallet,Mobile,28,203.03,3,561.71,47.38,0.08,5,7,4,5,1
Female,Kayseri,Beauty,Credit Card,Desktop,37,93.76,2,187.52,0.0,0.0,29,6,4,2,1
Male,Gaziantep,Home & Garden,Bank Transfer,Desktop,44,246.89,1,246.89,0.0,0.0,4,13,7,0,0
Female,Eskisehir,Food,Bank Transfer,Mobile,30,125.42,1,107.96,17.46,0.14,5,5,2,3,1
Male,Bursa,Fashion,Debit Card,Desktop,29,154.07,2,308.14,0.0,0.0,12,12,7,5,1
Male,Ankara,Sports,Credit Card,Mobile,32,428.67,2,857.34,0.0,0.0,8,6,1,5,1
Male,Konya,Food,Debit Card,Desktop,42,66.44,1,66.44,0.0,0.0,9,5,1,4,0
Male,Bursa,Fashion,Credit Card,Tablet,30,300.38,1,300.38,0.0,0.0,7,8,10,0,0
Male,Ankara,Home & Garden,Cash on Delivery,Desktop,18,522.73,1,522.73,0.0,0.0,19,12,10,6,1
Male,Kayseri,Food,Bank Transfer,Mobile,30,79.25,2,154.35,4.15,0.03,7,12,2,4,1
Female,Istanbul,Food,Cash on Delivery,Desktop,38,19.44,4,77.76,0.0,0.0,10,5,5,6,0
Female,Gaziantep,Fashion,Credit Card,Mobile,37,226.94,5,1134.7,0.0,0.0,16,9,1,4,1
Male,Antalya,Food,Credit Card,Mobile,42,63.03,4,252.12,0.0,0.0,5,4,2,2,1
Female,Bursa,Beauty,Cash on Delivery,Mobile,62,143.44,5,674.55,42.65,0.06,13,9,8,1,0
Male,Antalya,Beauty,Debit Card,Mobile,39,76.47,5,382.35,0.0,0.0,11,8,10,6,1
Female,Istanbul,Home & Garden,Credit Card,Mobile,38,503.38,3,1431.7,78.44,0.05,11,6,6,1,1
Male,Adana,Fashion,Bank Transfer,Mobile,18,378.91,3,1043.81,92.92,0.08,12,8,8,5,1
Female,Antalya,Books,Debit Card,Mobile,31,57.97,3,173.91,0.0,0.0,3,10,3,5,1
Female,Ankara,Sports,Credit Card,Mobile,43,469.69,1,388.98,80.71,0.17,12,7,8,0,0
Female,Adana,Electronics,Digital Wallet,Mobile,53,5869.68,1,5869.68,0.0,0.0,7,10,7,3,1
Female,Izmir,Home & Garden,Credit Card,Tablet,52,449.59,1,397.77,51.82,0.12,25,8,3,1,1
Female,Konya,Toys,Credit Card,Mobile,33,236.02,2,408.98,63.06,0.13,14,10,4,6,0
Female,Ankara,Home & Garden,Digital Wallet,Desktop,33,954.11,4,3816.44,0.0,0.0,28,9,1,3,1
Male,Gaziantep,Toys,Digital Wallet,Mobile,26,130.84,2,254.52,7.16,0.03,14,8,1,0,1
Female,Izmir,Food,Credit Card,Desktop,31,37.94,2,75.88,0.0,0.0,16,7,9,0,1
Female,Ankara,Fashion,Credit Card,Mobile,47,153.78,1,153.78,0.0,0.0,4,2,12,4,0
Male,Istanbul,Fashion,Credit Card,Desktop,37,102.11,5,510.55,0.0,0.0,2,9,5,0,0
Male,Istanbul,Books,Credit Card,Desktop,40,54.22,2,108.44,0.0,0.0,9,10,1,4,1
Male,Istanbul,Electronics,Credit Card,Mobile,28,513.78,1,513.78,0.0,0.0,7,8,2,3,1
Female,Istanbul,Fashion,Credit Card,Mobile,49,270.87,1,234.96,35.91,0.13,15,4,3,3,0
Male,Kayseri,Food,Digital Wallet,Mobile,38,17.64,2,34.0,1.28,0.04,12,12,4,3,1
Male,Izmir,Beauty,Digital Wallet,Desktop,25,43.31,1,33.87,9.44,0.22,55,13,11,4,0
Male,Istanbul,Home & Garden,Debit Card,Mobile,68,144.6,2,280.47,8.73,0.03,24,11,11,0,1
Female,Izmir,Food,Credit Card,Mobile,60,30.47,2,60.94,0.0,0.0,9,8,3,4,1
Male,Istanbul,Beauty,Credit Card,Mobile,29,128.3,4,513.2,0.0,0.0,23,8,10,0,0
Female,Istanbul,Home & Garden,Credit Card,Mobile,25,866.95,1,757.68,109.27,0.13,4,8,6,4,0
Male,Gaziantep,Electronics,Credit Card,Mobile,22,2650.15,2,4833.22,467.08,0.09,46,6,2,5,1
Female,Eskisehir,Beauty,Digital Wallet,Desktop,48,89.98,1,89.98,0.0,0.0,9,9,6,4,0
Female,Istanbul,Home & Garden,Credit Card,Mobile,49,85.09,5,425.45,0.0,0.0,37,11,10,4,0
Male,Istanbul,Toys,Digital Wallet,Mobile,42,88.7,4,354.8,0.0,0.0,10,8,5,5,1
Male,Bursa,Toys,Credit Card,Tablet,21,59.52,2,119.04,0.0,0.0,11,8,12,2,0
Male,Istanbul,Toys,Bank Transfer,Mobile,18,314.82,5,1539.87,34.23,0.02,18,12,6,5,1
Female,Adana,Fashion,Cash on Delivery,Desktop,18,282.6,3,847.8,0.0,0.0,17,4,8,6,0
Female,Istanbul,Home & Garden,Cash on Delivery,Desktop,41,659.99,1,659.99,0.0,0.0,21,8,5,0,1
Male,Gaziantep,Books,Credit Card,Desktop,43,47.54,1,33.48,14.06,0.3,7,10,3,3,1
Female,Bursa,Home & Garden,Debit Card,Desktop,41,182.14,1,149.48,32.66,0.18,12,4,1,3,0
Female,Adana,Home & Garden,Credit Card,Tablet,48,207.14,1,207.14,0.0,0.0,16,9,4,6,0
Male,Izmir,Books,Bank Transfer,Mobile,49,23.05,1,23.05,0.0,0.0,17,8,4,0,1
Female,Istanbul,Toys,Digital Wallet,Mobile,29,230.8,1,230.8,0.0,0.0,7,8,8,0,1
Male,Eskisehir,Fashion,Digital Wallet,Mobile,22,371.28,3,1039.81,74.03,0.07,13,4,12,6,1
Male,Izmir,Sports,Credit Card,Mobile,44,276.17,5,1380.85,0.0,0.0,2,13,7,1,0
Male,Gaziantep,Home & Garden,Cash on Delivery,Desktop,47,865.33,1,865.33,0.0,0.0,8,3,2,6,1
Female,Eskisehir,Beauty,Bank Transfer,Mobile,51,105.79,3,317.37,0.0,0.0,15,7,3,5,1
Other,Istanbul,Beauty,Credit Card,Desktop,23,152.3,5,761.5,0.0,0.0,8,9,5,3,1
Female,Istanbul,Electronics,Debit Card,Desktop,29,711.37,1,711.37,0.0,0.0,26,10,6,3,1
Female,Antalya,Beauty,Credit Card,Mobile,18,48.91,4,195.64,0.0,0.0,20,7,6,6,1
Male,Adana,Toys,Debit Card,Tablet,36,155.34,1,125.81,29.53,0.19,23,12,8,5,0
Male,Konya,Fashion,Debit Card,Mobile,29,375.22,1,375.22,0.0,0.0,9,12,12,5,0
Male,Gaziantep,Toys,Credit Card,Tablet,30,109.51,1,83.32,26.19,0.24,11,6,10,0,1
Female,Bursa,Beauty,Credit Card,Desktop,37,36.77,5,183.85,0.0,0.0,9,12,7,5,1
Male,Izmir,Fashion,Digital Wallet,Desktop,36,215.19,3,645.57,0.0,0.0,6,11,1,4,0
Male,Bursa,Toys,Cash on Delivery,Desktop,32,28.21,1,28.21,0.0,0.0,6,11,2,5,1
Male,Istanbul,Books,Debit Card,Mobile,18,26.26,2,52.52,0.0,0.0,23,8,8,6,1
